project_id,project_name,project_url,screen_id,screen_title,normalized_title,screen_url,device_type,dimensions,phase,functional_area,screen_kind,state,duplicate_candidate,duplicate_group,cross_project_overlap_candidate,notes
12272131183982732110,ActiveClinic – Juflona Pilot,https://stitch.withgoogle.com/projects/12272131183982732110,8731b06bbfa747e98e05372c9aafb3e9,Access Restricted,access restricted,,DESKTOP,2560x2048,P01,APP_SHELL,PRIMARY_SCREEN,DISABLED,false,,false,
12272131183982732110,ActiveClinic – Juflona Pilot,https://stitch.withgoogle.com/projects/12272131183982732110,9f3abb837fc3413aa128949afce0d8c4,Application Shell - Desktop,application shell   desktop,,DESKTOP,2560x2048,P01,APP_SHELL,PRIMARY_SCREEN,DEFAULT,false,,false,
12272131183982732110,ActiveClinic – Juflona Pilot,https://stitch.withgoogle.com/projects/12272131183982732110,c54b0a846c054044aa0ca05194e320ef,Dashboard - Desktop,dashboard   desktop,,DESKTOP,2560x2056,P01,DASHBOARD,PRIMARY_SCREEN,DEFAULT,true,dup_006,true,"Duplicate candidate (same flow core + device, differing titles (iteration candidate)) with 390032bf54ca44ee851673a4800f9af3; d499e36b667047e1998d38d66be6bbe2 (P27 - Juflona Patient - Dashboard Multiple Bookings - Desktop); Cross-project overlap candidate [top_level_or_patient_dashboard||DESKTOP]: related 1bb70f70b2d442bda9ec2bcfe6c9cd08 (P27 - Juflona Patient - Dashboard - Desktop); d499e36b667047e1998d38d66be6bbe2 (P27 - Juflona Patient - Dashboard Multiple Bookings - Desktop)"
12272131183982732110,ActiveClinic – Juflona Pilot,https://stitch.withgoogle.com/projects/12272131183982732110,d19b0d5c33ae42e08ca767a11b12e591,Dashboard - Mobile,dashboard   mobile,,MOBILE,780x1768,P01,DASHBOARD,PRIMARY_SCREEN,DEFAULT,true,dup_008,true,"Duplicate candidate (same flow core + device, differing titles (iteration candidate)) with 8be466d48814446ab8bb087baacc6ec9; e4c2703d85764c2cbf2f91ab890d27e3 (P27 - Juflona Patient - Dashboard - Mobile); Cross-project overlap candidate [top_level_or_patient_dashboard||MOBILE]: related e4c2703d85764c2cbf2f91ab890d27e3 (P27 - Juflona Patient - Dashboard - Mobile); 0ec2c722bd80493ea69102f61b9b36e3 (P27 - Juflona Patient - Dashboard Empty - Mobile)"
12272131183982732110,ActiveClinic – Juflona Pilot,https://stitch.withgoogle.com/projects/12272131183982732110,8bf5c500e0d14014944618029212b2c9,Login - Desktop,login   desktop,,DESKTOP,2560x2048,P01,APP_SHELL,PRIMARY_SCREEN,DEFAULT,true,dup_007,true,"Duplicate candidate (same flow core + device, differing titles (iteration candidate)) with ca8a34cf1ecb4fefa2ed31fb9873ae45; Cross-project overlap candidate [patient_staff_login||DESKTOP]: related 4bc683c012fc465681d21655ac3d1d01 (P27 - Juflona Patient - Login - Desktop)"
12272131183982732110,ActiveClinic – Juflona Pilot,https://stitch.withgoogle.com/projects/12272131183982732110,6e3cbe4963c3428196b10d3bb27421d5,Login - Mobile,login   mobile,,MOBILE,780x1768,P01,APP_SHELL,PRIMARY_SCREEN,DEFAULT,true,dup_004,true,"Duplicate candidate (same flow core + device, differing titles (iteration candidate)) with 026f619c35b04a5c8dde16eca9f7cf35; 795b6f3cce584467bdc369bd89f67419 (P27 - Juflona Patient - Login States - Mobile); Cross-project overlap candidate [patient_staff_login||MOBILE]: related 7c24084776e64719be06423d42263e61 (P27 - Juflona Patient - Login - Mobile); 795b6f3cce584467bdc369bd89f67419 (P27 - Juflona Patient - Login States - Mobile)"
12272131183982732110,ActiveClinic – Juflona Pilot,https://stitch.withgoogle.com/projects/12272131183982732110,87c5a80e0fcb40179c0d1ce7ea906762,Navigation Drawer - Mobile,navigation drawer   mobile,,MOBILE,1420x1768,P01,APP_SHELL,DRAWER,DEFAULT,true,dup_005,false,"Duplicate candidate (same flow core + device, differing titles (iteration candidate)) with 9f55cec7eb884dbebc2e01c6fb0fe58e; e5078ea281eb4f29a284cf461b1c9b85 (P27 - Juflona Patient - Mobile Navigation Pattern - Mobile); c8dc05d3e0744fcf9f0030ccbe63a172 (P24 - Juflona Booking - Mobile Navigation and Summary Pattern - Mobile)"
12272131183982732110,ActiveClinic – Juflona Pilot,https://stitch.withgoogle.com/projects/12272131183982732110,390032bf54ca44ee851673a4800f9af3,P01 – Dashboard – Desktop,p01   dashboard   desktop,,DESKTOP,2560x2176,P01,DASHBOARD,PRIMARY_SCREEN,DEFAULT,true,dup_006,false,"Duplicate candidate (same flow core + device, differing titles (iteration candidate)) with c54b0a846c054044aa0ca05194e320ef; d499e36b667047e1998d38d66be6bbe2 (P27 - Juflona Patient - Dashboard Multiple Bookings - Desktop)"
12272131183982732110,ActiveClinic – Juflona Pilot,https://stitch.withgoogle.com/projects/12272131183982732110,8be466d48814446ab8bb087baacc6ec9,P01 – Dashboard – Mobile,p01   dashboard   mobile,,MOBILE,780x2052,P01,DASHBOARD,PRIMARY_SCREEN,DEFAULT,true,dup_008,false,"Duplicate candidate (same flow core + device, differing titles (iteration candidate)) with d19b0d5c33ae42e08ca767a11b12e591; e4c2703d85764c2cbf2f91ab890d27e3 (P27 - Juflona Patient - Dashboard - Mobile)"
12272131183982732110,ActiveClinic – Juflona Pilot,https://stitch.withgoogle.com/projects/12272131183982732110,ca8a34cf1ecb4fefa2ed31fb9873ae45,P01 – Login – Desktop,p01   login   desktop,,DESKTOP,2560x2048,P01,APP_SHELL,PRIMARY_SCREEN,DEFAULT,true,dup_007,true,"Duplicate candidate (same flow core + device, differing titles (iteration candidate)) with 8bf5c500e0d14014944618029212b2c9; Cross-project overlap candidate [patient_staff_login||DESKTOP]: related 4bc683c012fc465681d21655ac3d1d01 (P27 - Juflona Patient - Login - Desktop)"
12272131183982732110,ActiveClinic – Juflona Pilot,https://stitch.withgoogle.com/projects/12272131183982732110,026f619c35b04a5c8dde16eca9f7cf35,P01 – Login – Mobile,p01   login   mobile,,MOBILE,780x1768,P01,APP_SHELL,PRIMARY_SCREEN,DEFAULT,true,dup_004,true,"Duplicate candidate (same flow core + device, differing titles (iteration candidate)) with 6e3cbe4963c3428196b10d3bb27421d5; 795b6f3cce584467bdc369bd89f67419 (P27 - Juflona Patient - Login States - Mobile); Cross-project overlap candidate [patient_staff_login||MOBILE]: related 7c24084776e64719be06423d42263e61 (P27 - Juflona Patient - Login - Mobile); 795b6f3cce584467bdc369bd89f67419 (P27 - Juflona Patient - Login States - Mobile)"
12272131183982732110,ActiveClinic – Juflona Pilot,https://stitch.withgoogle.com/projects/12272131183982732110,9f55cec7eb884dbebc2e01c6fb0fe58e,P01 – Navigation Drawer – Mobile,p01   navigation drawer   mobile,,MOBILE,780x1768,P01,APP_SHELL,DRAWER,DEFAULT,true,dup_005,false,"Duplicate candidate (same flow core + device, differing titles (iteration candidate)) with 87c5a80e0fcb40179c0d1ce7ea906762; e5078ea281eb4f29a284cf461b1c9b85 (P27 - Juflona Patient - Mobile Navigation Pattern - Mobile); c8dc05d3e0744fcf9f0030ccbe63a172 (P24 - Juflona Booking - Mobile Navigation and Summary Pattern - Mobile)"
12272131183982732110,ActiveClinic – Juflona Pilot,https://stitch.withgoogle.com/projects/12272131183982732110,01b9125044634434b60223746b815b25,P01 – Shared Application Shell – Desktop,p01   shared application shell   desktop,,DESKTOP,2560x2048,P01,APP_SHELL,PRIMARY_SCREEN,DEFAULT,false,,false,
12272131183982732110,ActiveClinic – Juflona Pilot,https://stitch.withgoogle.com/projects/12272131183982732110,9b881d25874c41f9986246c61de32f41,P01 – Shared States – Desktop,p01   shared states   desktop,,DESKTOP,2560x2048,P01,APP_SHELL,STATE_VARIANT,OTHER,false,,false,
12272131183982732110,ActiveClinic – Juflona Pilot,https://stitch.withgoogle.com/projects/12272131183982732110,91e41fecc2b64496893b52317b7ab985,P02 – Duplicate Patient Warning,p02   duplicate patient warning,,DESKTOP,2560x2048,P02,PATIENTS,STATE_VARIANT,OTHER,false,,false,
12272131183982732110,ActiveClinic – Juflona Pilot,https://stitch.withgoogle.com/projects/12272131183982732110,0c3315d05469499d9b645bc7978001bf,P02 – Edit Patient Details – Desktop,p02   edit patient details   desktop,,DESKTOP,2560x2048,P02,PATIENTS,PRIMARY_SCREEN,DEFAULT,false,,false,
12272131183982732110,ActiveClinic – Juflona Pilot,https://stitch.withgoogle.com/projects/12272131183982732110,4c6a5fe1c21c46709679f3707b8bf4dc,P02 – Edit Patient Details – Mobile,p02   edit patient details   mobile,,MOBILE,780x2496,P02,PATIENTS,PRIMARY_SCREEN,DEFAULT,false,,false,
12272131183982732110,ActiveClinic – Juflona Pilot,https://stitch.withgoogle.com/projects/12272131183982732110,5a6728d97b674200823562bb015e10ed,P02 – Patient List – Desktop,p02   patient list   desktop,,DESKTOP,2560x2048,P02,PATIENTS,PRIMARY_SCREEN,DEFAULT,false,,false,
12272131183982732110,ActiveClinic – Juflona Pilot,https://stitch.withgoogle.com/projects/12272131183982732110,58bd5e04f71340ff8d067721eb5562d4,P02 – Patient List – Mobile,p02   patient list   mobile,,MOBILE,780x1768,P02,PATIENTS,PRIMARY_SCREEN,DEFAULT,false,,false,
12272131183982732110,ActiveClinic – Juflona Pilot,https://stitch.withgoogle.com/projects/12272131183982732110,1a15f0bf4e564c4993ca33aa2d578a58,P02 – Patient Profile Overview – Desktop,p02   patient profile overview   desktop,,DESKTOP,2560x2208,P02,PATIENTS,PRIMARY_SCREEN,DEFAULT,false,,false,
12272131183982732110,ActiveClinic – Juflona Pilot,https://stitch.withgoogle.com/projects/12272131183982732110,99eb441b48a24fa19855e76669c0da86,P02 – Patient Profile Overview – Mobile,p02   patient profile overview   mobile,,MOBILE,780x2072,P02,PATIENTS,PRIMARY_SCREEN,DEFAULT,false,,false,
12272131183982732110,ActiveClinic – Juflona Pilot,https://stitch.withgoogle.com/projects/12272131183982732110,cd688e761cca43a1af299769014cb5f0,P02 – Patient Registration Success – Desktop,p02   patient registration success   desktop,,DESKTOP,2560x2048,P02,PATIENTS,SUCCESS_STATE,SUCCESS,false,,false,
12272131183982732110,ActiveClinic – Juflona Pilot,https://stitch.withgoogle.com/projects/12272131183982732110,b9615559155d41d591dbb91e18c6a090,P02 – Patient Registration Success – Mobile,p02   patient registration success   mobile,,MOBILE,780x1794,P02,PATIENTS,SUCCESS_STATE,SUCCESS,false,,false,
12272131183982732110,ActiveClinic – Juflona Pilot,https://stitch.withgoogle.com/projects/12272131183982732110,f98b2e6f2a4a4953a4d811af7b3737a2,P02 – Patient Shared States – Desktop,p02   patient shared states   desktop,,DESKTOP,2560x2048,P02,PATIENTS,STATE_VARIANT,OTHER,false,,false,
12272131183982732110,ActiveClinic – Juflona Pilot,https://stitch.withgoogle.com/projects/12272131183982732110,3c113fe684604dfcaeb8f6b2c071a6ca,P02 – Print Patient Card Preview,p02   print patient card preview,,DESKTOP,2560x2048,P02,PATIENTS,PRIMARY_SCREEN,DEFAULT,false,,false,
12272131183982732110,ActiveClinic – Juflona Pilot,https://stitch.withgoogle.com/projects/12272131183982732110,e1ef5e5d8a1840bcbf1f4dc859f7b812,P02 – Register Patient Contact – Desktop,p02   register patient contact   desktop,,DESKTOP,2560x2048,P02,PATIENTS,PRIMARY_SCREEN,DEFAULT,false,,false,
12272131183982732110,ActiveClinic – Juflona Pilot,https://stitch.withgoogle.com/projects/12272131183982732110,44fb7852e24f4f7f9f6b355a195fd250,P02 – Register Patient Contact – Mobile,p02   register patient contact   mobile,,MOBILE,780x2158,P02,PATIENTS,PRIMARY_SCREEN,DEFAULT,false,,false,
12272131183982732110,ActiveClinic – Juflona Pilot,https://stitch.withgoogle.com/projects/12272131183982732110,026d2e6c69cd4181a282213ba1bb55da,P02 – Register Patient Emergency and Medical – Desktop,p02   register patient emergency and medical   desktop,,DESKTOP,2560x3136,P02,PATIENTS,PRIMARY_SCREEN,DEFAULT,false,,false,
12272131183982732110,ActiveClinic – Juflona Pilot,https://stitch.withgoogle.com/projects/12272131183982732110,7a495a471fed49b098de3c1605eda76e,P02 – Register Patient Emergency and Medical – Mobile,p02   register patient emergency and medical   mobile,,MOBILE,780x1768,P02,PATIENTS,PRIMARY_SCREEN,DEFAULT,false,,false,
12272131183982732110,ActiveClinic – Juflona Pilot,https://stitch.withgoogle.com/projects/12272131183982732110,40d2005b64864f35ac8df831ddae7084,P02 – Register Patient Identity – Desktop,p02   register patient identity   desktop,,DESKTOP,2560x2048,P02,PATIENTS,PRIMARY_SCREEN,DEFAULT,false,,false,
12272131183982732110,ActiveClinic – Juflona Pilot,https://stitch.withgoogle.com/projects/12272131183982732110,8ef4b4d96f1f4224994d0c627bb7550e,P02 – Register Patient Review – Desktop,p02   register patient review   desktop,,DESKTOP,2560x2098,P02,PATIENTS,PRIMARY_SCREEN,DEFAULT,false,,false,
12272131183982732110,ActiveClinic – Juflona Pilot,https://stitch.withgoogle.com/projects/12272131183982732110,a6d496f38f8e4d5cb8eb4d91667c6db7,P02 – Register Patient Review – Mobile,p02   register patient review   mobile,,MOBILE,780x2332,P02,PATIENTS,PRIMARY_SCREEN,DEFAULT,false,,false,
12272131183982732110,ActiveClinic – Juflona Pilot,https://stitch.withgoogle.com/projects/12272131183982732110,0fca19f233af43c49966e7eb62bccb02,P03 – Appointment Calendar – Desktop,p03   appointment calendar   desktop,,DESKTOP,2560x2048,P03,APPOINTMENTS,PRIMARY_SCREEN,DEFAULT,false,,false,
12272131183982732110,ActiveClinic – Juflona Pilot,https://stitch.withgoogle.com/projects/12272131183982732110,327422c1b36747039e4026a17c5a2f33,P03 – Appointment Confirmation – Desktop,p03   appointment confirmation   desktop,,DESKTOP,2560x2048,P03,APPOINTMENTS,CONFIRMATION_STATE,CONFIRMED,false,,false,
12272131183982732110,ActiveClinic – Juflona Pilot,https://stitch.withgoogle.com/projects/12272131183982732110,284e9f8cd6804b0eb0f50574e2f571d6,P03 – Appointment List – Desktop,p03   appointment list   desktop,,DESKTOP,2560x2048,P03,APPOINTMENTS,PRIMARY_SCREEN,DEFAULT,false,,false,
12272131183982732110,ActiveClinic – Juflona Pilot,https://stitch.withgoogle.com/projects/12272131183982732110,480ecaba5258423e8711b1fdd2f39e1b,P03 – Appointment List – Mobile,p03   appointment list   mobile,,MOBILE,780x1768,P03,APPOINTMENTS,PRIMARY_SCREEN,DEFAULT,false,,false,
12272131183982732110,ActiveClinic – Juflona Pilot,https://stitch.withgoogle.com/projects/12272131183982732110,089aa8f266664446a8b38cb69d1fda48,P03 – Appointment Shared States – Desktop,p03   appointment shared states   desktop,,DESKTOP,2560x2048,P03,APPOINTMENTS,STATE_VARIANT,OTHER,false,,false,
12272131183982732110,ActiveClinic – Juflona Pilot,https://stitch.withgoogle.com/projects/12272131183982732110,a99c6ac04cf24f2c8ca349715c1829dc,P03 – Book Appointment – Desktop,p03   book appointment   desktop,,DESKTOP,2560x2048,P03,APPOINTMENTS,PRIMARY_SCREEN,DEFAULT,false,,false,
12272131183982732110,ActiveClinic – Juflona Pilot,https://stitch.withgoogle.com/projects/12272131183982732110,b27eafc25bad4006868f3932d08bfed5,P03 – Cancel Appointment – Desktop,p03   cancel appointment   desktop,,DESKTOP,2560x2048,P03,APPOINTMENTS,PRIMARY_SCREEN,DEFAULT,false,,false,
12272131183982732110,ActiveClinic – Juflona Pilot,https://stitch.withgoogle.com/projects/12272131183982732110,305d90143b0e4381b112bf6eb113f1c2,P03 – Create Walk-In Visit – Desktop,p03   create walk in visit   desktop,,DESKTOP,2560x2176,P03,APPOINTMENTS,PRIMARY_SCREEN,DEFAULT,false,,false,
12272131183982732110,ActiveClinic – Juflona Pilot,https://stitch.withgoogle.com/projects/12272131183982732110,fd009ceba70f40b2ae1755b94220c64b,P03 – Doctor Schedule – Desktop,p03   doctor schedule   desktop,,DESKTOP,2560x2048,P03,APPOINTMENTS,PRIMARY_SCREEN,DEFAULT,false,,false,
12272131183982732110,ActiveClinic – Juflona Pilot,https://stitch.withgoogle.com/projects/12272131183982732110,7d37e069c7644e7cb4c9b72349a0ccf7,P03 – Missed Appointments – Desktop,p03   missed appointments   desktop,,DESKTOP,2560x2048,P03,APPOINTMENTS,PRIMARY_SCREEN,DEFAULT,false,,false,
12272131183982732110,ActiveClinic – Juflona Pilot,https://stitch.withgoogle.com/projects/12272131183982732110,8dca6dbd36b840928e73d6674bbcb3ea,P03 – Patient Called – Desktop,p03   patient called   desktop,,DESKTOP,2560x2048,P03,RECEPTION,PRIMARY_SCREEN,DEFAULT,false,,false,
12272131183982732110,ActiveClinic – Juflona Pilot,https://stitch.withgoogle.com/projects/12272131183982732110,9284064428f443b1a3a1504054827d91,P03 – Patient Check-In – Desktop,p03   patient check in   desktop,,DESKTOP,2560x2048,P03,RECEPTION,PRIMARY_SCREEN,DEFAULT,false,,false,
12272131183982732110,ActiveClinic – Juflona Pilot,https://stitch.withgoogle.com/projects/12272131183982732110,f7841548662446cfa8d70d0772d3fa9f,P03 – Patient Did Not Respond — Desktop,p03   patient did not respond   desktop,,DESKTOP,2560x2048,P03,RECEPTION,PRIMARY_SCREEN,DEFAULT,false,,false,
12272131183982732110,ActiveClinic – Juflona Pilot,https://stitch.withgoogle.com/projects/12272131183982732110,1fa99f4a358c47ffb858addae7095fe8,P03 – Queue Assignment – Desktop,p03   queue assignment   desktop,,DESKTOP,2560x2048,P03,RECEPTION,PRIMARY_SCREEN,DEFAULT,false,,false,
12272131183982732110,ActiveClinic – Juflona Pilot,https://stitch.withgoogle.com/projects/12272131183982732110,bf9b846da6174bf995793b09e869cd30,P03 – Queue Stale Data Warning – Desktop,p03   queue stale data warning   desktop,,DESKTOP,2560x2048,P03,RECEPTION,PRIMARY_SCREEN,DEFAULT,false,,false,
12272131183982732110,ActiveClinic – Juflona Pilot,https://stitch.withgoogle.com/projects/12272131183982732110,8b7173ba4ff94eb2a7d7e548b5f7253d,P03 – Reception Queue – Desktop,p03   reception queue   desktop,,DESKTOP,2560x2048,P03,RECEPTION,PRIMARY_SCREEN,DEFAULT,false,,false,
12272131183982732110,ActiveClinic – Juflona Pilot,https://stitch.withgoogle.com/projects/12272131183982732110,73499b0dfef446c99a908b1cc56252a5,P03 – Reception Queue – Mobile,p03   reception queue   mobile,,MOBILE,780x1768,P03,RECEPTION,PRIMARY_SCREEN,DEFAULT,false,,false,
12272131183982732110,ActiveClinic – Juflona Pilot,https://stitch.withgoogle.com/projects/12272131183982732110,da39a3945ace4fac85cb12bd86f0cdc2,P03 – Reschedule Appointment – Desktop,p03   reschedule appointment   desktop,,DESKTOP,2560x2048,P03,APPOINTMENTS,PRIMARY_SCREEN,RESCHEDULED,false,,false,
12272131183982732110,ActiveClinic – Juflona Pilot,https://stitch.withgoogle.com/projects/12272131183982732110,9429b14e9ea243ad93aec4a486db93e9,P03 – Reschedule Appointment – Mobile,p03   reschedule appointment   mobile,,MOBILE,780x1768,P03,APPOINTMENTS,PRIMARY_SCREEN,RESCHEDULED,false,,false,
12272131183982732110,ActiveClinic – Juflona Pilot,https://stitch.withgoogle.com/projects/12272131183982732110,e807a1354fdd418391496e69e5ac5f3e,P03 – Transfer Patient to Department – Desktop,p03   transfer patient to department   desktop,,DESKTOP,2560x2048,P03,RECEPTION,PRIMARY_SCREEN,DEFAULT,false,,false,
12272131183982732110,ActiveClinic – Juflona Pilot,https://stitch.withgoogle.com/projects/12272131183982732110,99757cfd7d3747d490f00ac342faa519,P04 – Clinical Escalation Alert,p04   clinical escalation alert,,DESKTOP,2560x2048,P04,CLINICAL,STATE_VARIANT,DEFAULT,false,,false,
12272131183982732110,ActiveClinic – Juflona Pilot,https://stitch.withgoogle.com/projects/12272131183982732110,b8d47f05a83c4959ac2d3d6ca83c7dfb,P04 – Clinical Queue – Desktop,p04   clinical queue   desktop,,DESKTOP,2560x2048,P04,CLINICAL,PRIMARY_SCREEN,DEFAULT,false,,false,
12272131183982732110,ActiveClinic – Juflona Pilot,https://stitch.withgoogle.com/projects/12272131183982732110,16897ac752a94750bf00225db66ff768,P04 – Clinical Queue – Mobile,p04   clinical queue   mobile,,MOBILE,780x1768,P04,CLINICAL,PRIMARY_SCREEN,DEFAULT,false,,false,
12272131183982732110,ActiveClinic – Juflona Pilot,https://stitch.withgoogle.com/projects/12272131183982732110,5e4dbc7265ad4e17b060b1f641996db3,P04 – Consultation Workspace – Desktop,p04   consultation workspace   desktop,,DESKTOP,2560x2048,P04,CLINICAL,PRIMARY_SCREEN,DEFAULT,false,,false,
12272131183982732110,ActiveClinic – Juflona Pilot,https://stitch.withgoogle.com/projects/12272131183982732110,15c6c639c2b04bbda97b54f127c500f8,P04 – Consultation Workspace – Mobile,p04   consultation workspace   mobile,,MOBILE,780x1768,P04,CLINICAL,PRIMARY_SCREEN,DEFAULT,false,,false,
12272131183982732110,ActiveClinic – Juflona Pilot,https://stitch.withgoogle.com/projects/12272131183982732110,969bbfbdf9634dbc8af598ec2277e92f,P04 – Create Laboratory Request,p04   create laboratory request,,DESKTOP,2560x2536,P04,CLINICAL,PRIMARY_SCREEN,DEFAULT,false,,false,
12272131183982732110,ActiveClinic – Juflona Pilot,https://stitch.withgoogle.com/projects/12272131183982732110,ee9bf2322b924cd79e86619a4635f702,P04 – Create Prescription,p04   create prescription,,DESKTOP,2560x2048,P04,CLINICAL,PRIMARY_SCREEN,DEFAULT,false,,false,
12272131183982732110,ActiveClinic – Juflona Pilot,https://stitch.withgoogle.com/projects/12272131183982732110,bc4ffd8f0e8c44f48f38cc15a069656a,P04 – Create Radiology Request,p04   create radiology request,,DESKTOP,2560x2048,P04,CLINICAL,PRIMARY_SCREEN,DEFAULT,false,,false,
12272131183982732110,ActiveClinic – Juflona Pilot,https://stitch.withgoogle.com/projects/12272131183982732110,33a522e2f4eb45c9bdbede9ba34e0bee,P04 – Diagnosis Entry,p04   diagnosis entry,,DESKTOP,2560x2048,P04,CLINICAL,PRIMARY_SCREEN,DEFAULT,false,,false,
12272131183982732110,ActiveClinic – Juflona Pilot,https://stitch.withgoogle.com/projects/12272131183982732110,7959616d1673403ba3bf6ff71d18a77b,P04 – Nursing Intake – Desktop,p04   nursing intake   desktop,,DESKTOP,2560x2048,P04,CLINICAL,PRIMARY_SCREEN,DEFAULT,false,,false,
12272131183982732110,ActiveClinic – Juflona Pilot,https://stitch.withgoogle.com/projects/12272131183982732110,3c8f7b43b7984718acf661e381c1e6f7,P04 – Triage Assessment – Desktop,p04   triage assessment   desktop,,DESKTOP,2560x2146,P04,CLINICAL,PRIMARY_SCREEN,DEFAULT,false,,false,
12272131183982732110,ActiveClinic – Juflona Pilot,https://stitch.withgoogle.com/projects/12272131183982732110,dede5e72277d413497e1f870f6b4a0e1,P04 – Vital Signs Entry – Desktop,p04   vital signs entry   desktop,,DESKTOP,2560x2048,P04,CLINICAL,PRIMARY_SCREEN,DEFAULT,false,,false,
12272131183982732110,ActiveClinic – Juflona Pilot,https://stitch.withgoogle.com/projects/12272131183982732110,83495a7aea6547ce873af695fcb5f604,P05 – Add Medicine,p05   add medicine,,DESKTOP,2560x2538,P05,PHARMACY,PRIMARY_SCREEN,DEFAULT,false,,false,
12272131183982732110,ActiveClinic – Juflona Pilot,https://stitch.withgoogle.com/projects/12272131183982732110,e4d4e37c175a458d9004e1240395ba63,P05 – Dispense Prescription – Desktop,p05   dispense prescription   desktop,,DESKTOP,2560x2176,P05,PHARMACY,PRIMARY_SCREEN,DEFAULT,false,,false,
12272131183982732110,ActiveClinic – Juflona Pilot,https://stitch.withgoogle.com/projects/12272131183982732110,ace4f11562b24515866b40c5594a18e6,P05 – Dispense Prescription – Mobile,p05   dispense prescription   mobile,,MOBILE,780x2170,P05,PHARMACY,PRIMARY_SCREEN,DEFAULT,false,,false,
12272131183982732110,ActiveClinic – Juflona Pilot,https://stitch.withgoogle.com/projects/12272131183982732110,eeaf00f13f6f4e238da3aef30a556a57,P05 – Dispensing Completed – Desktop,p05   dispensing completed   desktop,,DESKTOP,2560x2176,P05,PHARMACY,SUCCESS_STATE,SUCCESS,false,,false,
12272131183982732110,ActiveClinic – Juflona Pilot,https://stitch.withgoogle.com/projects/12272131183982732110,00a95c467df2414fb8c6dea108170b04,P05 – Dispensing Confirmation,p05   dispensing confirmation,,DESKTOP,2560x2084,P05,PHARMACY,CONFIRMATION_STATE,CONFIRMED,false,,false,
12272131183982732110,ActiveClinic – Juflona Pilot,https://stitch.withgoogle.com/projects/12272131183982732110,97138791742e4338a34811a6fd7e464d,P05 – Dispensing Review – Desktop,p05   dispensing review   desktop,,DESKTOP,2560x2244,P05,PHARMACY,PRIMARY_SCREEN,DEFAULT,false,,false,
12272131183982732110,ActiveClinic – Juflona Pilot,https://stitch.withgoogle.com/projects/12272131183982732110,fcba0b2ed1334eacad9647e597f66959,P05 – Expiry Alerts – Desktop,p05   expiry alerts   desktop,,DESKTOP,2560x2048,P05,PHARMACY,PRIMARY_SCREEN,DEFAULT,false,,false,
12272131183982732110,ActiveClinic – Juflona Pilot,https://stitch.withgoogle.com/projects/12272131183982732110,553dd601642d41abb89cf4c7127c221a,P05 – Low Stock Alerts – Desktop,p05   low stock alerts   desktop,,DESKTOP,2560x2048,P05,PHARMACY,PRIMARY_SCREEN,DEFAULT,false,,false,
12272131183982732110,ActiveClinic – Juflona Pilot,https://stitch.withgoogle.com/projects/12272131183982732110,6c0795f36aef4fe3b634dc350d230672,P05 – Medicine Batch Detail,p05   medicine batch detail,,DESKTOP,2560x2048,P05,PHARMACY,PRIMARY_SCREEN,DEFAULT,false,,false,
12272131183982732110,ActiveClinic – Juflona Pilot,https://stitch.withgoogle.com/projects/12272131183982732110,b5e534cf921d460c9774c2772ab688e9,P05 – Medicine Catalogue – Desktop,p05   medicine catalogue   desktop,,DESKTOP,2560x2048,P05,PHARMACY,PRIMARY_SCREEN,DEFAULT,false,,false,
12272131183982732110,ActiveClinic – Juflona Pilot,https://stitch.withgoogle.com/projects/12272131183982732110,20a62e6f34ef422b8262750b0fe9788a,P05 – Medicine Detail – Desktop,p05   medicine detail   desktop,,DESKTOP,2560x2176,P05,PHARMACY,PRIMARY_SCREEN,DEFAULT,false,,false,
12272131183982732110,ActiveClinic – Juflona Pilot,https://stitch.withgoogle.com/projects/12272131183982732110,1f079e7d3f9c464c8754fa09a09f2626,P05 – Medicine Inventory – Desktop,p05   medicine inventory   desktop,,DESKTOP,2560x2048,P05,PHARMACY,PRIMARY_SCREEN,DEFAULT,false,,false,
12272131183982732110,ActiveClinic – Juflona Pilot,https://stitch.withgoogle.com/projects/12272131183982732110,a0cb61de9f0f4eaa8d732d4cf143f090,P05 – Medicine Inventory – Mobile,p05   medicine inventory   mobile,,MOBILE,780x1768,P05,PHARMACY,PRIMARY_SCREEN,DEFAULT,false,,false,
12272131183982732110,ActiveClinic – Juflona Pilot,https://stitch.withgoogle.com/projects/12272131183982732110,e237cd030fb241deb15ed8eb0f4f895e,P05 – Medicine Substitution – Desktop,p05   medicine substitution   desktop,,DESKTOP,2560x2048,P05,PHARMACY,PRIMARY_SCREEN,DEFAULT,false,,false,
12272131183982732110,ActiveClinic – Juflona Pilot,https://stitch.withgoogle.com/projects/12272131183982732110,c7c3ea1931f74acb845208dd09d0d63d,P05 – Partial Dispensing – Desktop,p05   partial dispensing   desktop,,DESKTOP,2560x2176,P05,PHARMACY,PRIMARY_SCREEN,DEFAULT,false,,false,
12272131183982732110,ActiveClinic – Juflona Pilot,https://stitch.withgoogle.com/projects/12272131183982732110,7cffba8bdac84abda7a8d31951d1948f,P05 – Patient Medicine Instructions – Mobile,p05   patient medicine instructions   mobile,,MOBILE,780x2108,P05,PHARMACY,PRIMARY_SCREEN,DEFAULT,false,,false,
12272131183982732110,ActiveClinic – Juflona Pilot,https://stitch.withgoogle.com/projects/12272131183982732110,4d83f5c845ae4d91b805a1dfd6a7268d,P05 – Pharmacy Dashboard – Desktop,p05   pharmacy dashboard   desktop,,DESKTOP,2560x2048,P05,PHARMACY,PRIMARY_SCREEN,DEFAULT,false,,false,d499e36b667047e1998d38d66be6bbe2 (P27 - Juflona Patient - Dashboard Multiple Bookings - Desktop)
12272131183982732110,ActiveClinic – Juflona Pilot,https://stitch.withgoogle.com/projects/12272131183982732110,0f1976955fc14d8c97f1f8c728b4e1da,P05 – Pharmacy Purchase Orders – Desktop,p05   pharmacy purchase orders   desktop,,DESKTOP,2560x2048,P05,PHARMACY,PRIMARY_SCREEN,DEFAULT,false,,false,
12272131183982732110,ActiveClinic – Juflona Pilot,https://stitch.withgoogle.com/projects/12272131183982732110,2147643a82af4fb28a8368dcff867a75,P05 – Pharmacy Stock Adjustment,p05   pharmacy stock adjustment,,DESKTOP,2560x2048,P05,PHARMACY,PRIMARY_SCREEN,DEFAULT,false,,false,
12272131183982732110,ActiveClinic – Juflona Pilot,https://stitch.withgoogle.com/projects/12272131183982732110,ce22d1c5de5f43ad8a458f57aa217fd3,P05 – Pharmacy Stock Transfer,p05   pharmacy stock transfer,,DESKTOP,2560x2048,P05,PHARMACY,PRIMARY_SCREEN,DEFAULT,false,,false,
12272131183982732110,ActiveClinic – Juflona Pilot,https://stitch.withgoogle.com/projects/12272131183982732110,99d29d4a8b204031b068e2b94dfeb95b,P05 – Prescription Clinical Review – Desktop,p05   prescription clinical review   desktop,,DESKTOP,2560x2048,P05,PHARMACY,PRIMARY_SCREEN,DEFAULT,false,,false,
12272131183982732110,ActiveClinic – Juflona Pilot,https://stitch.withgoogle.com/projects/12272131183982732110,279be7b923664e449bd2001528e7c5ec,P05 – Prescription Clinical Review – Mobile,p05   prescription clinical review   mobile,,MOBILE,780x1768,P05,PHARMACY,PRIMARY_SCREEN,DEFAULT,false,,false,
12272131183982732110,ActiveClinic – Juflona Pilot,https://stitch.withgoogle.com/projects/12272131183982732110,2da2d7b7cd734161a9f8257c2256c6f3,P05 – Prescription Detail – Desktop,p05   prescription detail   desktop,,DESKTOP,2560x2048,P05,PHARMACY,PRIMARY_SCREEN,DEFAULT,false,,false,
12272131183982732110,ActiveClinic – Juflona Pilot,https://stitch.withgoogle.com/projects/12272131183982732110,4f369d10d5654e68bf5a5c45d8ef7d78,P05 – Prescription Detail – Mobile,p05   prescription detail   mobile,,MOBILE,780x1884,P05,PHARMACY,PRIMARY_SCREEN,DEFAULT,false,,false,
12272131183982732110,ActiveClinic – Juflona Pilot,https://stitch.withgoogle.com/projects/12272131183982732110,5472760fda8148cf8611564236ae2247,P05 – Prescription Queue – Desktop,p05   prescription queue   desktop,,DESKTOP,2560x2048,P05,PHARMACY,PRIMARY_SCREEN,DEFAULT,false,,false,
12272131183982732110,ActiveClinic – Juflona Pilot,https://stitch.withgoogle.com/projects/12272131183982732110,322c2b620c8e4b248fa5620881555d8b,P05 – Prescription Queue – Mobile,p05   prescription queue   mobile,,MOBILE,780x1768,P05,PHARMACY,PRIMARY_SCREEN,DEFAULT,false,,false,
12272131183982732110,ActiveClinic – Juflona Pilot,https://stitch.withgoogle.com/projects/12272131183982732110,b62126b07af7488094221932b9046193,P05 – Print Medicine Labels,p05   print medicine labels,,DESKTOP,2560x2048,P05,PHARMACY,PRIMARY_SCREEN,DEFAULT,false,,false,
12272131183982732110,ActiveClinic – Juflona Pilot,https://stitch.withgoogle.com/projects/12272131183982732110,a61dbccce82b43788dc347e25843ae07,P05 – Receive Pharmacy Stock – Desktop,p05   receive pharmacy stock   desktop,,DESKTOP,2560x2048,P05,PHARMACY,PRIMARY_SCREEN,DEFAULT,false,,false,
12272131183982732110,ActiveClinic – Juflona Pilot,https://stitch.withgoogle.com/projects/12272131183982732110,a7649e64ba1e4eee8ca0bcb6a54594bd,P05 – Select Medicine Batch,p05   select medicine batch,,DESKTOP,2560x2048,P05,PHARMACY,PRIMARY_SCREEN,DEFAULT,false,,false,
12272131183982732110,ActiveClinic – Juflona Pilot,https://stitch.withgoogle.com/projects/12272131183982732110,f53854e6c18e45a094a0bab86e011e5b,P06 – Critical Result Alert,p06   critical result alert,,DESKTOP,2560x2176,P06,DIAGNOSTICS,STATE_VARIANT,DEFAULT,false,,false,
12272131183982732110,ActiveClinic – Juflona Pilot,https://stitch.withgoogle.com/projects/12272131183982732110,59ee5d74ff1f47eca3c6fb09413b7c09,P06 – Enter Laboratory Result – Desktop,p06   enter laboratory result   desktop,,DESKTOP,2560x2048,P06,LABORATORY,PRIMARY_SCREEN,DEFAULT,false,,false,
12272131183982732110,ActiveClinic – Juflona Pilot,https://stitch.withgoogle.com/projects/12272131183982732110,41a0f1b3e1974e7ca26599bf8a37fc5f,P06 – Enter Radiology Report – Desktop,p06   enter radiology report   desktop,,DESKTOP,3072x2194,P06,RADIOLOGY,PRIMARY_SCREEN,DEFAULT,false,,false,
12272131183982732110,ActiveClinic – Juflona Pilot,https://stitch.withgoogle.com/projects/12272131183982732110,5b7b36f6af3b4735a81cca8cea77ee99,P06 – Laboratory Dashboard – Desktop,p06   laboratory dashboard   desktop,,DESKTOP,2678x2048,P06,LABORATORY,PRIMARY_SCREEN,DEFAULT,false,,false,d499e36b667047e1998d38d66be6bbe2 (P27 - Juflona Patient - Dashboard Multiple Bookings - Desktop)
12272131183982732110,ActiveClinic – Juflona Pilot,https://stitch.withgoogle.com/projects/12272131183982732110,d53f9752db564b18b35fd761ecd73dd8,P06 – Laboratory Dashboard – Mobile,p06   laboratory dashboard   mobile,,MOBILE,780x2662,P06,LABORATORY,PRIMARY_SCREEN,DEFAULT,false,,false,e4c2703d85764c2cbf2f91ab890d27e3 (P27 - Juflona Patient - Dashboard - Mobile)
12272131183982732110,ActiveClinic – Juflona Pilot,https://stitch.withgoogle.com/projects/12272131183982732110,51c3b93fec6e40aebc327a4998fb29ea,P06 – Laboratory Request Detail – Desktop,p06   laboratory request detail   desktop,,DESKTOP,2560x2176,P06,LABORATORY,PRIMARY_SCREEN,DEFAULT,false,,false,
12272131183982732110,ActiveClinic – Juflona Pilot,https://stitch.withgoogle.com/projects/12272131183982732110,f8b17233f1f7457ea5fe5179207aa0d1,P06 – Laboratory Request Queue – Desktop,p06   laboratory request queue   desktop,,DESKTOP,2622x2048,P06,LABORATORY,PRIMARY_SCREEN,DEFAULT,false,,false,
12272131183982732110,ActiveClinic – Juflona Pilot,https://stitch.withgoogle.com/projects/12272131183982732110,cd5ff44012dd4f0f88fc7ed60848fd37,P06 – Laboratory Worklist – Desktop,p06   laboratory worklist   desktop,,DESKTOP,2560x2048,P06,LABORATORY,PRIMARY_SCREEN,DEFAULT,false,,false,
12272131183982732110,ActiveClinic – Juflona Pilot,https://stitch.withgoogle.com/projects/12272131183982732110,65286a85cc674df097dedf0890378a29,P06 – Radiology Dashboard – Desktop,p06   radiology dashboard   desktop,,DESKTOP,2560x2048,P06,RADIOLOGY,PRIMARY_SCREEN,DEFAULT,false,,false,d499e36b667047e1998d38d66be6bbe2 (P27 - Juflona Patient - Dashboard Multiple Bookings - Desktop)
12272131183982732110,ActiveClinic – Juflona Pilot,https://stitch.withgoogle.com/projects/12272131183982732110,070284f5583d43598111b2f6c35d0425,P06 – Radiology Dashboard – Mobile,p06   radiology dashboard   mobile,,MOBILE,780x2502,P06,RADIOLOGY,PRIMARY_SCREEN,DEFAULT,false,,false,e4c2703d85764c2cbf2f91ab890d27e3 (P27 - Juflona Patient - Dashboard - Mobile)
12272131183982732110,ActiveClinic – Juflona Pilot,https://stitch.withgoogle.com/projects/12272131183982732110,1fa6c921703145af96e47f7344b6cb62,P06 – Radiology Request Queue – Desktop,p06   radiology request queue   desktop,,DESKTOP,2560x2048,P06,RADIOLOGY,PRIMARY_SCREEN,DEFAULT,false,,false,
12272131183982732110,ActiveClinic – Juflona Pilot,https://stitch.withgoogle.com/projects/12272131183982732110,73c50eef2b10459793f12689cce27bb6,P06 – Specimen Collection – Desktop,p06   specimen collection   desktop,,DESKTOP,2560x2414,P06,LABORATORY,PRIMARY_SCREEN,DEFAULT,false,,false,
12272131183982732110,ActiveClinic – Juflona Pilot,https://stitch.withgoogle.com/projects/12272131183982732110,5018c7fabf324fcebfbac85d7048f19a,P06 – Specimen Receipt – Desktop,p06   specimen receipt   desktop,,DESKTOP,2560x2468,P06,LABORATORY,PRIMARY_SCREEN,DEFAULT,false,,false,
12272131183982732110,ActiveClinic – Juflona Pilot,https://stitch.withgoogle.com/projects/12272131183982732110,b62c8afb0c59477d8bcfeaac7210987a,P06 – Specimen Rejected,p06   specimen rejected,,DESKTOP,2560x2048,P06,LABORATORY,PRIMARY_SCREEN,DEFAULT,false,,false,
12272131183982732110,ActiveClinic – Juflona Pilot,https://stitch.withgoogle.com/projects/12272131183982732110,1829edeb5d1741be9b6ae68a219ef7cc,P07 – Accounts Receivable – Desktop,p07   accounts receivable   desktop,,DESKTOP,2560x2392,P07,BILLING,PRIMARY_SCREEN,DEFAULT,false,,false,
12272131183982732110,ActiveClinic – Juflona Pilot,https://stitch.withgoogle.com/projects/12272131183982732110,be4481e8f31b459facf2294f73311181,P07 – Add Invoice Item,p07   add invoice item,,DESKTOP,2560x2048,P07,BILLING,PRIMARY_SCREEN,DEFAULT,false,,false,
12272131183982732110,ActiveClinic – Juflona Pilot,https://stitch.withgoogle.com/projects/12272131183982732110,764d9a2a5a634150babb4daa1d6ebf13,P07 – Add Service – Desktop,p07   add service   desktop,,DESKTOP,2560x2048,P07,BILLING,PRIMARY_SCREEN,DEFAULT,false,,false,
12272131183982732110,ActiveClinic – Juflona Pilot,https://stitch.withgoogle.com/projects/12272131183982732110,954a9269255245dd9c6e375f8cbdd93b,P07 – Automatic Charge Review,p07   automatic charge review,,DESKTOP,2560x2048,P07,BILLING,PRIMARY_SCREEN,DEFAULT,false,,false,
12272131183982732110,ActiveClinic – Juflona Pilot,https://stitch.withgoogle.com/projects/12272131183982732110,f23ef64e307b44f780a19817ac04ebda,P07 – Bank Transfer Payment – Mobile,p07   bank transfer payment   mobile,,MOBILE,780x2074,P07,BILLING,PRIMARY_SCREEN,DEFAULT,false,,false,
12272131183982732110,ActiveClinic – Juflona Pilot,https://stitch.withgoogle.com/projects/12272131183982732110,ece0b9d1d9384f5d8c1e3b944f122e47,P07 – Billing Dashboard – Desktop,p07   billing dashboard   desktop,,DESKTOP,2560x2048,P07,BILLING,PRIMARY_SCREEN,DEFAULT,false,,false,d499e36b667047e1998d38d66be6bbe2 (P27 - Juflona Patient - Dashboard Multiple Bookings - Desktop)
12272131183982732110,ActiveClinic – Juflona Pilot,https://stitch.withgoogle.com/projects/12272131183982732110,649bd7649ebf4c6eb787612f844a637e,P07 – Billing Dashboard – Mobile,p07   billing dashboard   mobile,,MOBILE,780x1982,P07,BILLING,PRIMARY_SCREEN,DEFAULT,false,,false,e4c2703d85764c2cbf2f91ab890d27e3 (P27 - Juflona Patient - Dashboard - Mobile)
12272131183982732110,ActiveClinic – Juflona Pilot,https://stitch.withgoogle.com/projects/12272131183982732110,61922a4c2823426b8bcdc1f236c4072b,P07 – Card Payment – Desktop,p07   card payment   desktop,,DESKTOP,2560x2048,P07,BILLING,PRIMARY_SCREEN,DEFAULT,false,,false,
12272131183982732110,ActiveClinic – Juflona Pilot,https://stitch.withgoogle.com/projects/12272131183982732110,02e8083e943d40deb9429b95a294ae30,P07 – Cash Count – Desktop,p07   cash count   desktop,,DESKTOP,2560x2048,P07,CASHIER,PRIMARY_SCREEN,DEFAULT,false,,false,
12272131183982732110,ActiveClinic – Juflona Pilot,https://stitch.withgoogle.com/projects/12272131183982732110,2d81fb326b6644bbb11cabd7a8156e6e,P07 – Cash Payment – Desktop,p07   cash payment   desktop,,DESKTOP,2560x2048,P07,CASHIER,PRIMARY_SCREEN,DEFAULT,false,,false,
12272131183982732110,ActiveClinic – Juflona Pilot,https://stitch.withgoogle.com/projects/12272131183982732110,3c8ce685b0d14b74a04e1127e341f004,P07 – Cash Payment – Mobile,p07   cash payment   mobile,,MOBILE,780x1768,P07,CASHIER,PRIMARY_SCREEN,DEFAULT,false,,false,
12272131183982732110,ActiveClinic – Juflona Pilot,https://stitch.withgoogle.com/projects/12272131183982732110,d3e2ff001f694720b57371ef1a60d517,P07 – Cashier Closing – Desktop,p07   cashier closing   desktop,,DESKTOP,2560x2048,P07,CASHIER,PRIMARY_SCREEN,DEFAULT,false,,false,
12272131183982732110,ActiveClinic – Juflona Pilot,https://stitch.withgoogle.com/projects/12272131183982732110,792d5cbb6f234332a088399e4ccdd545,P07 – Cashier Dashboard – Desktop,p07   cashier dashboard   desktop,,DESKTOP,2560x2048,P07,CASHIER,PRIMARY_SCREEN,DEFAULT,false,,false,d499e36b667047e1998d38d66be6bbe2 (P27 - Juflona Patient - Dashboard Multiple Bookings - Desktop)
12272131183982732110,ActiveClinic – Juflona Pilot,https://stitch.withgoogle.com/projects/12272131183982732110,1c02fc47e49c4c9990646d94a9876986,P07 – Cashier Shift – Desktop,p07   cashier shift   desktop,,DESKTOP,2560x2048,P07,CASHIER,PRIMARY_SCREEN,DEFAULT,false,,false,
12272131183982732110,ActiveClinic – Juflona Pilot,https://stitch.withgoogle.com/projects/12272131183982732110,0d8cd08aba454a2f971d6cc4389d98d2,P07 – Cashier Shift – Mobile,p07   cashier shift   mobile,,MOBILE,780x1768,P07,CASHIER,PRIMARY_SCREEN,DEFAULT,false,,false,
12272131183982732110,ActiveClinic – Juflona Pilot,https://stitch.withgoogle.com/projects/12272131183982732110,1cd25ed2bb7a4504a63095a015bd823b,P07 – Cashier Shift History – Desktop,p07   cashier shift history   desktop,,DESKTOP,2560x2048,P07,CASHIER,PRIMARY_SCREEN,DEFAULT,false,,false,
12272131183982732110,ActiveClinic – Juflona Pilot,https://stitch.withgoogle.com/projects/12272131183982732110,7dd49983c4a840b9980fb4a92d486b3c,P07 – Cashier Variance – Desktop,p07   cashier variance   desktop,,DESKTOP,2560x2048,P07,CASHIER,PRIMARY_SCREEN,DEFAULT,false,,false,
12272131183982732110,ActiveClinic – Juflona Pilot,https://stitch.withgoogle.com/projects/12272131183982732110,16318693e2874e79a8463d91c6ba63ad,P07 – Collections Work Queue – Desktop,p07   collections work queue   desktop,,DESKTOP,2560x2048,P07,BILLING,PRIMARY_SCREEN,DEFAULT,false,,false,
12272131183982732110,ActiveClinic – Juflona Pilot,https://stitch.withgoogle.com/projects/12272131183982732110,513301ae28e1423ab7431e299cf45eee,P07 – Contact Patient for Payment – Desktop,p07   contact patient for payment   desktop,,DESKTOP,2560x2258,P07,BILLING,PRIMARY_SCREEN,DEFAULT,false,,false,
12272131183982732110,ActiveClinic – Juflona Pilot,https://stitch.withgoogle.com/projects/12272131183982732110,08ed6ee0d02447bca5e94698080bca4f,P07 – Create Invoice – Desktop,p07   create invoice   desktop,,DESKTOP,2560x2048,P07,BILLING,PRIMARY_SCREEN,DEFAULT,false,,false,
12272131183982732110,ActiveClinic – Juflona Pilot,https://stitch.withgoogle.com/projects/12272131183982732110,b69484b43b074d6593f264d8df958d74,P07 – Create Price List – Desktop,p07   create price list   desktop,,DESKTOP,2560x2048,P07,BILLING,PRIMARY_SCREEN,DEFAULT,false,,false,
12272131183982732110,ActiveClinic – Juflona Pilot,https://stitch.withgoogle.com/projects/12272131183982732110,92b97e715c6f4c308e61d3b39d66a1e9,P07 – Credit Note – Desktop,p07   credit note   desktop,,DESKTOP,2560x2666,P07,BILLING,PRIMARY_SCREEN,DEFAULT,false,,false,
12272131183982732110,ActiveClinic – Juflona Pilot,https://stitch.withgoogle.com/projects/12272131183982732110,0f1fd946c97a48f99d34bd6ce8c8173c,P07 – Deposit Payment – Desktop,p07   deposit payment   desktop,,DESKTOP,2560x2048,P07,BILLING,PRIMARY_SCREEN,DEFAULT,false,,false,
12272131183982732110,ActiveClinic – Juflona Pilot,https://stitch.withgoogle.com/projects/12272131183982732110,319d7fca2acb45a38432aa40a2e7cf30,P07 – Finalise Invoice,p07   finalise invoice,,DESKTOP,2560x2048,P07,BILLING,PRIMARY_SCREEN,DEFAULT,false,,false,
12272131183982732110,ActiveClinic – Juflona Pilot,https://stitch.withgoogle.com/projects/12272131183982732110,778eee4267984f32bcedcc38ca720fa0,P07 – Financial Correction Access Restricted,p07   financial correction access restricted,,DESKTOP,2560x2048,P07,BILLING,PRIMARY_SCREEN,DISABLED,false,,false,
12272131183982732110,ActiveClinic – Juflona Pilot,https://stitch.withgoogle.com/projects/12272131183982732110,54163d0beee74c29990bd83b77480af5,P07 – Financial Correction History,p07   financial correction history,,DESKTOP,2560x2048,P07,BILLING,PRIMARY_SCREEN,DEFAULT,false,,false,
12272131183982732110,ActiveClinic – Juflona Pilot,https://stitch.withgoogle.com/projects/12272131183982732110,a21d364d62f04c78ac8477971377eca9,P07 – Financial Correction History – Mobile,p07   financial correction history   mobile,,MOBILE,780x3162,P07,BILLING,PRIMARY_SCREEN,DEFAULT,false,,false,
12272131183982732110,ActiveClinic – Juflona Pilot,https://stitch.withgoogle.com/projects/12272131183982732110,9c0219d791da43df8a7abf41cf0809df,P07 – Insurance Payment Placeholder,p07   insurance payment placeholder,,DESKTOP,2560x2048,P07,BILLING,PRIMARY_SCREEN,OTHER,false,,false,
12272131183982732110,ActiveClinic – Juflona Pilot,https://stitch.withgoogle.com/projects/12272131183982732110,5bde2c1a3d954ec396679abc3888abe5,P07 – Invoice Amendment,p07   invoice amendment,,DESKTOP,2560x2048,P07,BILLING,PRIMARY_SCREEN,DEFAULT,false,,false,
12272131183982732110,ActiveClinic – Juflona Pilot,https://stitch.withgoogle.com/projects/12272131183982732110,92af580dd9db4a3ea5734523b72287ba,P07 – Invoice Amendment Review – Desktop,p07   invoice amendment review   desktop,,DESKTOP,2560x2048,P07,BILLING,PRIMARY_SCREEN,DEFAULT,false,,false,
12272131183982732110,ActiveClinic – Juflona Pilot,https://stitch.withgoogle.com/projects/12272131183982732110,b1a8b1855b9b4e268cd42359707d292e,P07 – Invoice Error State,p07   invoice error state,,DESKTOP,2560x2176,P07,BILLING,ERROR_STATE,ERROR,false,,false,
12272131183982732110,ActiveClinic – Juflona Pilot,https://stitch.withgoogle.com/projects/12272131183982732110,06e7e10102184cc5a047e6d594f22fc2,P07 – Invoice History,p07   invoice history,,DESKTOP,2560x2048,P07,BILLING,PRIMARY_SCREEN,DEFAULT,false,,false,
12272131183982732110,ActiveClinic – Juflona Pilot,https://stitch.withgoogle.com/projects/12272131183982732110,c479c86234b840419e821c2c48329f4e,P07 – Invoice List – Desktop,p07   invoice list   desktop,,DESKTOP,2560x2048,P07,BILLING,PRIMARY_SCREEN,DEFAULT,false,,false,
12272131183982732110,ActiveClinic – Juflona Pilot,https://stitch.withgoogle.com/projects/12272131183982732110,40fcc3c9e03e42a68e2cadbd5c1a7685,P07 – Invoice List – Mobile,p07   invoice list   mobile,,MOBILE,780x1768,P07,BILLING,PRIMARY_SCREEN,DEFAULT,false,,false,
12272131183982732110,ActiveClinic – Juflona Pilot,https://stitch.withgoogle.com/projects/12272131183982732110,713f3ebe920240c1a647af277278eb2f,P07 – Invoice Review – Desktop,p07   invoice review   desktop,,DESKTOP,2560x2048,P07,BILLING,PRIMARY_SCREEN,DEFAULT,false,,false,
12272131183982732110,ActiveClinic – Juflona Pilot,https://stitch.withgoogle.com/projects/12272131183982732110,2b3c2c4ef6ac4ee48a789d3a527fe9ec,P07 – Mobile Money Payment – Desktop,p07   mobile money payment   desktop,,DESKTOP,2560x2048,P07,BILLING,PRIMARY_SCREEN,DEFAULT,false,,false,
12272131183982732110,ActiveClinic – Juflona Pilot,https://stitch.withgoogle.com/projects/12272131183982732110,480e2d80a9f24f26b69b806d531fa913,P07 – Mobile Money Payment – Mobile,p07   mobile money payment   mobile,,MOBILE,780x1768,P07,BILLING,PRIMARY_SCREEN,DEFAULT,false,,false,
12272131183982732110,ActiveClinic – Juflona Pilot,https://stitch.withgoogle.com/projects/12272131183982732110,0489fa5d1c37481ba159eeed1cd64155,P07 – NHIMA Claim Placeholder,p07   nhima claim placeholder,,DESKTOP,2560x2048,P07,BILLING,PRIMARY_SCREEN,OTHER,false,,false,
12272131183982732110,ActiveClinic – Juflona Pilot,https://stitch.withgoogle.com/projects/12272131183982732110,c2f068812d0b45809a214d6ba8399ae5,P07 – Open Cashier Shift – Desktop,p07   open cashier shift   desktop,,DESKTOP,2560x2048,P07,CASHIER,PRIMARY_SCREEN,DEFAULT,false,,false,
12272131183982732110,ActiveClinic – Juflona Pilot,https://stitch.withgoogle.com/projects/12272131183982732110,a84263ac97b8484698dc36d00b498ffa,P07 – Patient Billing Account – Desktop,p07   patient billing account   desktop,,DESKTOP,2560x2048,P07,BILLING,PRIMARY_SCREEN,DEFAULT,false,,false,
12272131183982732110,ActiveClinic – Juflona Pilot,https://stitch.withgoogle.com/projects/12272131183982732110,c15d892b327848a6a2897ae3a08a5803,P07 – Patient Billing Account – Mobile,p07   patient billing account   mobile,,MOBILE,780x1908,P07,BILLING,PRIMARY_SCREEN,DEFAULT,false,,false,
12272131183982732110,ActiveClinic – Juflona Pilot,https://stitch.withgoogle.com/projects/12272131183982732110,3f50a00be7624b36af773c181b2c562c,P07 – Patient Collections Account – Desktop,p07   patient collections account   desktop,,DESKTOP,2560x2048,P07,BILLING,PRIMARY_SCREEN,DEFAULT,false,,false,
12272131183982732110,ActiveClinic – Juflona Pilot,https://stitch.withgoogle.com/projects/12272131183982732110,9f422c33e30c450e9502126ba4012585,P07 – Patient Invoice – Desktop,p07   patient invoice   desktop,,DESKTOP,2560x2048,P07,BILLING,PRIMARY_SCREEN,DEFAULT,false,,false,
12272131183982732110,ActiveClinic – Juflona Pilot,https://stitch.withgoogle.com/projects/12272131183982732110,3735516f4ecb4624ac715c6f77e7810b,P07 – Patient Invoice – Mobile,p07   patient invoice   mobile,,MOBILE,780x1768,P07,BILLING,PRIMARY_SCREEN,DEFAULT,false,,false,
12272131183982732110,ActiveClinic – Juflona Pilot,https://stitch.withgoogle.com/projects/12272131183982732110,02e1c1976d844c2cac63682e1853fa46,P07 – Payment Arrangement,p07   payment arrangement,,DESKTOP,2560x2048,P07,BILLING,PRIMARY_SCREEN,DEFAULT,false,,false,
12272131183982732110,ActiveClinic – Juflona Pilot,https://stitch.withgoogle.com/projects/12272131183982732110,2a0ae995f3e140da863e5aede4b2e71f,P07 – Payment Arrangement Review,p07   payment arrangement review,,DESKTOP,2560x2048,P07,BILLING,PRIMARY_SCREEN,DEFAULT,false,,false,
12272131183982732110,ActiveClinic – Juflona Pilot,https://stitch.withgoogle.com/projects/12272131183982732110,bda1fbd1f6f441dba26719f451ee53de,P07 – Payment Completed – Desktop,p07   payment completed   desktop,,DESKTOP,2560x2048,P07,BILLING,SUCCESS_STATE,SUCCESS,false,,false,
12272131183982732110,ActiveClinic – Juflona Pilot,https://stitch.withgoogle.com/projects/12272131183982732110,45929cd32480420aaa5788be86e183f9,P07 – Payment History – Desktop,p07   payment history   desktop,,DESKTOP,2560x2048,P07,BILLING,PRIMARY_SCREEN,DEFAULT,false,,false,
12272131183982732110,ActiveClinic – Juflona Pilot,https://stitch.withgoogle.com/projects/12272131183982732110,2665942082b4428dbcabf3ff3a40ec60,P07 – Payment Reversal Request,p07   payment reversal request,,DESKTOP,2560x3174,P07,BILLING,PRIMARY_SCREEN,DEFAULT,false,,false,
12272131183982732110,ActiveClinic – Juflona Pilot,https://stitch.withgoogle.com/projects/12272131183982732110,027b12b482934ef1a6f5dee02c888d26,P07 – Payment Reversal Review – Desktop,p07   payment reversal review   desktop,,DESKTOP,2560x2048,P07,BILLING,PRIMARY_SCREEN,DEFAULT,false,,false,
12272131183982732110,ActiveClinic – Juflona Pilot,https://stitch.withgoogle.com/projects/12272131183982732110,89ce6798cbca4723ae20aa61225411b2,P07 – Payment Review – Desktop,p07   payment review   desktop,,DESKTOP,2560x2048,P07,BILLING,PRIMARY_SCREEN,DEFAULT,false,,false,
12272131183982732110,ActiveClinic – Juflona Pilot,https://stitch.withgoogle.com/projects/12272131183982732110,46cc5311173d48adb99cafe18ea331c2,P07 – Price Lists – Desktop,p07   price lists   desktop,,DESKTOP,2560x2048,P07,BILLING,PRIMARY_SCREEN,DEFAULT,false,,false,
12272131183982732110,ActiveClinic – Juflona Pilot,https://stitch.withgoogle.com/projects/12272131183982732110,a953a043598945fdab38285c7dab7206,P07 – Price Override Approval,p07   price override approval,,DESKTOP,2560x2176,P07,BILLING,PRIMARY_SCREEN,DEFAULT,false,,false,
12272131183982732110,ActiveClinic – Juflona Pilot,https://stitch.withgoogle.com/projects/12272131183982732110,666806c4ea194d478e3baf2b7876950c,P07 – Print Patient Account Statement,p07   print patient account statement,,DESKTOP,2560x2664,P07,BILLING,PRIMARY_SCREEN,DEFAULT,false,,false,
12272131183982732110,ActiveClinic – Juflona Pilot,https://stitch.withgoogle.com/projects/12272131183982732110,914eee2a18f64fac81d2f0f69adc0cc8,P07 – Print Receipt,p07   print receipt,,DESKTOP,2560x2048,P07,BILLING,PRIMARY_SCREEN,DEFAULT,false,,false,
12272131183982732110,ActiveClinic – Juflona Pilot,https://stitch.withgoogle.com/projects/12272131183982732110,244dc0c45a23434bb2747468a699167b,P07 – Print Refund Receipt,p07   print refund receipt,,DESKTOP,2560x2196,P07,BILLING,PRIMARY_SCREEN,DEFAULT,false,,false,
12272131183982732110,ActiveClinic – Juflona Pilot,https://stitch.withgoogle.com/projects/12272131183982732110,a9654729a9a44e17832910a41f0154de,P07 – Record Payment – Desktop,p07   record payment   desktop,,DESKTOP,2560x2176,P07,BILLING,PRIMARY_SCREEN,DEFAULT,false,,false,
12272131183982732110,ActiveClinic – Juflona Pilot,https://stitch.withgoogle.com/projects/12272131183982732110,8ca889a31c4e4ec1858c4dd4efc62731,P07 – Record Payment – Mobile,p07   record payment   mobile,,MOBILE,780x1956,P07,BILLING,PRIMARY_SCREEN,DEFAULT,false,,false,
12272131183982732110,ActiveClinic – Juflona Pilot,https://stitch.withgoogle.com/projects/12272131183982732110,d8f3108dfcda4ab9bf58472786d0484c,P07 – Refund Approval – Desktop,p07   refund approval   desktop,,DESKTOP,2560x2228,P07,BILLING,PRIMARY_SCREEN,DEFAULT,false,,false,
12272131183982732110,ActiveClinic – Juflona Pilot,https://stitch.withgoogle.com/projects/12272131183982732110,e52271b7be804e0ea95c825be9f977bd,P07 – Refund Completed – Desktop,p07   refund completed   desktop,,DESKTOP,2560x2048,P07,BILLING,SUCCESS_STATE,SUCCESS,false,,false,
12272131183982732110,ActiveClinic – Juflona Pilot,https://stitch.withgoogle.com/projects/12272131183982732110,b76f80fb0d164501b8108bea91813385,P07 – Refund Rejected,p07   refund rejected,,DESKTOP,2560x2176,P07,BILLING,PRIMARY_SCREEN,DEFAULT,false,,false,
12272131183982732110,ActiveClinic – Juflona Pilot,https://stitch.withgoogle.com/projects/12272131183982732110,685fb829c50a45af995772909fb49fb7,P07 – Refund Request – Desktop,p07   refund request   desktop,,DESKTOP,2560x2278,P07,BILLING,PRIMARY_SCREEN,DEFAULT,false,,false,
12272131183982732110,ActiveClinic – Juflona Pilot,https://stitch.withgoogle.com/projects/12272131183982732110,8461f1792a7a41209ae2abfe44db7b6a,P07 – Refund Request – Mobile,p07   refund request   mobile,,MOBILE,780x1980,P07,BILLING,PRIMARY_SCREEN,DEFAULT,false,,false,
12272131183982732110,ActiveClinic – Juflona Pilot,https://stitch.withgoogle.com/projects/12272131183982732110,438b1bb01f534492850ee8cb1253fcfe,P07 – Refund Review – Desktop,p07   refund review   desktop,,DESKTOP,2560x2048,P07,BILLING,PRIMARY_SCREEN,DEFAULT,false,,false,
12272131183982732110,ActiveClinic – Juflona Pilot,https://stitch.withgoogle.com/projects/12272131183982732110,08921cb100ab462d8ec08c007f1bd895,P07 – Revenue Reports – Desktop,p07   revenue reports   desktop,,DESKTOP,2560x2176,P07,BILLING,PRIMARY_SCREEN,DEFAULT,false,,false,
12272131183982732110,ActiveClinic – Juflona Pilot,https://stitch.withgoogle.com/projects/12272131183982732110,550a52476c254e258d58737fc1184bb6,P07 – Revenue Reports – Detailed,p07   revenue reports   detailed,,DESKTOP,2560x2048,P07,BILLING,PRIMARY_SCREEN,DEFAULT,false,,false,
12272131183982732110,ActiveClinic – Juflona Pilot,https://stitch.withgoogle.com/projects/12272131183982732110,4ca894f70d6646eca246847cd8c39d6a,P07 – Service Catalogue – Desktop,p07   service catalogue   desktop,,DESKTOP,2560x2048,P07,BILLING,PRIMARY_SCREEN,DEFAULT,false,,false,
12272131183982732110,ActiveClinic – Juflona Pilot,https://stitch.withgoogle.com/projects/12272131183982732110,1ab29b0691c04233a1c972ea99f24351,P07 – Service Catalogue – Mobile,p07   service catalogue   mobile,,MOBILE,780x1856,P07,BILLING,PRIMARY_SCREEN,DEFAULT,false,,false,
12272131183982732110,ActiveClinic – Juflona Pilot,https://stitch.withgoogle.com/projects/12272131183982732110,d5eb57a8319c4130be473f8dd23851d6,P07 – Service Detail – Desktop,p07   service detail   desktop,,DESKTOP,2560x2048,P07,BILLING,PRIMARY_SCREEN,DEFAULT,false,,false,
12272131183982732110,ActiveClinic – Juflona Pilot,https://stitch.withgoogle.com/projects/12272131183982732110,bb0a290730a44a108be9295a76478785,P07 – Split Payment – Desktop,p07   split payment   desktop,,DESKTOP,2560x2048,P07,BILLING,PRIMARY_SCREEN,DEFAULT,false,,false,
12272131183982732110,ActiveClinic – Juflona Pilot,https://stitch.withgoogle.com/projects/12272131183982732110,defb5bc8233046a4b9b1e86ebe740d1d,P07 – Unpaid Invoices – Desktop,p07   unpaid invoices   desktop,,DESKTOP,2560x2048,P07,BILLING,PRIMARY_SCREEN,DEFAULT,false,,false,
12272131183982732110,ActiveClinic – Juflona Pilot,https://stitch.withgoogle.com/projects/12272131183982732110,9c5a3f10f1cb44e983af2a7c36403e3d,P07 – Unpaid Invoices – Mobile,p07   unpaid invoices   mobile,,MOBILE,780x2568,P07,BILLING,PRIMARY_SCREEN,DEFAULT,false,,false,
12272131183982732110,ActiveClinic – Juflona Pilot,https://stitch.withgoogle.com/projects/12272131183982732110,46a8b6c4f4b846e18ab586c3d6fae6ca,P07 – Write-Off Request Placeholder,p07   write off request placeholder,,DESKTOP,2560x2048,P07,BILLING,PRIMARY_SCREEN,OTHER,false,,false,
12272131183982732110,ActiveClinic – Juflona Pilot,https://stitch.withgoogle.com/projects/12272131183982732110,c50a51a04a084f0badd48da9827aa11f,P13 – Account Security – Desktop,p13   account security   desktop,,DESKTOP,2560x2048,P13,SETTINGS,PRIMARY_SCREEN,DEFAULT,false,,true,Cross-project overlap candidate [account_security_sessions||DESKTOP]: related bb852d4218b9470981d9944eff62b1b4 (P27 - Juflona Patient - Account Security - Desktop)
12272131183982732110,ActiveClinic – Juflona Pilot,https://stitch.withgoogle.com/projects/12272131183982732110,e132749f634c4fff818acf3f8e21c361,P13 – Active Sessions – Desktop,p13   active sessions   desktop,,DESKTOP,2560x2048,P13,SETTINGS,PRIMARY_SCREEN,DEFAULT,false,,true,Cross-project overlap candidate [account_security_sessions||DESKTOP]: related bb852d4218b9470981d9944eff62b1b4 (P27 - Juflona Patient - Account Security - Desktop)
12272131183982732110,ActiveClinic – Juflona Pilot,https://stitch.withgoogle.com/projects/12272131183982732110,fc53eecc7d484fd5a131e01ef1127694,P13 – Add Staff Member – Desktop,p13   add staff member   desktop,,DESKTOP,2560x2048,P13,STAFF,PRIMARY_SCREEN,DEFAULT,false,,false,
12272131183982732110,ActiveClinic – Juflona Pilot,https://stitch.withgoogle.com/projects/12272131183982732110,f30963c89fad49ceabc2447dfd46f8f0,P13 – Invite Staff Member – Desktop,p13   invite staff member   desktop,,DESKTOP,2560x2196,P13,STAFF,PRIMARY_SCREEN,DEFAULT,false,,false,
12272131183982732110,ActiveClinic – Juflona Pilot,https://stitch.withgoogle.com/projects/12272131183982732110,1db2777e1f444a0a90ca3174a4700ac2,P13 – Phone Verification,p13   phone verification,,MOBILE,780x1768,P13,SETTINGS,PRIMARY_SCREEN,DEFAULT,false,,true,Cross-project overlap candidate [phone_verification||MOBILE]: related fc27f3a94086412bbb546e19248ffc5d (P27 - Juflona Patient - Verify Phone - Mobile)
12272131183982732110,ActiveClinic – Juflona Pilot,https://stitch.withgoogle.com/projects/12272131183982732110,8525edd4c31f46d6a6b5c6a233917559,P13 – Role Detail – Desktop,p13   role detail   desktop,,DESKTOP,2560x2048,P13,RBAC,PRIMARY_SCREEN,DEFAULT,false,,false,
12272131183982732110,ActiveClinic – Juflona Pilot,https://stitch.withgoogle.com/projects/12272131183982732110,6b9cfcd190e14155ac4390d66d0cff76,P13 – Role Permission Matrix – Desktop,p13   role permission matrix   desktop,,DESKTOP,2560x2048,P13,RBAC,PRIMARY_SCREEN,DEFAULT,false,,false,
12272131183982732110,ActiveClinic – Juflona Pilot,https://stitch.withgoogle.com/projects/12272131183982732110,5307efdd84a4432b9f50ffc11f74728f,P13 – Roles and Access – Desktop,p13   roles and access   desktop,,DESKTOP,2560x2048,P13,RBAC,PRIMARY_SCREEN,DEFAULT,false,,false,
12272131183982732110,ActiveClinic – Juflona Pilot,https://stitch.withgoogle.com/projects/12272131183982732110,4abbdd1d655045e697922c3b209c9e15,P13 – Set Initial Password,p13   set initial password,,MOBILE,780x1768,P13,SETTINGS,PRIMARY_SCREEN,DEFAULT,false,,true,cc39b8bf074e408682da114b26ed8897 (P27 - Juflona Patient - Password Updated - Mobile); fb2dab64c9ed41f483ae83d4a7f20fe3 (P27 - Juflona Patient - Set New Password - Mobile); 9ff0dd371e8e49d38b82288c77699671 (P27 - Juflona Patient - Forgot Password - Mobile); Cross-project overlap candidate [password_recovery_or_set||MOBILE]: related 9ff0dd371e8e49d38b82288c77699671 (P27 - Juflona Patient - Forgot Password - Mobile); cc39b8bf074e408682da114b26ed8897 (P27 - Juflona Patient - Password Updated - Mobile); 3e22604b90844b499b98bed2dba8f81c (P27 - Juflona Patient - Recovery Verification - Mobile); fb2dab64c9ed41f483ae83d4a7f20fe3 (P27 - Juflona Patient - Set New Password - Mobile)
12272131183982732110,ActiveClinic – Juflona Pilot,https://stitch.withgoogle.com/projects/12272131183982732110,f0c821818ad04f5ca658defd08962564,P13 – Staff Access Dashboard – Desktop,p13   staff access dashboard   desktop,,DESKTOP,2560x2048,P13,RBAC,PRIMARY_SCREEN,DEFAULT,false,,false,d499e36b667047e1998d38d66be6bbe2 (P27 - Juflona Patient - Dashboard Multiple Bookings - Desktop)
12272131183982732110,ActiveClinic – Juflona Pilot,https://stitch.withgoogle.com/projects/12272131183982732110,23bc626a58964db894619615120d3ef2,P13 – Staff Access Dashboard – Mobile,p13   staff access dashboard   mobile,,MOBILE,780x1768,P13,RBAC,PRIMARY_SCREEN,DEFAULT,false,,false,e4c2703d85764c2cbf2f91ab890d27e3 (P27 - Juflona Patient - Dashboard - Mobile)
12272131183982732110,ActiveClinic – Juflona Pilot,https://stitch.withgoogle.com/projects/12272131183982732110,31600d2f5a32493b8bdd52658ab3591f,P13 – Staff Account Activation,p13   staff account activation,,MOBILE,780x1768,P13,STAFF,PRIMARY_SCREEN,DEFAULT,false,,false,
12272131183982732110,ActiveClinic – Juflona Pilot,https://stitch.withgoogle.com/projects/12272131183982732110,73fe1929482d4838b65bfd64acd406a8,P13 – Staff Directory – Desktop,p13   staff directory   desktop,,DESKTOP,2560x2048,P13,STAFF,PRIMARY_SCREEN,DEFAULT,false,,false,
12272131183982732110,ActiveClinic – Juflona Pilot,https://stitch.withgoogle.com/projects/12272131183982732110,2f150519b0a641399b4e24bf934397c1,P13 – Staff Directory – Mobile,p13   staff directory   mobile,,MOBILE,780x1768,P13,STAFF,PRIMARY_SCREEN,DEFAULT,false,,false,
12272131183982732110,ActiveClinic – Juflona Pilot,https://stitch.withgoogle.com/projects/12272131183982732110,7f168bfd3ac64a2ca412f43990176e41,P13 – Staff Profile – Desktop,p13   staff profile   desktop,,DESKTOP,2560x2176,P13,STAFF,PRIMARY_SCREEN,DEFAULT,false,,false,
12272131183982732110,ActiveClinic – Juflona Pilot,https://stitch.withgoogle.com/projects/12272131183982732110,3d43526745534570bbe9cd22948be3c1,P13 – Suspend Staff Account,p13   suspend staff account,,DESKTOP,2560x2048,P13,STAFF,PRIMARY_SCREEN,DEFAULT,false,,false,
12272131183982732110,ActiveClinic – Juflona Pilot,https://stitch.withgoogle.com/projects/12272131183982732110,72357dec37864a5a926a1d2b5c551b16,Shared Error State,shared error state,,DESKTOP,2560x2048,SHARED_INTERNAL,APP_SHELL,ERROR_STATE,ERROR,false,,false,
12272131183982732110,ActiveClinic – Juflona Pilot,https://stitch.withgoogle.com/projects/12272131183982732110,8a3f15c0be9c47efb192f206df104d5c,Shared Loading State,shared loading state,,DESKTOP,2560x2048,SHARED_INTERNAL,APP_SHELL,LOADING_STATE,LOADING,false,,false,
12272131183982732110,ActiveClinic – Juflona Pilot,https://stitch.withgoogle.com/projects/12272131183982732110,4d31c82537634b5f981c359662d224b3,Shared Offline State,shared offline state,,DESKTOP,2560x2048,SHARED_INTERNAL,APP_SHELL,STATE_VARIANT,OTHER,false,,false,
17813606734422395399,ActiveClinic Public Ecosystem & Booking Flow,https://stitch.withgoogle.com/projects/17813606734422395399,4443fa4c1eea429fb6ee67a97efb8f92,P21 - ActiveClinic Public - About - Desktop,p21   activeclinic public   about   desktop,,DESKTOP,2560x3036,P21,PUBLIC_PLATFORM,PRIMARY_SCREEN,DEFAULT,false,,false,
17813606734422395399,ActiveClinic Public Ecosystem & Booking Flow,https://stitch.withgoogle.com/projects/17813606734422395399,2447429876f24ac287f903795c4d4d04,P21 - ActiveClinic Public - About - Mobile,p21   activeclinic public   about   mobile,,MOBILE,780x4854,P21,PUBLIC_PLATFORM,PRIMARY_SCREEN,DEFAULT,false,,false,
17813606734422395399,ActiveClinic Public Ecosystem & Booking Flow,https://stitch.withgoogle.com/projects/17813606734422395399,2c612094416e468ea4063dc162667609,P21 - ActiveClinic Public - Clinic Directory - Desktop,p21   activeclinic public   clinic directory   desktop,,DESKTOP,2560x2292,P21,DIRECTORY,PRIMARY_SCREEN,DEFAULT,true,dup_001,false,Duplicate candidate (exact title + device) with dac958cf9559485aa0aac7803360cf40
17813606734422395399,ActiveClinic Public Ecosystem & Booking Flow,https://stitch.withgoogle.com/projects/17813606734422395399,dac958cf9559485aa0aac7803360cf40,P21 - ActiveClinic Public - Clinic Directory - Desktop,p21   activeclinic public   clinic directory   desktop,,DESKTOP,2560x2150,P21,DIRECTORY,PRIMARY_SCREEN,DEFAULT,true,dup_001,false,Duplicate candidate (exact title + device) with 2c612094416e468ea4063dc162667609
17813606734422395399,ActiveClinic Public Ecosystem & Booking Flow,https://stitch.withgoogle.com/projects/17813606734422395399,2c495fc46a3648c5b878e207d9f12661,P21 - ActiveClinic Public - Clinic Directory - Empty - Desktop,p21   activeclinic public   clinic directory   empty   desktop,,DESKTOP,2560x2048,P21,DIRECTORY,EMPTY_STATE,EMPTY,false,,false,
17813606734422395399,ActiveClinic Public Ecosystem & Booking Flow,https://stitch.withgoogle.com/projects/17813606734422395399,08791796ff3046df8c2c479ee2641814,P21 - ActiveClinic Public - Clinic Directory - Empty - Mobile,p21   activeclinic public   clinic directory   empty   mobile,,MOBILE,780x1768,P21,DIRECTORY,EMPTY_STATE,EMPTY,false,,false,
17813606734422395399,ActiveClinic Public Ecosystem & Booking Flow,https://stitch.withgoogle.com/projects/17813606734422395399,cdc46325b27b4813bf5a19eb8e85dd9f,P21 - ActiveClinic Public - Clinic Directory - Error - Desktop,p21   activeclinic public   clinic directory   error   desktop,,DESKTOP,2560x2048,P21,DIRECTORY,ERROR_STATE,ERROR,false,,false,
17813606734422395399,ActiveClinic Public Ecosystem & Booking Flow,https://stitch.withgoogle.com/projects/17813606734422395399,82299e09519c4098b07429d9ae97bdac,P21 - ActiveClinic Public - Clinic Directory - Error - Mobile,p21   activeclinic public   clinic directory   error   mobile,,MOBILE,780x1768,P21,DIRECTORY,ERROR_STATE,ERROR,false,,false,
17813606734422395399,ActiveClinic Public Ecosystem & Booking Flow,https://stitch.withgoogle.com/projects/17813606734422395399,3cf8b9cbce0a4866aace37f72c319e5f,P21 - ActiveClinic Public - Clinic Directory - Loading - Desktop,p21   activeclinic public   clinic directory   loading   desktop,,DESKTOP,2560x2048,P21,DIRECTORY,LOADING_STATE,LOADING,false,,false,
17813606734422395399,ActiveClinic Public Ecosystem & Booking Flow,https://stitch.withgoogle.com/projects/17813606734422395399,4889fc1798d2425f85ba19dd68c29734,P21 - ActiveClinic Public - Clinic Directory - Loading - Mobile,p21   activeclinic public   clinic directory   loading   mobile,,MOBILE,780x1768,P21,DIRECTORY,LOADING_STATE,LOADING,false,,false,
17813606734422395399,ActiveClinic Public Ecosystem & Booking Flow,https://stitch.withgoogle.com/projects/17813606734422395399,85f99ea3326f46a2bd0415ba1cf2d8d2,P21 - ActiveClinic Public - Clinic Directory - Mobile,p21   activeclinic public   clinic directory   mobile,,MOBILE,780x2710,P21,DIRECTORY,PRIMARY_SCREEN,DEFAULT,false,,false,
17813606734422395399,ActiveClinic Public Ecosystem & Booking Flow,https://stitch.withgoogle.com/projects/17813606734422395399,a45f68ec92f8495d8f5cd1aa42831e88,P21 - ActiveClinic Public - Clinic Onboarding - Desktop,p21   activeclinic public   clinic onboarding   desktop,,DESKTOP,2560x2372,P21,CLINIC_REGISTRATION,PRIMARY_SCREEN,DEFAULT,false,,false,
17813606734422395399,ActiveClinic Public Ecosystem & Booking Flow,https://stitch.withgoogle.com/projects/17813606734422395399,18f6b1a32e464e8c93f977f918e05500,P21 - ActiveClinic Public - Clinic Onboarding - Mobile,p21   activeclinic public   clinic onboarding   mobile,,MOBILE,780x1768,P21,CLINIC_REGISTRATION,PRIMARY_SCREEN,DEFAULT,false,,false,
17813606734422395399,ActiveClinic Public Ecosystem & Booking Flow,https://stitch.withgoogle.com/projects/17813606734422395399,fa556d169e1a44b38a65770869bf2c09,P21 - ActiveClinic Public - Clinic Onboarding Review - Desktop,p21   activeclinic public   clinic onboarding review   desktop,,DESKTOP,2560x2048,P21,CLINIC_REGISTRATION,PRIMARY_SCREEN,DEFAULT,false,,false,
17813606734422395399,ActiveClinic Public Ecosystem & Booking Flow,https://stitch.withgoogle.com/projects/17813606734422395399,254bcedf197b4b0794c9df173f8a6857,P21 - ActiveClinic Public - Clinic Onboarding Review - Mobile,p21   activeclinic public   clinic onboarding review   mobile,,MOBILE,780x1768,P21,CLINIC_REGISTRATION,PRIMARY_SCREEN,DEFAULT,false,,false,
17813606734422395399,ActiveClinic Public Ecosystem & Booking Flow,https://stitch.withgoogle.com/projects/17813606734422395399,3410067aec51400d95936b34efd85e46,P21 - ActiveClinic Public - Clinic Onboarding Server Error - Desktop,p21   activeclinic public   clinic onboarding server error   desktop,,DESKTOP,2560x2048,P21,CLINIC_REGISTRATION,ERROR_STATE,ERROR,false,,false,
17813606734422395399,ActiveClinic Public Ecosystem & Booking Flow,https://stitch.withgoogle.com/projects/17813606734422395399,8c33ca1f083c494fa4b2143e3a3e45d3,P21 - ActiveClinic Public - Clinic Onboarding Server Error - Mobile,p21   activeclinic public   clinic onboarding server error   mobile,,MOBILE,780x1768,P21,CLINIC_REGISTRATION,ERROR_STATE,ERROR,false,,false,
17813606734422395399,ActiveClinic Public Ecosystem & Booking Flow,https://stitch.withgoogle.com/projects/17813606734422395399,f9f8853209fb42ebb1ef71cdb97145ba,P21 - ActiveClinic Public - Clinic Onboarding Success - Desktop,p21   activeclinic public   clinic onboarding success   desktop,,DESKTOP,2560x2048,P21,CLINIC_REGISTRATION,SUCCESS_STATE,SUCCESS,false,,false,
17813606734422395399,ActiveClinic Public Ecosystem & Booking Flow,https://stitch.withgoogle.com/projects/17813606734422395399,7f422dccacea4a5c93932db627522000,P21 - ActiveClinic Public - Clinic Onboarding Success - Mobile,p21   activeclinic public   clinic onboarding success   mobile,,MOBILE,780x1768,P21,CLINIC_REGISTRATION,SUCCESS_STATE,SUCCESS,false,,false,
17813606734422395399,ActiveClinic Public Ecosystem & Booking Flow,https://stitch.withgoogle.com/projects/17813606734422395399,341517f50f3f4fce85e4715f41e12b3c,P21 - ActiveClinic Public - Clinic Onboarding Validation Error - Desktop,p21   activeclinic public   clinic onboarding validation error   desktop,,DESKTOP,2560x2326,P21,CLINIC_REGISTRATION,ERROR_STATE,VALIDATION_ERROR,false,,false,
17813606734422395399,ActiveClinic Public Ecosystem & Booking Flow,https://stitch.withgoogle.com/projects/17813606734422395399,9a4d8a72068e4fec88cb7eadab0a4dd4,P21 - ActiveClinic Public - Clinic Onboarding Validation Error - Mobile,p21   activeclinic public   clinic onboarding validation error   mobile,,MOBILE,780x1768,P21,CLINIC_REGISTRATION,ERROR_STATE,VALIDATION_ERROR,false,,false,
17813606734422395399,ActiveClinic Public Ecosystem & Booking Flow,https://stitch.withgoogle.com/projects/17813606734422395399,50d278a0dc7c4618b20e70e4fdfd6076,P21 - ActiveClinic Public - Clinic Search States - Mobile,p21   activeclinic public   clinic search states   mobile,,MOBILE,780x2684,P21,DIRECTORY,STATE_VARIANT,OTHER,false,,false,
17813606734422395399,ActiveClinic Public Ecosystem & Booking Flow,https://stitch.withgoogle.com/projects/17813606734422395399,22391e15f8c34fc5b23927b4e7644120,P21 - ActiveClinic Public - Home - Desktop,p21   activeclinic public   home   desktop,,DESKTOP,2560x2844,P21,PUBLIC_PLATFORM,PRIMARY_SCREEN,DEFAULT,true,dup_003,false,Duplicate candidate (exact title + device) with f96b485558c64fc38193c5d3231633ec
17813606734422395399,ActiveClinic Public Ecosystem & Booking Flow,https://stitch.withgoogle.com/projects/17813606734422395399,f96b485558c64fc38193c5d3231633ec,P21 - ActiveClinic Public - Home - Desktop,p21   activeclinic public   home   desktop,,DESKTOP,2560x2990,P21,PUBLIC_PLATFORM,PRIMARY_SCREEN,DEFAULT,true,dup_003,false,Duplicate candidate (exact title + device) with 22391e15f8c34fc5b23927b4e7644120
17813606734422395399,ActiveClinic Public Ecosystem & Booking Flow,https://stitch.withgoogle.com/projects/17813606734422395399,2ccf327230b640c3b3340e5bca2bb162,P21 - ActiveClinic Public - Home - Mobile,p21   activeclinic public   home   mobile,,MOBILE,780x2596,P21,PUBLIC_PLATFORM,PRIMARY_SCREEN,DEFAULT,true,dup_002,false,Duplicate candidate (exact title + device) with 6dadae69ad0d4e4e9441e1a68b3f6282
17813606734422395399,ActiveClinic Public Ecosystem & Booking Flow,https://stitch.withgoogle.com/projects/17813606734422395399,6dadae69ad0d4e4e9441e1a68b3f6282,P21 - ActiveClinic Public - Home - Mobile,p21   activeclinic public   home   mobile,,MOBILE,780x2604,P21,PUBLIC_PLATFORM,PRIMARY_SCREEN,DEFAULT,true,dup_002,false,Duplicate candidate (exact title + device) with 2ccf327230b640c3b3340e5bca2bb162
17813606734422395399,ActiveClinic Public Ecosystem & Booking Flow,https://stitch.withgoogle.com/projects/17813606734422395399,ac6b69a1ef614134af6d674c62891632,P21 - ActiveClinic Public - Solutions - Desktop,p21   activeclinic public   solutions   desktop,,DESKTOP,2560x3024,P21,PUBLIC_PLATFORM,PRIMARY_SCREEN,DEFAULT,false,,false,
17813606734422395399,ActiveClinic Public Ecosystem & Booking Flow,https://stitch.withgoogle.com/projects/17813606734422395399,990884d1aa844bb2a789f41b23b7704e,P21 - ActiveClinic Public - Solutions - Mobile,p21   activeclinic public   solutions   mobile,,MOBILE,780x3694,P21,PUBLIC_PLATFORM,PRIMARY_SCREEN,DEFAULT,false,,false,
17813606734422395399,ActiveClinic Public Ecosystem & Booking Flow,https://stitch.withgoogle.com/projects/17813606734422395399,5b3a0cccbc224b388752747847c0749a,P22 - Demo Clinic - Booking Entry - Desktop,p22   demo clinic   booking entry   desktop,,DESKTOP,2560x2048,P22,JUFLONA,PRIMARY_SCREEN,DEFAULT,false,,false,
17813606734422395399,ActiveClinic Public Ecosystem & Booking Flow,https://stitch.withgoogle.com/projects/17813606734422395399,f18d2b7bea004db492c5f0cc45d0743e,P22 - Demo Clinic - Booking Entry - Mobile,p22   demo clinic   booking entry   mobile,,MOBILE,780x2094,P22,JUFLONA,PRIMARY_SCREEN,DEFAULT,false,,false,
17813606734422395399,ActiveClinic Public Ecosystem & Booking Flow,https://stitch.withgoogle.com/projects/17813606734422395399,3b5370de88bf4bb8adaf679dae11b035,P22 - Demo Clinic - Doctors - Desktop,p22   demo clinic   doctors   desktop,,DESKTOP,2560x2048,P22,DOCTORS,PRIMARY_SCREEN,DEFAULT,false,,false,
17813606734422395399,ActiveClinic Public Ecosystem & Booking Flow,https://stitch.withgoogle.com/projects/17813606734422395399,911e3c7f4fdd4016bedea8641aad2c6f,P22 - Demo Clinic - Doctors - Mobile,p22   demo clinic   doctors   mobile,,MOBILE,780x2272,P22,DOCTORS,PRIMARY_SCREEN,DEFAULT,false,,false,
17813606734422395399,ActiveClinic Public Ecosystem & Booking Flow,https://stitch.withgoogle.com/projects/17813606734422395399,0d9f0a8244804859b12ffd7dee972754,P22 - Demo Clinic - Home - Desktop,p22   demo clinic   home   desktop,,DESKTOP,2560x2048,P22,JUFLONA,PRIMARY_SCREEN,DEFAULT,false,,false,
17813606734422395399,ActiveClinic Public Ecosystem & Booking Flow,https://stitch.withgoogle.com/projects/17813606734422395399,2ac5e52f18bc40b187603880f1175f89,P22 - Demo Clinic - Home - Mobile,p22   demo clinic   home   mobile,,MOBILE,780x1976,P22,JUFLONA,PRIMARY_SCREEN,DEFAULT,false,,false,
17813606734422395399,ActiveClinic Public Ecosystem & Booking Flow,https://stitch.withgoogle.com/projects/17813606734422395399,38b42384631a423abd13f4f1d23ebd43,P22 - Demo Clinic - Pricing - Desktop,p22   demo clinic   pricing   desktop,,DESKTOP,2560x2048,P22,PRICING,PRIMARY_SCREEN,DEFAULT,false,,false,
17813606734422395399,ActiveClinic Public Ecosystem & Booking Flow,https://stitch.withgoogle.com/projects/17813606734422395399,e6360fb33fba477bb2ad47f81234fae3,P22 - Demo Clinic - Pricing - Mobile,p22   demo clinic   pricing   mobile,,MOBILE,780x2330,P22,PRICING,PRIMARY_SCREEN,DEFAULT,false,,false,
17813606734422395399,ActiveClinic Public Ecosystem & Booking Flow,https://stitch.withgoogle.com/projects/17813606734422395399,61bcf76807744d898c859ed1078236b5,P22 - Demo Clinic - Services - Desktop,p22   demo clinic   services   desktop,,DESKTOP,2560x2174,P22,SERVICES,PRIMARY_SCREEN,DEFAULT,false,,false,
17813606734422395399,ActiveClinic Public Ecosystem & Booking Flow,https://stitch.withgoogle.com/projects/17813606734422395399,a0d5997b31c44203ba94de0708ca5737,P22 - Demo Clinic - Services - Mobile,p22   demo clinic   services   mobile,,MOBILE,780x2768,P22,SERVICES,PRIMARY_SCREEN,DEFAULT,false,,false,
17813606734422395399,ActiveClinic Public Ecosystem & Booking Flow,https://stitch.withgoogle.com/projects/17813606734422395399,016440abad32484486a24c43d46a44f8,P22 - Juflona Clinic - Booking Entry - Desktop,p22   juflona clinic   booking entry   desktop,,DESKTOP,2560x2048,P22,JUFLONA,PRIMARY_SCREEN,DEFAULT,false,,false,
17813606734422395399,ActiveClinic Public Ecosystem & Booking Flow,https://stitch.withgoogle.com/projects/17813606734422395399,bdc67d336bc64447bd0c02474b34c144,P22 - Juflona Clinic - Booking Entry - Mobile,p22   juflona clinic   booking entry   mobile,,MOBILE,780x1768,P22,JUFLONA,PRIMARY_SCREEN,DEFAULT,false,,false,
17813606734422395399,ActiveClinic Public Ecosystem & Booking Flow,https://stitch.withgoogle.com/projects/17813606734422395399,ea3abfe05bcc4e6a96eeba72dfea5d38,P22 - Juflona Clinic - Closed or Unavailable - Desktop,p22   juflona clinic   closed or unavailable   desktop,,DESKTOP,2560x2048,P22,JUFLONA,PRIMARY_SCREEN,UNAVAILABLE,false,,false,
17813606734422395399,ActiveClinic Public Ecosystem & Booking Flow,https://stitch.withgoogle.com/projects/17813606734422395399,4df57c6409904d9aadd5841987aa315f,P22 - Juflona Clinic - Closed or Unavailable - Mobile,p22   juflona clinic   closed or unavailable   mobile,,MOBILE,780x1768,P22,JUFLONA,PRIMARY_SCREEN,UNAVAILABLE,false,,false,
17813606734422395399,ActiveClinic Public Ecosystem & Booking Flow,https://stitch.withgoogle.com/projects/17813606734422395399,32766a7879be4e539bd1ca8e352ef1d0,P22 - Juflona Clinic - Location - Desktop,p22   juflona clinic   location   desktop,,DESKTOP,2560x2048,P22,JUFLONA,PRIMARY_SCREEN,DEFAULT,false,,false,
17813606734422395399,ActiveClinic Public Ecosystem & Booking Flow,https://stitch.withgoogle.com/projects/17813606734422395399,4fb9866c196540199d4de109ba807726,P22 - Juflona Clinic - Location - Mobile,p22   juflona clinic   location   mobile,,MOBILE,780x1768,P22,JUFLONA,PRIMARY_SCREEN,DEFAULT,false,,false,
17813606734422395399,ActiveClinic Public Ecosystem & Booking Flow,https://stitch.withgoogle.com/projects/17813606734422395399,0d8b62deaeb843a99f02f844a5d00ebd,P22 - Juflona Clinic - Not Found - Desktop,p22   juflona clinic   not found   desktop,,DESKTOP,2560x2048,P22,JUFLONA,PRIMARY_SCREEN,NOT_FOUND,false,,false,
17813606734422395399,ActiveClinic Public Ecosystem & Booking Flow,https://stitch.withgoogle.com/projects/17813606734422395399,e4668b043467417295bdb7c41836a344,P22 - Juflona Clinic - Not Found - Mobile,p22   juflona clinic   not found   mobile,,MOBILE,780x1768,P22,JUFLONA,PRIMARY_SCREEN,NOT_FOUND,false,,false,
17813606734422395399,ActiveClinic Public Ecosystem & Booking Flow,https://stitch.withgoogle.com/projects/17813606734422395399,7780a4d599b441a6be7695ff72b84107,P22 - Juflona Clinic - Pricing - Desktop,p22   juflona clinic   pricing   desktop,,DESKTOP,2560x2048,P22,PRICING,PRIMARY_SCREEN,DEFAULT,false,,false,
17813606734422395399,ActiveClinic Public Ecosystem & Booking Flow,https://stitch.withgoogle.com/projects/17813606734422395399,775340af70d540bea3af6d7ed277402a,P22 - Juflona Clinic - Pricing - Mobile,p22   juflona clinic   pricing   mobile,,MOBILE,780x1876,P22,PRICING,PRIMARY_SCREEN,DEFAULT,false,,false,
17813606734422395399,ActiveClinic Public Ecosystem & Booking Flow,https://stitch.withgoogle.com/projects/17813606734422395399,38abfa8767f4492ca11895b4f360effe,P22 - Juflona Public - About - Desktop,p22   juflona public   about   desktop,,DESKTOP,2560x3888,P22,JUFLONA,PRIMARY_SCREEN,DEFAULT,false,,false,
17813606734422395399,ActiveClinic Public Ecosystem & Booking Flow,https://stitch.withgoogle.com/projects/17813606734422395399,4aa46e7ddb424bc690e16a246de28c6b,P22 - Juflona Public - About - Mobile,p22   juflona public   about   mobile,,MOBILE,780x3606,P22,JUFLONA,PRIMARY_SCREEN,DEFAULT,false,,false,
17813606734422395399,ActiveClinic Public Ecosystem & Booking Flow,https://stitch.withgoogle.com/projects/17813606734422395399,a1a662f6a5c342df8783414bff11a866,P22 - Juflona Public - Contact - Desktop,p22   juflona public   contact   desktop,,DESKTOP,2560x2510,P22,JUFLONA,PRIMARY_SCREEN,DEFAULT,false,,false,
17813606734422395399,ActiveClinic Public Ecosystem & Booking Flow,https://stitch.withgoogle.com/projects/17813606734422395399,a1ceb17fd59a429a980d0b20ea42e83b,P22 - Juflona Public - Contact - Mobile,p22   juflona public   contact   mobile,,MOBILE,780x3304,P22,JUFLONA,PRIMARY_SCREEN,DEFAULT,false,,false,
17813606734422395399,ActiveClinic Public Ecosystem & Booking Flow,https://stitch.withgoogle.com/projects/17813606734422395399,c3586685e9f342f681f177d1036c18fc,P22 - Juflona Public - Contact Success - Mobile,p22   juflona public   contact success   mobile,,MOBILE,780x1768,P22,JUFLONA,SUCCESS_STATE,SUCCESS,false,,false,
17813606734422395399,ActiveClinic Public Ecosystem & Booking Flow,https://stitch.withgoogle.com/projects/17813606734422395399,85d2b873d38f4196a9b17eb35e2bc4da,P22 - Juflona Public - Home - Desktop,p22   juflona public   home   desktop,,DESKTOP,2560x2048,P22,JUFLONA,PRIMARY_SCREEN,DEFAULT,false,,false,
17813606734422395399,ActiveClinic Public Ecosystem & Booking Flow,https://stitch.withgoogle.com/projects/17813606734422395399,6eb5bda4ca694e54b34693e3f86e986b,P22 - Juflona Public - Home - Mobile,p22   juflona public   home   mobile,,MOBILE,780x3034,P22,JUFLONA,PRIMARY_SCREEN,DEFAULT,false,,false,
17813606734422395399,ActiveClinic Public Ecosystem & Booking Flow,https://stitch.withgoogle.com/projects/17813606734422395399,5adb49b9a1a940a581eeaca83524c7f1,P22 - Juflona Public - Patient Information - Desktop,p22   juflona public   patient information   desktop,,DESKTOP,2560x2716,P22,JUFLONA,PRIMARY_SCREEN,DEFAULT,false,,false,
17813606734422395399,ActiveClinic Public Ecosystem & Booking Flow,https://stitch.withgoogle.com/projects/17813606734422395399,62f5da19ec9047898ba0957faf21b408,P22 - Juflona Public - Patient Information - Mobile,p22   juflona public   patient information   mobile,,MOBILE,780x2490,P22,JUFLONA,PRIMARY_SCREEN,DEFAULT,false,,false,
17813606734422395399,ActiveClinic Public Ecosystem & Booking Flow,https://stitch.withgoogle.com/projects/17813606734422395399,ab5711022ce84342b2e9ecfae818d78e,P22 - Juflona Public - Privacy - Desktop,p22   juflona public   privacy   desktop,,DESKTOP,2560x2720,P22,JUFLONA,PRIMARY_SCREEN,DEFAULT,false,,false,
17813606734422395399,ActiveClinic Public Ecosystem & Booking Flow,https://stitch.withgoogle.com/projects/17813606734422395399,45a9c24fcbfe4bbdb739452308397b95,P22 - Juflona Public - Privacy - Mobile,p22   juflona public   privacy   mobile,,MOBILE,780x1768,P22,JUFLONA,PRIMARY_SCREEN,DEFAULT,false,,false,
17813606734422395399,ActiveClinic Public Ecosystem & Booking Flow,https://stitch.withgoogle.com/projects/17813606734422395399,2a7f744da5a44fc68c1f1bfeafba67ff,P22 - Juflona Public - Terms - Desktop,p22   juflona public   terms   desktop,,DESKTOP,2560x4266,P22,JUFLONA,PRIMARY_SCREEN,DEFAULT,false,,false,
17813606734422395399,ActiveClinic Public Ecosystem & Booking Flow,https://stitch.withgoogle.com/projects/17813606734422395399,a789772602dc4e2bac342970ca833751,P22 - Juflona Public - Terms - Mobile,p22   juflona public   terms   mobile,,MOBILE,780x1768,P22,JUFLONA,PRIMARY_SCREEN,DEFAULT,false,,false,
17813606734422395399,ActiveClinic Public Ecosystem & Booking Flow,https://stitch.withgoogle.com/projects/17813606734422395399,47005f4888bc4e099a990fd65a6b8962,P23 - Juflona Public - Consultation Service Detail - Desktop,p23   juflona public   consultation service detail   desktop,,DESKTOP,2560x2048,P23,SERVICES,PRIMARY_SCREEN,DEFAULT,false,,false,
17813606734422395399,ActiveClinic Public Ecosystem & Booking Flow,https://stitch.withgoogle.com/projects/17813606734422395399,e6205fec780046f5bb006c669276a5c5,P23 - Juflona Public - Consultation Service Detail - Mobile,p23   juflona public   consultation service detail   mobile,,MOBILE,780x1844,P23,SERVICES,PRIMARY_SCREEN,DEFAULT,false,,false,
17813606734422395399,ActiveClinic Public Ecosystem & Booking Flow,https://stitch.withgoogle.com/projects/17813606734422395399,75e6b6a7fbba46018ee8aab976f72d23,P23 - Juflona Public - Doctor Profile - Desktop,p23   juflona public   doctor profile   desktop,,DESKTOP,2560x2358,P23,DOCTORS,PRIMARY_SCREEN,DEFAULT,false,,false,
17813606734422395399,ActiveClinic Public Ecosystem & Booking Flow,https://stitch.withgoogle.com/projects/17813606734422395399,64cf5e42e55c4f9fbcebaf59a6940f5b,P23 - Juflona Public - Doctor Profile - Mobile,p23   juflona public   doctor profile   mobile,,MOBILE,780x2774,P23,DOCTORS,PRIMARY_SCREEN,DEFAULT,false,,false,
17813606734422395399,ActiveClinic Public Ecosystem & Booking Flow,https://stitch.withgoogle.com/projects/17813606734422395399,dba48eeff55343cc95f1876c76388ce6,P23 - Juflona Public - Doctors - Desktop,p23   juflona public   doctors   desktop,,DESKTOP,2560x3292,P23,DOCTORS,PRIMARY_SCREEN,DEFAULT,false,,false,
17813606734422395399,ActiveClinic Public Ecosystem & Booking Flow,https://stitch.withgoogle.com/projects/17813606734422395399,dae36b9307f149d9ad4989a16eec975d,P23 - Juflona Public - Doctors - Mobile,p23   juflona public   doctors   mobile,,MOBILE,780x2406,P23,DOCTORS,PRIMARY_SCREEN,DEFAULT,false,,false,
17813606734422395399,ActiveClinic Public Ecosystem & Booking Flow,https://stitch.withgoogle.com/projects/17813606734422395399,8a5894d5bc294a90ae7c8a83ec159230,P23 - Juflona Public - Doctors States - Mobile,p23   juflona public   doctors states   mobile,,MOBILE,780x3762,P23,DOCTORS,STATE_VARIANT,OTHER,false,,false,
17813606734422395399,ActiveClinic Public Ecosystem & Booking Flow,https://stitch.withgoogle.com/projects/17813606734422395399,cf33b64cfa39421893a4413422a4e13a,P23 - Juflona Public - Informational Service Detail - Desktop,p23   juflona public   informational service detail   desktop,,DESKTOP,2560x2282,P23,SERVICES,PRIMARY_SCREEN,DEFAULT,false,,false,
17813606734422395399,ActiveClinic Public Ecosystem & Booking Flow,https://stitch.withgoogle.com/projects/17813606734422395399,9f712f5799384727bb06b415618dd186,P23 - Juflona Public - Informational Service Detail - Mobile,p23   juflona public   informational service detail   mobile,,MOBILE,780x2314,P23,SERVICES,PRIMARY_SCREEN,DEFAULT,false,,false,
17813606734422395399,ActiveClinic Public Ecosystem & Booking Flow,https://stitch.withgoogle.com/projects/17813606734422395399,b887c39d2de947fda062d568b641f229,P23 - Juflona Public - Procedure Service Detail - Desktop,p23   juflona public   procedure service detail   desktop,,DESKTOP,2560x2048,P23,SERVICES,PRIMARY_SCREEN,DEFAULT,false,,false,
17813606734422395399,ActiveClinic Public Ecosystem & Booking Flow,https://stitch.withgoogle.com/projects/17813606734422395399,e54a6661157f441d93c94efad91a8858,P23 - Juflona Public - Procedure Service Detail - Mobile,p23   juflona public   procedure service detail   mobile,,MOBILE,780x3126,P23,SERVICES,PRIMARY_SCREEN,DEFAULT,false,,false,
17813606734422395399,ActiveClinic Public Ecosystem & Booking Flow,https://stitch.withgoogle.com/projects/17813606734422395399,a59b166b17ff4c1b8514102aedaeef57,P23 - Juflona Public - Public Price Patterns - Desktop,p23   juflona public   public price patterns   desktop,,DESKTOP,2560x2048,P23,PRICING,STATE_VARIANT,OTHER,false,,false,
17813606734422395399,ActiveClinic Public Ecosystem & Booking Flow,https://stitch.withgoogle.com/projects/17813606734422395399,c158c997d0db4d6bb2b228164441ab37,P23 - Juflona Public - Service States - Mobile,p23   juflona public   service states   mobile,,MOBILE,780x2692,P23,SERVICES,STATE_VARIANT,OTHER,false,,false,
17813606734422395399,ActiveClinic Public Ecosystem & Booking Flow,https://stitch.withgoogle.com/projects/17813606734422395399,3b7d3c9f3808441a8965c43b86c4ba44,P23 - Juflona Public - Services - Desktop,p23   juflona public   services   desktop,,DESKTOP,2560x2088,P23,SERVICES,PRIMARY_SCREEN,DEFAULT,false,,false,
17813606734422395399,ActiveClinic Public Ecosystem & Booking Flow,https://stitch.withgoogle.com/projects/17813606734422395399,e0b4b500de47418cb4df06df8a65428b,P23 - Juflona Public - Services - Mobile,p23   juflona public   services   mobile,,MOBILE,780x2214,P23,SERVICES,PRIMARY_SCREEN,DEFAULT,false,,false,
17813606734422395399,ActiveClinic Public Ecosystem & Booking Flow,https://stitch.withgoogle.com/projects/17813606734422395399,e879dd50e2d64f6b93aa807efbdd1775,P24 - Juflona Booking - Appointment Entry - Desktop,p24   juflona booking   appointment entry   desktop,,DESKTOP,2560x2048,P24,CONSULTATION_BOOKING,PRIMARY_SCREEN,DEFAULT,false,,false,
17813606734422395399,ActiveClinic Public Ecosystem & Booking Flow,https://stitch.withgoogle.com/projects/17813606734422395399,e4e98986370640f2864a9aa2279ad878,P24 - Juflona Booking - Appointment Entry - Mobile,p24   juflona booking   appointment entry   mobile,,MOBILE,780x2116,P24,CONSULTATION_BOOKING,PRIMARY_SCREEN,DEFAULT,false,,false,
17813606734422395399,ActiveClinic Public Ecosystem & Booking Flow,https://stitch.withgoogle.com/projects/17813606734422395399,d548137f807b40daaaaeff7fe2bcd0fa,P24 - Juflona Booking - Availability States - Mobile,p24   juflona booking   availability states   mobile,,MOBILE,780x4424,P24,CONSULTATION_BOOKING,STATE_VARIANT,OTHER,false,,false,
17813606734422395399,ActiveClinic Public Ecosystem & Booking Flow,https://stitch.withgoogle.com/projects/17813606734422395399,688a0eee8f014c7a8c999762b22be06d,P24 - Juflona Booking - Choose Doctor - Desktop,p24   juflona booking   choose doctor   desktop,,DESKTOP,2560x2048,P24,CONSULTATION_BOOKING,PRIMARY_SCREEN,DEFAULT,false,,false,
17813606734422395399,ActiveClinic Public Ecosystem & Booking Flow,https://stitch.withgoogle.com/projects/17813606734422395399,f9d67dd3a8c2457884c7e32bcbbf47e5,P24 - Juflona Booking - Choose Doctor - Mobile,p24   juflona booking   choose doctor   mobile,,MOBILE,780x1768,P24,CONSULTATION_BOOKING,PRIMARY_SCREEN,DEFAULT,false,,false,
17813606734422395399,ActiveClinic Public Ecosystem & Booking Flow,https://stitch.withgoogle.com/projects/17813606734422395399,32812bec1d384d2ab5c9821f6865e85a,P24 - Juflona Booking - Choose Slot - Desktop,p24   juflona booking   choose slot   desktop,,DESKTOP,2560x2476,P24,CONSULTATION_BOOKING,PRIMARY_SCREEN,DEFAULT,false,,false,
17813606734422395399,ActiveClinic Public Ecosystem & Booking Flow,https://stitch.withgoogle.com/projects/17813606734422395399,ece91cba8cff4381a9ef2e8ac97cb988,P24 - Juflona Booking - Choose Slot - Mobile,p24   juflona booking   choose slot   mobile,,MOBILE,780x1768,P24,CONSULTATION_BOOKING,PRIMARY_SCREEN,DEFAULT,false,,false,
17813606734422395399,ActiveClinic Public Ecosystem & Booking Flow,https://stitch.withgoogle.com/projects/17813606734422395399,a4096a26352040fd9d56be53a393fe4b,P24 - Juflona Booking - Consultation Type - Desktop,p24   juflona booking   consultation type   desktop,,DESKTOP,2560x2048,P24,CONSULTATION_BOOKING,PRIMARY_SCREEN,DEFAULT,false,,false,
17813606734422395399,ActiveClinic Public Ecosystem & Booking Flow,https://stitch.withgoogle.com/projects/17813606734422395399,82cc9c49d881406592c6d877240731fd,P24 - Juflona Booking - Consultation Type - Mobile,p24   juflona booking   consultation type   mobile,,MOBILE,780x1848,P24,CONSULTATION_BOOKING,PRIMARY_SCREEN,DEFAULT,false,,false,
17813606734422395399,ActiveClinic Public Ecosystem & Booking Flow,https://stitch.withgoogle.com/projects/17813606734422395399,4dc9024e5d6f4267bf6b5a8c6c80aa08,P24 - Juflona Booking - Form States - Mobile,p24   juflona booking   form states   mobile,,MOBILE,780x2932,P24,CONSULTATION_BOOKING,STATE_VARIANT,OTHER,false,,false,
17813606734422395399,ActiveClinic Public Ecosystem & Booking Flow,https://stitch.withgoogle.com/projects/17813606734422395399,c8dc05d3e0744fcf9f0030ccbe63a172,P24 - Juflona Booking - Mobile Navigation and Summary Pattern - Mobile,p24   juflona booking   mobile navigation and summary pattern   mobile,,MOBILE,780x1768,P24,PUBLIC_PLATFORM,STATE_VARIANT,OTHER,false,,false,87c5a80e0fcb40179c0d1ce7ea906762 (Navigation Drawer - Mobile)
17813606734422395399,ActiveClinic Public Ecosystem & Booking Flow,https://stitch.withgoogle.com/projects/17813606734422395399,e49351b2224449d2b86756b198e5ffb6,P24 - Juflona Booking - Patient Details - Desktop,p24   juflona booking   patient details   desktop,,DESKTOP,2560x2048,P24,CONSULTATION_BOOKING,PRIMARY_SCREEN,DEFAULT,false,,false,
17813606734422395399,ActiveClinic Public Ecosystem & Booking Flow,https://stitch.withgoogle.com/projects/17813606734422395399,b1e95d2173934e969b8d2b85346b82bd,P24 - Juflona Booking - Patient Details - Mobile,p24   juflona booking   patient details   mobile,,MOBILE,780x1768,P24,CONSULTATION_BOOKING,PRIMARY_SCREEN,DEFAULT,false,,false,
17813606734422395399,ActiveClinic Public Ecosystem & Booking Flow,https://stitch.withgoogle.com/projects/17813606734422395399,14b98caed9cc4b4889d77763373a0e28,P24 - Juflona Booking - Progress Patterns - Desktop,p24   juflona booking   progress patterns   desktop,,DESKTOP,2560x2048,P24,CONSULTATION_BOOKING,STATE_VARIANT,OTHER,false,,false,
17813606734422395399,ActiveClinic Public Ecosystem & Booking Flow,https://stitch.withgoogle.com/projects/17813606734422395399,12e5d96e8ac647f49d0cf66457da4b17,P24 - Juflona Booking - Request Submitted - Desktop,p24   juflona booking   request submitted   desktop,,DESKTOP,2560x2048,P24,CONSULTATION_BOOKING,SUCCESS_STATE,SUCCESS,false,,false,
17813606734422395399,ActiveClinic Public Ecosystem & Booking Flow,https://stitch.withgoogle.com/projects/17813606734422395399,8f72ff10f79d421fade5a7ac6e6d875f,P24 - Juflona Booking - Request Submitted - Mobile,p24   juflona booking   request submitted   mobile,,MOBILE,780x1926,P24,CONSULTATION_BOOKING,SUCCESS_STATE,SUCCESS,false,,false,
17813606734422395399,ActiveClinic Public Ecosystem & Booking Flow,https://stitch.withgoogle.com/projects/17813606734422395399,1167937cacc4424f852368d5179a7e7c,P24 - Juflona Booking - Review - Desktop,p24   juflona booking   review   desktop,,DESKTOP,2560x2120,P24,CONSULTATION_BOOKING,PRIMARY_SCREEN,DEFAULT,false,,false,
17813606734422395399,ActiveClinic Public Ecosystem & Booking Flow,https://stitch.withgoogle.com/projects/17813606734422395399,5263923b759a4bc288c23c8ffe5c85b0,P24 - Juflona Booking - Review - Mobile,p24   juflona booking   review   mobile,,MOBILE,780x2050,P24,CONSULTATION_BOOKING,PRIMARY_SCREEN,DEFAULT,false,,false,
17813606734422395399,ActiveClinic Public Ecosystem & Booking Flow,https://stitch.withgoogle.com/projects/17813606734422395399,bb250d93ee27449793869522211fb17c,P24 - Juflona Booking - SMS Notification States - Mobile,p24   juflona booking   sms notification states   mobile,,MOBILE,780x2172,P24,CONSULTATION_BOOKING,STATE_VARIANT,OTHER,false,,false,
17813606734422395399,ActiveClinic Public Ecosystem & Booking Flow,https://stitch.withgoogle.com/projects/17813606734422395399,6b916729502c43f08ef4ed61bf959159,P25 - Juflona Booking - Choose Procedure - Desktop,p25   juflona booking   choose procedure   desktop,,DESKTOP,2560x2198,P25,PROCEDURE_BOOKING,PRIMARY_SCREEN,DEFAULT,false,,false,
17813606734422395399,ActiveClinic Public Ecosystem & Booking Flow,https://stitch.withgoogle.com/projects/17813606734422395399,9526a27d8e5a4c8eb5a9bee842bee41b,P25 - Juflona Booking - Choose Procedure - Mobile,p25   juflona booking   choose procedure   mobile,,MOBILE,780x2012,P25,PROCEDURE_BOOKING,PRIMARY_SCREEN,DEFAULT,false,,false,
17813606734422395399,ActiveClinic Public Ecosystem & Booking Flow,https://stitch.withgoogle.com/projects/17813606734422395399,bb4906f130374a72a21596d427c2af9d,P25 - Juflona Booking - Preparation States - Mobile,p25   juflona booking   preparation states   mobile,,MOBILE,780x2096,P25,PROCEDURE_BOOKING,STATE_VARIANT,OTHER,false,,false,
17813606734422395399,ActiveClinic Public Ecosystem & Booking Flow,https://stitch.withgoogle.com/projects/17813606734422395399,2f99501abec942138637abb0934ed767,P25 - Juflona Booking - Procedure Confirmation Rules - Desktop,p25   juflona booking   procedure confirmation rules   desktop,,DESKTOP,2560x2250,P25,PROCEDURE_BOOKING,PRIMARY_SCREEN,DEFAULT,false,,false,
17813606734422395399,ActiveClinic Public Ecosystem & Booking Flow,https://stitch.withgoogle.com/projects/17813606734422395399,2d5d9db651e046eabb65fdbc89b676e2,P25 - Juflona Booking - Procedure Form States - Mobile,p25   juflona booking   procedure form states   mobile,,MOBILE,780x2218,P25,PROCEDURE_BOOKING,STATE_VARIANT,OTHER,false,,false,
17813606734422395399,ActiveClinic Public Ecosystem & Booking Flow,https://stitch.withgoogle.com/projects/17813606734422395399,ea6f77fad9444fa3b3f04cf5178f9c72,P25 - Juflona Booking - Procedure Information - Desktop,p25   juflona booking   procedure information   desktop,,DESKTOP,2560x2048,P25,PROCEDURE_BOOKING,PRIMARY_SCREEN,DEFAULT,false,,false,
17813606734422395399,ActiveClinic Public Ecosystem & Booking Flow,https://stitch.withgoogle.com/projects/17813606734422395399,d033da337b5740f29b4681042ab4a99c,P25 - Juflona Booking - Procedure Information - Mobile,p25   juflona booking   procedure information   mobile,,MOBILE,780x2056,P25,PROCEDURE_BOOKING,PRIMARY_SCREEN,DEFAULT,false,,false,
17813606734422395399,ActiveClinic Public Ecosystem & Booking Flow,https://stitch.withgoogle.com/projects/17813606734422395399,ffc4c24bcadd4b919bdb573d7d06681c,P25 - Juflona Booking - Procedure Mobile Summary Pattern - Mobile,p25   juflona booking   procedure mobile summary pattern   mobile,,MOBILE,780x2218,P25,PROCEDURE_BOOKING,STATE_VARIANT,OTHER,false,,false,
17813606734422395399,ActiveClinic Public Ecosystem & Booking Flow,https://stitch.withgoogle.com/projects/17813606734422395399,2a64a22146ed4b2ca704d01d9cb18383,P25 - Juflona Booking - Procedure Patient Details - Desktop,p25   juflona booking   procedure patient details   desktop,,DESKTOP,2560x2662,P25,PROCEDURE_BOOKING,PRIMARY_SCREEN,DEFAULT,false,,false,
17813606734422395399,ActiveClinic Public Ecosystem & Booking Flow,https://stitch.withgoogle.com/projects/17813606734422395399,d2c8f78719484d7ca4d443f844f83929,P25 - Juflona Booking - Procedure Patient Details - Mobile,p25   juflona booking   procedure patient details   mobile,,MOBILE,780x2058,P25,PROCEDURE_BOOKING,PRIMARY_SCREEN,DEFAULT,false,,false,
17813606734422395399,ActiveClinic Public Ecosystem & Booking Flow,https://stitch.withgoogle.com/projects/17813606734422395399,82a454047e064592b763896f815aa721,P25 - Juflona Booking - Procedure Progress Patterns - Desktop,p25   juflona booking   procedure progress patterns   desktop,,DESKTOP,2560x2048,P25,PROCEDURE_BOOKING,STATE_VARIANT,OTHER,false,,false,
17813606734422395399,ActiveClinic Public Ecosystem & Booking Flow,https://stitch.withgoogle.com/projects/17813606734422395399,e04f78111c6a43eb851a0db24cc2f001,P25 - Juflona Booking - Procedure Review - Desktop,p25   juflona booking   procedure review   desktop,,DESKTOP,2560x2048,P25,PROCEDURE_BOOKING,PRIMARY_SCREEN,DEFAULT,false,,false,
17813606734422395399,ActiveClinic Public Ecosystem & Booking Flow,https://stitch.withgoogle.com/projects/17813606734422395399,6da5390fcac44722a37ae34f2ae82a11,P25 - Juflona Booking - Procedure Review - Mobile,p25   juflona booking   procedure review   mobile,,MOBILE,780x2276,P25,PROCEDURE_BOOKING,PRIMARY_SCREEN,DEFAULT,false,,false,
17813606734422395399,ActiveClinic Public Ecosystem & Booking Flow,https://stitch.withgoogle.com/projects/17813606734422395399,8c52142a20484c39928c8f3355174384,P25 - Juflona Booking - Procedure Slot - Desktop,p25   juflona booking   procedure slot   desktop,,DESKTOP,2560x2048,P25,PROCEDURE_BOOKING,PRIMARY_SCREEN,DEFAULT,false,,false,
17813606734422395399,ActiveClinic Public Ecosystem & Booking Flow,https://stitch.withgoogle.com/projects/17813606734422395399,3f05000a252b4732952b7dcbd70a9c06,P25 - Juflona Booking - Procedure Slot - Mobile,p25   juflona booking   procedure slot   mobile,,MOBILE,780x2100,P25,PROCEDURE_BOOKING,PRIMARY_SCREEN,DEFAULT,false,,false,
17813606734422395399,ActiveClinic Public Ecosystem & Booking Flow,https://stitch.withgoogle.com/projects/17813606734422395399,9a4b08f02d2b4cc990eab7b16b4202aa,P25 - Juflona Booking - Procedure SMS States - Mobile,p25   juflona booking   procedure sms states   mobile,,MOBILE,780x1804,P25,PROCEDURE_BOOKING,STATE_VARIANT,OTHER,false,,false,
17813606734422395399,ActiveClinic Public Ecosystem & Booking Flow,https://stitch.withgoogle.com/projects/17813606734422395399,1e23d5e9dfa649aab7746c966b255a5f,P25 - Juflona Booking - Procedure Submitted - Desktop,p25   juflona booking   procedure submitted   desktop,,DESKTOP,2560x2048,P25,PROCEDURE_BOOKING,SUCCESS_STATE,SUCCESS,false,,false,
17813606734422395399,ActiveClinic Public Ecosystem & Booking Flow,https://stitch.withgoogle.com/projects/17813606734422395399,df69f70fb79c467b9aa9a7750520a241,P25 - Juflona Booking - Procedure Submitted - Mobile,p25   juflona booking   procedure submitted   mobile,,MOBILE,780x1988,P25,PROCEDURE_BOOKING,SUCCESS_STATE,SUCCESS,false,,false,
17813606734422395399,ActiveClinic Public Ecosystem & Booking Flow,https://stitch.withgoogle.com/projects/17813606734422395399,042c455322b94242b289e4c5cee37fe8,P25 - Juflona Booking - Procedure Unavailable - Mobile,p25   juflona booking   procedure unavailable   mobile,,MOBILE,780x1768,P25,PROCEDURE_BOOKING,PRIMARY_SCREEN,UNAVAILABLE,false,,false,
17813606734422395399,ActiveClinic Public Ecosystem & Booking Flow,https://stitch.withgoogle.com/projects/17813606734422395399,ef1d0961e88e43549af5361a5fb9320c,P25 - Juflona Booking - Referral and Upload States - Mobile,p25   juflona booking   referral and upload states   mobile,,MOBILE,780x2292,P25,PROCEDURE_BOOKING,STATE_VARIANT,OTHER,false,,false,
17813606734422395399,ActiveClinic Public Ecosystem & Booking Flow,https://stitch.withgoogle.com/projects/17813606734422395399,72428671e0fa4317bad44d3ccf367ea8,P25 - Juflona Booking - Referral Clarification - Mobile,p25   juflona booking   referral clarification   mobile,,MOBILE,780x1768,P25,PROCEDURE_BOOKING,PRIMARY_SCREEN,DEFAULT,false,,false,
17813606734422395399,ActiveClinic Public Ecosystem & Booking Flow,https://stitch.withgoogle.com/projects/17813606734422395399,7377b7ca51e049048c10e34af2950bac,P25 - Juflona Booking - Referral Requirements - Desktop,p25   juflona booking   referral requirements   desktop,,DESKTOP,2560x2048,P25,PROCEDURE_BOOKING,PRIMARY_SCREEN,DEFAULT,false,,false,
17813606734422395399,ActiveClinic Public Ecosystem & Booking Flow,https://stitch.withgoogle.com/projects/17813606734422395399,28dd3dae170e43f88902aa3a1f26cdfe,P25 - Juflona Booking - Referral Requirements - Mobile,p25   juflona booking   referral requirements   mobile,,MOBILE,780x2024,P25,PROCEDURE_BOOKING,PRIMARY_SCREEN,DEFAULT,false,,false,
17813606734422395399,ActiveClinic Public Ecosystem & Booking Flow,https://stitch.withgoogle.com/projects/17813606734422395399,95f3a0fc88f7490fbd7d46e649e6b61e,P25 - Juflona Booking - Resource Availability States - Mobile,p25   juflona booking   resource availability states   mobile,,MOBILE,780x3324,P25,PROCEDURE_BOOKING,STATE_VARIANT,OTHER,false,,false,
17813606734422395399,ActiveClinic Public Ecosystem & Booking Flow,https://stitch.withgoogle.com/projects/17813606734422395399,e1a9a3b347b74171848d5639eaf48694,P26 - Juflona Booking - Booking Activity Pattern - Desktop,p26   juflona booking   booking activity pattern   desktop,,DESKTOP,2560x2048,P26,MY_BOOKING,STATE_VARIANT,OTHER,false,,false,
17813606734422395399,ActiveClinic Public Ecosystem & Booking Flow,https://stitch.withgoogle.com/projects/17813606734422395399,ca7cdd02f84f4a13abb5b324f3fb453f,P26 - Juflona Booking - Booking Changed During Request - Mobile,p26   juflona booking   booking changed during request   mobile,,MOBILE,780x1768,P26,MY_BOOKING,PRIMARY_SCREEN,DEFAULT,false,,false,
17813606734422395399,ActiveClinic Public Ecosystem & Booking Flow,https://stitch.withgoogle.com/projects/17813606734422395399,df011954ab5248cfb5126f49d6187258,P26 - Juflona Booking - Booking Detail Cancelled - Desktop,p26   juflona booking   booking detail cancelled   desktop,,DESKTOP,2560x2048,P26,MY_BOOKING,PRIMARY_SCREEN,CANCELLED,false,,false,
17813606734422395399,ActiveClinic Public Ecosystem & Booking Flow,https://stitch.withgoogle.com/projects/17813606734422395399,48a852ead3284e44b9700df8a8875167,P26 - Juflona Booking - Booking Detail Cancelled - Mobile,p26   juflona booking   booking detail cancelled   mobile,,MOBILE,780x1774,P26,MY_BOOKING,PRIMARY_SCREEN,CANCELLED,false,,false,
17813606734422395399,ActiveClinic Public Ecosystem & Booking Flow,https://stitch.withgoogle.com/projects/17813606734422395399,a0d78f650671453594236ad0ad1f727f,P26 - Juflona Booking - Booking Detail Completed - Desktop,p26   juflona booking   booking detail completed   desktop,,DESKTOP,2560x2048,P26,MY_BOOKING,SUCCESS_STATE,SUCCESS,false,,false,
17813606734422395399,ActiveClinic Public Ecosystem & Booking Flow,https://stitch.withgoogle.com/projects/17813606734422395399,bbe2c7c3fdf442b397ee457e287b1674,P26 - Juflona Booking - Booking Detail Completed - Mobile,p26   juflona booking   booking detail completed   mobile,,MOBILE,780x1814,P26,MY_BOOKING,SUCCESS_STATE,SUCCESS,false,,false,
17813606734422395399,ActiveClinic Public Ecosystem & Booking Flow,https://stitch.withgoogle.com/projects/17813606734422395399,36db01f8f7d741a8ad3b91536834ab10,P26 - Juflona Booking - Booking Detail Confirmed - Desktop,p26   juflona booking   booking detail confirmed   desktop,,DESKTOP,2560x2186,P26,MY_BOOKING,PRIMARY_SCREEN,CONFIRMED,false,,false,
17813606734422395399,ActiveClinic Public Ecosystem & Booking Flow,https://stitch.withgoogle.com/projects/17813606734422395399,5511e7ced0094007b300f58665fc9ccd,P26 - Juflona Booking - Booking Detail Confirmed - Mobile,p26   juflona booking   booking detail confirmed   mobile,,MOBILE,780x1768,P26,MY_BOOKING,PRIMARY_SCREEN,CONFIRMED,false,,false,
17813606734422395399,ActiveClinic Public Ecosystem & Booking Flow,https://stitch.withgoogle.com/projects/17813606734422395399,0a244c1b24f140368509e4f6f014a9fe,P26 - Juflona Booking - Booking Detail No-show - Desktop,p26   juflona booking   booking detail no show   desktop,,DESKTOP,2560x2048,P26,MY_BOOKING,PRIMARY_SCREEN,OTHER,false,,false,
17813606734422395399,ActiveClinic Public Ecosystem & Booking Flow,https://stitch.withgoogle.com/projects/17813606734422395399,e712f1d474024445899b4014f1d5c977,P26 - Juflona Booking - Booking Detail No-show - Mobile,p26   juflona booking   booking detail no show   mobile,,MOBILE,780x1768,P26,MY_BOOKING,PRIMARY_SCREEN,OTHER,false,,false,
17813606734422395399,ActiveClinic Public Ecosystem & Booking Flow,https://stitch.withgoogle.com/projects/17813606734422395399,3b311f353e1745c0b020b400af92b0f5,P26 - Juflona Booking - Booking Detail Pending - Desktop,p26   juflona booking   booking detail pending   desktop,,DESKTOP,2560x2048,P26,MY_BOOKING,PRIMARY_SCREEN,PENDING,false,,false,
17813606734422395399,ActiveClinic Public Ecosystem & Booking Flow,https://stitch.withgoogle.com/projects/17813606734422395399,df7614f5b31347d4b3dff81928e5eadc,P26 - Juflona Booking - Booking Detail Pending - Mobile,p26   juflona booking   booking detail pending   mobile,,MOBILE,780x2460,P26,MY_BOOKING,PRIMARY_SCREEN,PENDING,false,,false,
17813606734422395399,ActiveClinic Public Ecosystem & Booking Flow,https://stitch.withgoogle.com/projects/17813606734422395399,8e3e9337e8404c38b4f3e1dacdc7ba9c,P26 - Juflona Booking - Booking Detail Rescheduled - Desktop,p26   juflona booking   booking detail rescheduled   desktop,,DESKTOP,2560x2156,P26,MY_BOOKING,PRIMARY_SCREEN,RESCHEDULED,false,,false,
17813606734422395399,ActiveClinic Public Ecosystem & Booking Flow,https://stitch.withgoogle.com/projects/17813606734422395399,189043d6d06d4819b06ea42e22e10035,P26 - Juflona Booking - Booking Detail Rescheduled - Mobile,p26   juflona booking   booking detail rescheduled   mobile,,MOBILE,780x1768,P26,MY_BOOKING,PRIMARY_SCREEN,RESCHEDULED,false,,false,
17813606734422395399,ActiveClinic Public Ecosystem & Booking Flow,https://stitch.withgoogle.com/projects/17813606734422395399,b18ffbdac9a644f8bea30734fc9368df,P26 - Juflona Booking - Booking Status Patterns - Desktop,p26   juflona booking   booking status patterns   desktop,,DESKTOP,2560x2132,P26,MY_BOOKING,STATE_VARIANT,OTHER,false,,false,
17813606734422395399,ActiveClinic Public Ecosystem & Booking Flow,https://stitch.withgoogle.com/projects/17813606734422395399,766528bda7e548ac93d381129023802f,P26 - Juflona Booking - Cancellation Request - Desktop,p26   juflona booking   cancellation request   desktop,,DESKTOP,2560x2142,P26,MY_BOOKING,PRIMARY_SCREEN,CANCELLED,false,,false,
17813606734422395399,ActiveClinic Public Ecosystem & Booking Flow,https://stitch.withgoogle.com/projects/17813606734422395399,81d1f26454324356b25cfec1db745491,P26 - Juflona Booking - Cancellation Request - Mobile,p26   juflona booking   cancellation request   mobile,,MOBILE,780x1838,P26,MY_BOOKING,PRIMARY_SCREEN,CANCELLED,false,,false,
17813606734422395399,ActiveClinic Public Ecosystem & Booking Flow,https://stitch.withgoogle.com/projects/17813606734422395399,4685ca7800dd477faa561270dfe01cba,P26 - Juflona Booking - Cancellation Review - Desktop,p26   juflona booking   cancellation review   desktop,,DESKTOP,2560x2048,P26,MY_BOOKING,PRIMARY_SCREEN,CANCELLED,false,,false,
17813606734422395399,ActiveClinic Public Ecosystem & Booking Flow,https://stitch.withgoogle.com/projects/17813606734422395399,3be2c468e5e24ae592feb7c8b264b098,P26 - Juflona Booking - Cancellation Review - Mobile,p26   juflona booking   cancellation review   mobile,,MOBILE,780x1768,P26,MY_BOOKING,PRIMARY_SCREEN,CANCELLED,false,,false,
17813606734422395399,ActiveClinic Public Ecosystem & Booking Flow,https://stitch.withgoogle.com/projects/17813606734422395399,f510ec7d017e426e86e801932011d346,P26 - Juflona Booking - Cancellation Submitted - Desktop,p26   juflona booking   cancellation submitted   desktop,,DESKTOP,2560x2196,P26,MY_BOOKING,SUCCESS_STATE,SUCCESS,false,,false,
17813606734422395399,ActiveClinic Public Ecosystem & Booking Flow,https://stitch.withgoogle.com/projects/17813606734422395399,f30239e9267242c0af4dfbaf44bb2d20,P26 - Juflona Booking - Cancellation Submitted - Mobile,p26   juflona booking   cancellation submitted   mobile,,MOBILE,780x2218,P26,MY_BOOKING,SUCCESS_STATE,SUCCESS,false,,false,
17813606734422395399,ActiveClinic Public Ecosystem & Booking Flow,https://stitch.withgoogle.com/projects/17813606734422395399,7b7546940db743839e4c4b11ae366dda,P26 - Juflona Booking - Change Request States - Mobile,p26   juflona booking   change request states   mobile,,MOBILE,780x2548,P26,MY_BOOKING,STATE_VARIANT,OTHER,false,,false,
17813606734422395399,ActiveClinic Public Ecosystem & Booking Flow,https://stitch.withgoogle.com/projects/17813606734422395399,e4fa5d144ebb46cea06c4ef3a3af3e7b,P26 - Juflona Booking - Lookup Error States - Mobile,p26   juflona booking   lookup error states   mobile,,MOBILE,780x4492,P26,MY_BOOKING,ERROR_STATE,ERROR,false,,false,
17813606734422395399,ActiveClinic Public Ecosystem & Booking Flow,https://stitch.withgoogle.com/projects/17813606734422395399,ab96f1f72f444e9e943a1e6b2d539b46,P26 - Juflona Booking - Lookup Progress - Mobile,p26   juflona booking   lookup progress   mobile,,MOBILE,780x1768,P26,MY_BOOKING,PRIMARY_SCREEN,DEFAULT,false,,false,
17813606734422395399,ActiveClinic Public Ecosystem & Booking Flow,https://stitch.withgoogle.com/projects/17813606734422395399,8f9a5650ff3d4f7482de4f82bcee597b,P26 - Juflona Booking - Mobile Booking Summary Pattern - Mobile,p26   juflona booking   mobile booking summary pattern   mobile,,MOBILE,780x1768,P26,MY_BOOKING,STATE_VARIANT,OTHER,false,,false,
17813606734422395399,ActiveClinic Public Ecosystem & Booking Flow,https://stitch.withgoogle.com/projects/17813606734422395399,a8ad8c9b489149d592cd9ca53a525e14,P26 - Juflona Booking - My Booking - Desktop,p26   juflona booking   my booking   desktop,,DESKTOP,2560x2048,P26,MY_BOOKING,PRIMARY_SCREEN,DEFAULT,false,,false,
17813606734422395399,ActiveClinic Public Ecosystem & Booking Flow,https://stitch.withgoogle.com/projects/17813606734422395399,a2b5c7ddfddc4c80a1ddb035748da72f,P26 - Juflona Booking - My Booking - Mobile,p26   juflona booking   my booking   mobile,,MOBILE,780x2050,P26,MY_BOOKING,PRIMARY_SCREEN,DEFAULT,false,,false,
17813606734422395399,ActiveClinic Public Ecosystem & Booking Flow,https://stitch.withgoogle.com/projects/17813606734422395399,4e84a1501ffa454b91221a4f32cfaabb,P26 - Juflona Booking - Pending Preference Change - Mobile,p26   juflona booking   pending preference change   mobile,,MOBILE,780x1868,P26,MY_BOOKING,PRIMARY_SCREEN,PENDING,false,,false,
17813606734422395399,ActiveClinic Public Ecosystem & Booking Flow,https://stitch.withgoogle.com/projects/17813606734422395399,e50e9dfeaf1a405bbf3f3c334ebbe039,P26 - Juflona Booking - Privacy and Lookup Rules - Desktop,p26   juflona booking   privacy and lookup rules   desktop,,DESKTOP,2560x2178,P26,MY_BOOKING,PRIMARY_SCREEN,DEFAULT,false,,false,
17813606734422395399,ActiveClinic Public Ecosystem & Booking Flow,https://stitch.withgoogle.com/projects/17813606734422395399,97540ef2e0244f97a2974c50835276c3,P26 - Juflona Booking - Reschedule Request - Desktop,p26   juflona booking   reschedule request   desktop,,DESKTOP,2560x2872,P26,MY_BOOKING,PRIMARY_SCREEN,RESCHEDULED,false,,false,
17813606734422395399,ActiveClinic Public Ecosystem & Booking Flow,https://stitch.withgoogle.com/projects/17813606734422395399,c016257b490d42ccb49bdb01e4228c2f,P26 - Juflona Booking - Reschedule Request - Mobile,p26   juflona booking   reschedule request   mobile,,MOBILE,780x1868,P26,MY_BOOKING,PRIMARY_SCREEN,RESCHEDULED,false,,false,
17813606734422395399,ActiveClinic Public Ecosystem & Booking Flow,https://stitch.withgoogle.com/projects/17813606734422395399,d968e9e9008d4987a5c4cdba86ab9a95,P26 - Juflona Booking - Reschedule Review - Desktop,p26   juflona booking   reschedule review   desktop,,DESKTOP,2560x2048,P26,MY_BOOKING,PRIMARY_SCREEN,RESCHEDULED,false,,false,
17813606734422395399,ActiveClinic Public Ecosystem & Booking Flow,https://stitch.withgoogle.com/projects/17813606734422395399,15321bc4c76f4c08b61e59972aa7d44f,P26 - Juflona Booking - Reschedule Review - Mobile,p26   juflona booking   reschedule review   mobile,,MOBILE,780x1768,P26,MY_BOOKING,PRIMARY_SCREEN,RESCHEDULED,false,,false,
17813606734422395399,ActiveClinic Public Ecosystem & Booking Flow,https://stitch.withgoogle.com/projects/17813606734422395399,ba51a076b8ed49e0b4761f3068b56e41,P26 - Juflona Booking - Reschedule Submitted - Desktop,p26   juflona booking   reschedule submitted   desktop,,DESKTOP,2560x2048,P26,MY_BOOKING,SUCCESS_STATE,SUCCESS,false,,false,
17813606734422395399,ActiveClinic Public Ecosystem & Booking Flow,https://stitch.withgoogle.com/projects/17813606734422395399,684f5190840549698bd9237caedeccb3,P26 - Juflona Booking - Reschedule Submitted - Mobile,p26   juflona booking   reschedule submitted   mobile,,MOBILE,780x2098,P26,MY_BOOKING,SUCCESS_STATE,SUCCESS,false,,false,
17813606734422395399,ActiveClinic Public Ecosystem & Booking Flow,https://stitch.withgoogle.com/projects/17813606734422395399,bb852d4218b9470981d9944eff62b1b4,P27 - Juflona Patient - Account Security - Desktop,p27   juflona patient   account security   desktop,,DESKTOP,2560x2626,P27,PATIENT_AUTH,PRIMARY_SCREEN,DEFAULT,false,,true,c50a51a04a084f0badd48da9827aa11f (P13 – Account Security – Desktop); Cross-project overlap candidate [account_security_sessions||DESKTOP]: related c50a51a04a084f0badd48da9827aa11f (P13 – Account Security – Desktop); e132749f634c4fff818acf3f8e21c361 (P13 – Active Sessions – Desktop)
17813606734422395399,ActiveClinic Public Ecosystem & Booking Flow,https://stitch.withgoogle.com/projects/17813606734422395399,e506a5ea31c54b0abd9d7bba96c83ed8,P27 - Juflona Patient - Booking Detail - Desktop,p27   juflona patient   booking detail   desktop,,DESKTOP,2560x2370,P27,PATIENT_PORTAL,PRIMARY_SCREEN,DEFAULT,false,,false,
17813606734422395399,ActiveClinic Public Ecosystem & Booking Flow,https://stitch.withgoogle.com/projects/17813606734422395399,b3521756764f4a978c9244a2f5c3ae9e,P27 - Juflona Patient - Booking Filters - Mobile,p27   juflona patient   booking filters   mobile,,MOBILE,780x1768,P27,PATIENT_PORTAL,PRIMARY_SCREEN,DEFAULT,false,,false,
17813606734422395399,ActiveClinic Public Ecosystem & Booking Flow,https://stitch.withgoogle.com/projects/17813606734422395399,1bb70f70b2d442bda9ec2bcfe6c9cd08,P27 - Juflona Patient - Dashboard - Desktop,p27   juflona patient   dashboard   desktop,,DESKTOP,2560x2048,P27,PATIENT_PORTAL,PRIMARY_SCREEN,DEFAULT,false,,true,390032bf54ca44ee851673a4800f9af3 (P01 – Dashboard – Desktop); 792d5cbb6f234332a088399e4ccdd545 (P07 – Cashier Dashboard – Desktop); 5b7b36f6af3b4735a81cca8cea77ee99 (P06 – Laboratory Dashboard – Desktop); f0c821818ad04f5ca658defd08962564 (P13 – Staff Access Dashboard – Desktop); 4d83f5c845ae4d91b805a1dfd6a7268d (P05 – Pharmacy Dashboard – Desktop); 65286a85cc674df097dedf0890378a29 (P06 – Radiology Dashboard – Desktop); ece0b9d1d9384f5d8c1e3b944f122e47 (P07 – Billing Dashboard – Desktop); Cross-project overlap candidate [top_level_or_patient_dashboard||DESKTOP]: related c54b0a846c054044aa0ca05194e320ef (Dashboard - Desktop)
17813606734422395399,ActiveClinic Public Ecosystem & Booking Flow,https://stitch.withgoogle.com/projects/17813606734422395399,e4c2703d85764c2cbf2f91ab890d27e3,P27 - Juflona Patient - Dashboard - Mobile,p27   juflona patient   dashboard   mobile,,MOBILE,780x1784,P27,PATIENT_PORTAL,PRIMARY_SCREEN,DEFAULT,false,,true,649bd7649ebf4c6eb787612f844a637e (P07 – Billing Dashboard – Mobile); 23bc626a58964db894619615120d3ef2 (P13 – Staff Access Dashboard – Mobile); 8be466d48814446ab8bb087baacc6ec9 (P01 – Dashboard – Mobile); d53f9752db564b18b35fd761ecd73dd8 (P06 – Laboratory Dashboard – Mobile); d19b0d5c33ae42e08ca767a11b12e591 (Dashboard - Mobile); Cross-project overlap candidate [top_level_or_patient_dashboard||MOBILE]: related d19b0d5c33ae42e08ca767a11b12e591 (Dashboard - Mobile)
17813606734422395399,ActiveClinic Public Ecosystem & Booking Flow,https://stitch.withgoogle.com/projects/17813606734422395399,0ec2c722bd80493ea69102f61b9b36e3,P27 - Juflona Patient - Dashboard Empty - Mobile,p27   juflona patient   dashboard empty   mobile,,MOBILE,780x1768,P27,PATIENT_PORTAL,EMPTY_STATE,EMPTY,false,,true,649bd7649ebf4c6eb787612f844a637e (P07 – Billing Dashboard – Mobile); 23bc626a58964db894619615120d3ef2 (P13 – Staff Access Dashboard – Mobile); 8be466d48814446ab8bb087baacc6ec9 (P01 – Dashboard – Mobile); d53f9752db564b18b35fd761ecd73dd8 (P06 – Laboratory Dashboard – Mobile); d19b0d5c33ae42e08ca767a11b12e591 (Dashboard - Mobile); Cross-project overlap candidate [top_level_or_patient_dashboard||MOBILE]: related d19b0d5c33ae42e08ca767a11b12e591 (Dashboard - Mobile)
17813606734422395399,ActiveClinic Public Ecosystem & Booking Flow,https://stitch.withgoogle.com/projects/17813606734422395399,d499e36b667047e1998d38d66be6bbe2,P27 - Juflona Patient - Dashboard Multiple Bookings - Desktop,p27   juflona patient   dashboard multiple bookings   desktop,,DESKTOP,2560x2048,P27,PATIENT_PORTAL,PRIMARY_SCREEN,POPULATED,false,,true,390032bf54ca44ee851673a4800f9af3 (P01 – Dashboard – Desktop); 792d5cbb6f234332a088399e4ccdd545 (P07 – Cashier Dashboard – Desktop); 5b7b36f6af3b4735a81cca8cea77ee99 (P06 – Laboratory Dashboard – Desktop); f0c821818ad04f5ca658defd08962564 (P13 – Staff Access Dashboard – Desktop); 4d83f5c845ae4d91b805a1dfd6a7268d (P05 – Pharmacy Dashboard – Desktop); 65286a85cc674df097dedf0890378a29 (P06 – Radiology Dashboard – Desktop); ece0b9d1d9384f5d8c1e3b944f122e47 (P07 – Billing Dashboard – Desktop); Cross-project overlap candidate [top_level_or_patient_dashboard||DESKTOP]: related c54b0a846c054044aa0ca05194e320ef (Dashboard - Desktop)
17813606734422395399,ActiveClinic Public Ecosystem & Booking Flow,https://stitch.withgoogle.com/projects/17813606734422395399,215624995dc145f7ad5f6adb14fd4ae6,P27 - Juflona Patient - Forgot Password - Desktop,p27   juflona patient   forgot password   desktop,,DESKTOP,2560x2048,P27,PATIENT_AUTH,PRIMARY_SCREEN,DEFAULT,false,,false,
17813606734422395399,ActiveClinic Public Ecosystem & Booking Flow,https://stitch.withgoogle.com/projects/17813606734422395399,9ff0dd371e8e49d38b82288c77699671,P27 - Juflona Patient - Forgot Password - Mobile,p27   juflona patient   forgot password   mobile,,MOBILE,780x1768,P27,PATIENT_AUTH,PRIMARY_SCREEN,DEFAULT,false,,true,Cross-project overlap candidate [password_recovery_or_set||MOBILE]: related 4abbdd1d655045e697922c3b209c9e15 (P13 – Set Initial Password)
17813606734422395399,ActiveClinic Public Ecosystem & Booking Flow,https://stitch.withgoogle.com/projects/17813606734422395399,1d86eebeee5645c784e68b3b6315d06b,P27 - Juflona Patient - Link Guest Booking - Mobile,p27   juflona patient   link guest booking   mobile,,MOBILE,780x1768,P27,PATIENT_PORTAL,PRIMARY_SCREEN,DEFAULT,false,,false,
17813606734422395399,ActiveClinic Public Ecosystem & Booking Flow,https://stitch.withgoogle.com/projects/17813606734422395399,4bc683c012fc465681d21655ac3d1d01,P27 - Juflona Patient - Login - Desktop,p27   juflona patient   login   desktop,,DESKTOP,2560x2048,P27,PATIENT_AUTH,PRIMARY_SCREEN,DEFAULT,false,,true,8bf5c500e0d14014944618029212b2c9 (Login - Desktop); Cross-project overlap candidate [patient_staff_login||DESKTOP]: related 8bf5c500e0d14014944618029212b2c9 (Login - Desktop); ca8a34cf1ecb4fefa2ed31fb9873ae45 (P01 – Login – Desktop)
17813606734422395399,ActiveClinic Public Ecosystem & Booking Flow,https://stitch.withgoogle.com/projects/17813606734422395399,7c24084776e64719be06423d42263e61,P27 - Juflona Patient - Login - Mobile,p27   juflona patient   login   mobile,,MOBILE,780x1920,P27,PATIENT_AUTH,PRIMARY_SCREEN,DEFAULT,false,,true,026f619c35b04a5c8dde16eca9f7cf35 (P01 – Login – Mobile); Cross-project overlap candidate [patient_staff_login||MOBILE]: related 6e3cbe4963c3428196b10d3bb27421d5 (Login - Mobile); 026f619c35b04a5c8dde16eca9f7cf35 (P01 – Login – Mobile)
17813606734422395399,ActiveClinic Public Ecosystem & Booking Flow,https://stitch.withgoogle.com/projects/17813606734422395399,795b6f3cce584467bdc369bd89f67419,P27 - Juflona Patient - Login States - Mobile,p27   juflona patient   login states   mobile,,MOBILE,780x2804,P27,PATIENT_AUTH,STATE_VARIANT,OTHER,false,,true,026f619c35b04a5c8dde16eca9f7cf35 (P01 – Login – Mobile); Cross-project overlap candidate [patient_staff_login||MOBILE]: related 6e3cbe4963c3428196b10d3bb27421d5 (Login - Mobile); 026f619c35b04a5c8dde16eca9f7cf35 (P01 – Login – Mobile)
17813606734422395399,ActiveClinic Public Ecosystem & Booking Flow,https://stitch.withgoogle.com/projects/17813606734422395399,e5078ea281eb4f29a284cf461b1c9b85,P27 - Juflona Patient - Mobile Navigation Pattern - Mobile,p27   juflona patient   mobile navigation pattern   mobile,,MOBILE,780x1896,P27,PUBLIC_PLATFORM,STATE_VARIANT,OTHER,false,,false,87c5a80e0fcb40179c0d1ce7ea906762 (Navigation Drawer - Mobile)
17813606734422395399,ActiveClinic Public Ecosystem & Booking Flow,https://stitch.withgoogle.com/projects/17813606734422395399,b86ad20f46574f5cba98f3aa4909b597,P27 - Juflona Patient - My Bookings - Mobile,p27   juflona patient   my bookings   mobile,,MOBILE,780x2274,P27,PATIENT_PORTAL,PRIMARY_SCREEN,DEFAULT,false,,false,
17813606734422395399,ActiveClinic Public Ecosystem & Booking Flow,https://stitch.withgoogle.com/projects/17813606734422395399,1938bff7a7d54fa5a7d856457864d84d,P27 - Juflona Patient - Notifications - Mobile,p27   juflona patient   notifications   mobile,,MOBILE,780x1980,P27,PATIENT_PORTAL,PRIMARY_SCREEN,DEFAULT,false,,false,
17813606734422395399,ActiveClinic Public Ecosystem & Booking Flow,https://stitch.withgoogle.com/projects/17813606734422395399,cc39b8bf074e408682da114b26ed8897,P27 - Juflona Patient - Password Updated - Mobile,p27   juflona patient   password updated   mobile,,MOBILE,780x1768,P27,PATIENT_AUTH,SUCCESS_STATE,SUCCESS,false,,true,Cross-project overlap candidate [password_recovery_or_set||MOBILE]: related 4abbdd1d655045e697922c3b209c9e15 (P13 – Set Initial Password)
17813606734422395399,ActiveClinic Public Ecosystem & Booking Flow,https://stitch.withgoogle.com/projects/17813606734422395399,8405633077d0486f9622badff41899c9,P27 - Juflona Patient - Patient Data Boundaries - Desktop,p27   juflona patient   patient data boundaries   desktop,,DESKTOP,2560x2048,P27,PATIENT_PORTAL,PRIMARY_SCREEN,DEFAULT,false,,false,
17813606734422395399,ActiveClinic Public Ecosystem & Booking Flow,https://stitch.withgoogle.com/projects/17813606734422395399,5eceb58beaad489ba03f6750dee3896d,P27 - Juflona Patient - Portal Component Patterns - Desktop,p27   juflona patient   portal component patterns   desktop,,DESKTOP,2560x3534,P27,PATIENT_PORTAL,STATE_VARIANT,OTHER,false,,false,
17813606734422395399,ActiveClinic Public Ecosystem & Booking Flow,https://stitch.withgoogle.com/projects/17813606734422395399,210ee3ac1bbe43588ed84d2e663c6604,P27 - Juflona Patient - Portal Offline State - Mobile,p27   juflona patient   portal offline state   mobile,,MOBILE,780x1768,P27,PATIENT_PORTAL,STATE_VARIANT,OTHER,false,,false,
17813606734422395399,ActiveClinic Public Ecosystem & Booking Flow,https://stitch.withgoogle.com/projects/17813606734422395399,34350dec0e124a538024436ec728e2be,P27 - Juflona Patient - Profile - Desktop,p27   juflona patient   profile   desktop,,DESKTOP,2560x2048,P27,PATIENT_PORTAL,PRIMARY_SCREEN,DEFAULT,false,,false,
17813606734422395399,ActiveClinic Public Ecosystem & Booking Flow,https://stitch.withgoogle.com/projects/17813606734422395399,3e22604b90844b499b98bed2dba8f81c,P27 - Juflona Patient - Recovery Verification - Mobile,p27   juflona patient   recovery verification   mobile,,MOBILE,780x1768,P27,PATIENT_AUTH,PRIMARY_SCREEN,DEFAULT,false,,true,Cross-project overlap candidate [password_recovery_or_set||MOBILE]: related 4abbdd1d655045e697922c3b209c9e15 (P13 – Set Initial Password)
17813606734422395399,ActiveClinic Public Ecosystem & Booking Flow,https://stitch.withgoogle.com/projects/17813606734422395399,cc7711d9ca2947bba30e8bdde0c473de,P27 - Juflona Patient - Register - Desktop,p27   juflona patient   register   desktop,,DESKTOP,2560x2580,P27,PATIENT_AUTH,PRIMARY_SCREEN,DEFAULT,false,,false,
17813606734422395399,ActiveClinic Public Ecosystem & Booking Flow,https://stitch.withgoogle.com/projects/17813606734422395399,588d1139d7b548c5856e9e34ce736bf9,P27 - Juflona Patient - Register - Mobile,p27   juflona patient   register   mobile,,MOBILE,780x2036,P27,PATIENT_AUTH,PRIMARY_SCREEN,DEFAULT,false,,false,
17813606734422395399,ActiveClinic Public Ecosystem & Booking Flow,https://stitch.withgoogle.com/projects/17813606734422395399,bc0fd174f14d4a3a8e78a57aad1564ee,P27 - Juflona Patient - Registration States - Mobile,p27   juflona patient   registration states   mobile,,MOBILE,780x7280,P27,PATIENT_PORTAL,STATE_VARIANT,OTHER,false,,false,
17813606734422395399,ActiveClinic Public Ecosystem & Booking Flow,https://stitch.withgoogle.com/projects/17813606734422395399,e1b3f826511f408e85c401d3a455f26d,P27 - Juflona Patient - Set New Password - Desktop,p27   juflona patient   set new password   desktop,,DESKTOP,2560x2048,P27,PATIENT_AUTH,PRIMARY_SCREEN,DEFAULT,false,,false,
17813606734422395399,ActiveClinic Public Ecosystem & Booking Flow,https://stitch.withgoogle.com/projects/17813606734422395399,fb2dab64c9ed41f483ae83d4a7f20fe3,P27 - Juflona Patient - Set New Password - Mobile,p27   juflona patient   set new password   mobile,,MOBILE,780x1768,P27,PATIENT_AUTH,PRIMARY_SCREEN,DEFAULT,false,,true,Cross-project overlap candidate [password_recovery_or_set||MOBILE]: related 4abbdd1d655045e697922c3b209c9e15 (P13 – Set Initial Password)
17813606734422395399,ActiveClinic Public Ecosystem & Booking Flow,https://stitch.withgoogle.com/projects/17813606734422395399,aebd18aad45b40ad90ebe164b87b282e,P27 - Juflona Patient - Verification Success - Mobile,p27   juflona patient   verification success   mobile,,MOBILE,780x1768,P27,PATIENT_AUTH,SUCCESS_STATE,SUCCESS,false,,false,
17813606734422395399,ActiveClinic Public Ecosystem & Booking Flow,https://stitch.withgoogle.com/projects/17813606734422395399,4cb2cd96dd3846dcbcd3504e45b90f47,P27 - Juflona Patient - Verify Phone - Desktop,p27   juflona patient   verify phone   desktop,,DESKTOP,2560x2048,P27,PATIENT_AUTH,PRIMARY_SCREEN,DEFAULT,false,,false,
17813606734422395399,ActiveClinic Public Ecosystem & Booking Flow,https://stitch.withgoogle.com/projects/17813606734422395399,fc27f3a94086412bbb546e19248ffc5d,P27 - Juflona Patient - Verify Phone - Mobile,p27   juflona patient   verify phone   mobile,,MOBILE,780x1768,P27,PATIENT_AUTH,PRIMARY_SCREEN,DEFAULT,false,,true,Cross-project overlap candidate [phone_verification||MOBILE]: related 1db2777e1f444a0a90ca3174a4700ac2 (P13 – Phone Verification)
17813606734422395399,ActiveClinic Public Ecosystem & Booking Flow,https://stitch.withgoogle.com/projects/17813606734422395399,dbe4c18b488e4d12ba3ce57af8e49d9f,ActiveClinic Public - Design System,activeclinic public   design system,,MOBILE,780x2702,SHARED_PUBLIC,PUBLIC_PLATFORM,OTHER,DEFAULT,false,,false,
17813606734422395399,ActiveClinic Public Ecosystem & Booking Flow,https://stitch.withgoogle.com/projects/17813606734422395399,5265ab7118c74f8b885de211483ef48c,ActiveClinic Public - Header,activeclinic public   header,,MOBILE,780x1768,SHARED_PUBLIC,PUBLIC_PLATFORM,OTHER,DEFAULT,false,,false,
17813606734422395399,ActiveClinic Public Ecosystem & Booking Flow,https://stitch.withgoogle.com/projects/17813606734422395399,e0ebb2af00e944e0b90a6400ea6093ba,ActiveClinic Public - Mobile Navigation,activeclinic public   mobile navigation,,MOBILE,780x1768,SHARED_PUBLIC,PUBLIC_PLATFORM,OTHER,DEFAULT,false,,false,87c5a80e0fcb40179c0d1ce7ea906762 (Navigation Drawer - Mobile)
17813606734422395399,ActiveClinic Public Ecosystem & Booking Flow,https://stitch.withgoogle.com/projects/17813606734422395399,83fe90078bb349efad00ea1138d795d2,ActiveClinic Tenant Template - Configuration Reference,activeclinic tenant template   configuration reference,,MOBILE,780x5104,SHARED_PUBLIC,PUBLIC_PLATFORM,OTHER,DEFAULT,false,,false,
17813606734422395399,ActiveClinic Public Ecosystem & Booking Flow,https://stitch.withgoogle.com/projects/17813606734422395399,f8ab02fa6a8143debebc923644f62961,ActiveClinic Tenant Template - Footer,activeclinic tenant template   footer,,MOBILE,780x2828,SHARED_PUBLIC,PUBLIC_PLATFORM,OTHER,DEFAULT,false,,false,
