stitch_project_id,stitch_screen_id,stitch_screen_title,stitch_phase,stitch_functional_area,stitch_device,stitch_state,mapping_type,mapping_confidence,implementation_ids,route_paths,view_paths,implementation_states,device_support,canonical_stitch_screen_id,product_difference,missing_requirement,evidence,notes
12272131183982732110,8731b06bbfa747e98e05372c9aafb3e9,Access Restricted,P01,APP_SHELL,DESKTOP,DISABLED,EXACT_IMPLEMENTATION_MATCH,HIGH,ACV7-IMPL-0084,(access-state),views/activeclinic/app/access-state.ejs,DISABLED,DESKTOP|MOBILE,,,,Mapped to ACV7-IMPL-0084 via (access-state) / views/activeclinic/app/access-state.ejs,
12272131183982732110,9f3abb837fc3413aa128949afce0d8c4,Application Shell - Desktop,P01,APP_SHELL,DESKTOP,DEFAULT,MULTIPLE_STITCH_TO_ONE_IMPLEMENTATION,HIGH,ACV7-IMPL-0186|ACV7-IMPL-0087,/app/*|/app,views/activeclinic/layouts/app-shell.ejs|views/activeclinic/app/home-content.ejs,DEFAULT|POPULATED,MOBILE|DESKTOP,,,,"Mapped to ACV7-IMPL-0186, ACV7-IMPL-0087 via /app/* | /app / views/activeclinic/layouts/app-shell.ejs | views/activeclinic/app/home-content.ejs",Shell chrome + home under app-shell
12272131183982732110,c54b0a846c054044aa0ca05194e320ef,Dashboard - Desktop,P01,DASHBOARD,DESKTOP,DEFAULT,DUPLICATE_STITCH_VARIANT,HIGH,ACV7-IMPL-0087,/app,views/activeclinic/app/home-content.ejs,POPULATED,DESKTOP|MOBILE,390032bf54ca44ee851673a4800f9af3,,,Duplicate Stitch iteration; inherits mapping of 390032bf54ca44ee851673a4800f9af3,; Duplicate of P01 – Dashboard – Desktop (dup_006)
12272131183982732110,d19b0d5c33ae42e08ca767a11b12e591,Dashboard - Mobile,P01,DASHBOARD,MOBILE,DEFAULT,DUPLICATE_STITCH_VARIANT,HIGH,ACV7-IMPL-0087,/app,views/activeclinic/app/home-content.ejs,POPULATED,DESKTOP|MOBILE,8be466d48814446ab8bb087baacc6ec9,,,Duplicate Stitch iteration; inherits mapping of 8be466d48814446ab8bb087baacc6ec9,; Duplicate of P01 – Dashboard – Mobile (dup_008)
12272131183982732110,8bf5c500e0d14014944618029212b2c9,Login - Desktop,P01,APP_SHELL,DESKTOP,DEFAULT,DUPLICATE_STITCH_VARIANT,HIGH,ACV7-IMPL-0075,/login,views/activeclinic/auth/login.ejs,DEFAULT,DESKTOP|MOBILE,ca8a34cf1ecb4fefa2ed31fb9873ae45,,,Duplicate Stitch iteration; inherits mapping of ca8a34cf1ecb4fefa2ed31fb9873ae45,; Duplicate of P01 – Login – Desktop (dup_007)
12272131183982732110,6e3cbe4963c3428196b10d3bb27421d5,Login - Mobile,P01,APP_SHELL,MOBILE,DEFAULT,DUPLICATE_STITCH_VARIANT,HIGH,ACV7-IMPL-0075,/login,views/activeclinic/auth/login.ejs,DEFAULT,DESKTOP|MOBILE,026f619c35b04a5c8dde16eca9f7cf35,,,Duplicate Stitch iteration; inherits mapping of 026f619c35b04a5c8dde16eca9f7cf35,; Duplicate of P01 – Login – Mobile (dup_004)
12272131183982732110,87c5a80e0fcb40179c0d1ce7ea906762,Navigation Drawer - Mobile,P01,APP_SHELL,MOBILE,DEFAULT,DUPLICATE_STITCH_VARIANT,HIGH,ACV7-IMPL-0186,/app/*,views/activeclinic/layouts/app-shell.ejs,DEFAULT,MOBILE,9f55cec7eb884dbebc2e01c6fb0fe58e,,,Duplicate Stitch iteration; inherits mapping of 9f55cec7eb884dbebc2e01c6fb0fe58e,; Duplicate of P01 – Navigation Drawer – Mobile (dup_005)
12272131183982732110,390032bf54ca44ee851673a4800f9af3,P01 – Dashboard – Desktop,P01,DASHBOARD,DESKTOP,DEFAULT,MULTIPLE_STITCH_TO_ONE_IMPLEMENTATION,HIGH,ACV7-IMPL-0087,/app,views/activeclinic/app/home-content.ejs,POPULATED,DESKTOP|MOBILE,,,,Mapped to ACV7-IMPL-0087 via /app / views/activeclinic/app/home-content.ejs,
12272131183982732110,8be466d48814446ab8bb087baacc6ec9,P01 – Dashboard – Mobile,P01,DASHBOARD,MOBILE,DEFAULT,MULTIPLE_STITCH_TO_ONE_IMPLEMENTATION,HIGH,ACV7-IMPL-0087,/app,views/activeclinic/app/home-content.ejs,POPULATED,DESKTOP|MOBILE,,,,Mapped to ACV7-IMPL-0087 via /app / views/activeclinic/app/home-content.ejs,
12272131183982732110,ca8a34cf1ecb4fefa2ed31fb9873ae45,P01 – Login – Desktop,P01,APP_SHELL,DESKTOP,DEFAULT,MULTIPLE_STITCH_TO_ONE_IMPLEMENTATION,HIGH,ACV7-IMPL-0075,/login,views/activeclinic/auth/login.ejs,DEFAULT,DESKTOP|MOBILE,,,,Mapped to ACV7-IMPL-0075 via /login / views/activeclinic/auth/login.ejs,
12272131183982732110,026f619c35b04a5c8dde16eca9f7cf35,P01 – Login – Mobile,P01,APP_SHELL,MOBILE,DEFAULT,MULTIPLE_STITCH_TO_ONE_IMPLEMENTATION,HIGH,ACV7-IMPL-0075,/login,views/activeclinic/auth/login.ejs,DEFAULT,DESKTOP|MOBILE,,,,Mapped to ACV7-IMPL-0075 via /login / views/activeclinic/auth/login.ejs,
12272131183982732110,9f55cec7eb884dbebc2e01c6fb0fe58e,P01 – Navigation Drawer – Mobile,P01,APP_SHELL,MOBILE,DEFAULT,MULTIPLE_STITCH_TO_ONE_IMPLEMENTATION,HIGH,ACV7-IMPL-0186,/app/*,views/activeclinic/layouts/app-shell.ejs,DEFAULT,MOBILE,,,,Mapped to ACV7-IMPL-0186 via /app/* / views/activeclinic/layouts/app-shell.ejs,
12272131183982732110,01b9125044634434b60223746b815b25,P01 – Shared Application Shell – Desktop,P01,APP_SHELL,DESKTOP,DEFAULT,MULTIPLE_STITCH_TO_ONE_IMPLEMENTATION,HIGH,ACV7-IMPL-0186|ACV7-IMPL-0087,/app/*|/app,views/activeclinic/layouts/app-shell.ejs|views/activeclinic/app/home-content.ejs,DEFAULT|POPULATED,MOBILE|DESKTOP,,,,"Mapped to ACV7-IMPL-0186, ACV7-IMPL-0087 via /app/* | /app / views/activeclinic/layouts/app-shell.ejs | views/activeclinic/app/home-content.ejs",Shell chrome + home under app-shell
12272131183982732110,9b881d25874c41f9986246c61de32f41,P01 – Shared States – Desktop,P01,APP_SHELL,DESKTOP,OTHER,ONE_STITCH_TO_MULTIPLE_IMPLEMENTATIONS,MEDIUM,ACV7-IMPL-0084|ACV7-IMPL-0085|ACV7-IMPL-0086|ACV7-IMPL-0083,(access-state)|/app/offline,views/activeclinic/app/access-state.ejs,DISABLED|NOT_FOUND|OTHER,DESKTOP|MOBILE,,,,"Mapped to ACV7-IMPL-0084, ACV7-IMPL-0085, ACV7-IMPL-0086, ACV7-IMPL-0083 via (access-state) | /app/offline / views/activeclinic/app/access-state.ejs",Composite Stitch state board maps to access-state taxonomy pages
12272131183982732110,91e41fecc2b64496893b52317b7ab985,P02 – Duplicate Patient Warning,P02,PATIENTS,DESKTOP,OTHER,PARTIAL_IMPLEMENTATION,HIGH,ACV7-IMPL-0093,/app/patients/new,views/activeclinic/app/patient-form-content.ejs,DEFAULT,DESKTOP|MOBILE,,,Duplicate warning exists in registration service flow but no dedicated Stitch-parity modal screen row,Mapped to ACV7-IMPL-0093 via /app/patients/new / views/activeclinic/app/patient-form-content.ejs,
12272131183982732110,0c3315d05469499d9b645bc7978001bf,P02 – Edit Patient Details – Desktop,P02,PATIENTS,DESKTOP,DEFAULT,MULTIPLE_STITCH_TO_ONE_IMPLEMENTATION,HIGH,ACV7-IMPL-0097,/app/patients/:patientNumber/edit,views/activeclinic/app/patient-form-content.ejs,DEFAULT,DESKTOP|MOBILE,,,,Mapped to ACV7-IMPL-0097 via /app/patients/:patientNumber/edit / views/activeclinic/app/patient-form-content.ejs,
12272131183982732110,4c6a5fe1c21c46709679f3707b8bf4dc,P02 – Edit Patient Details – Mobile,P02,PATIENTS,MOBILE,DEFAULT,MULTIPLE_STITCH_TO_ONE_IMPLEMENTATION,HIGH,ACV7-IMPL-0097,/app/patients/:patientNumber/edit,views/activeclinic/app/patient-form-content.ejs,DEFAULT,DESKTOP|MOBILE,,,,Mapped to ACV7-IMPL-0097 via /app/patients/:patientNumber/edit / views/activeclinic/app/patient-form-content.ejs,
12272131183982732110,5a6728d97b674200823562bb015e10ed,P02 – Patient List – Desktop,P02,PATIENTS,DESKTOP,DEFAULT,MULTIPLE_STITCH_TO_ONE_IMPLEMENTATION,HIGH,ACV7-IMPL-0091,/app/patients,views/activeclinic/app/patients-list-content.ejs,DEFAULT,DESKTOP|MOBILE,,,,Mapped to ACV7-IMPL-0091 via /app/patients / views/activeclinic/app/patients-list-content.ejs,
12272131183982732110,58bd5e04f71340ff8d067721eb5562d4,P02 – Patient List – Mobile,P02,PATIENTS,MOBILE,DEFAULT,MULTIPLE_STITCH_TO_ONE_IMPLEMENTATION,HIGH,ACV7-IMPL-0091,/app/patients,views/activeclinic/app/patients-list-content.ejs,DEFAULT,DESKTOP|MOBILE,,,,Mapped to ACV7-IMPL-0091 via /app/patients / views/activeclinic/app/patients-list-content.ejs,
12272131183982732110,1a15f0bf4e564c4993ca33aa2d578a58,P02 – Patient Profile Overview – Desktop,P02,PATIENTS,DESKTOP,DEFAULT,MULTIPLE_STITCH_TO_ONE_IMPLEMENTATION,HIGH,ACV7-IMPL-0096,/app/patients/:patientNumber,views/activeclinic/app/patient-profile-content.ejs,DEFAULT,DESKTOP|MOBILE,,,,Mapped to ACV7-IMPL-0096 via /app/patients/:patientNumber / views/activeclinic/app/patient-profile-content.ejs,
12272131183982732110,99eb441b48a24fa19855e76669c0da86,P02 – Patient Profile Overview – Mobile,P02,PATIENTS,MOBILE,DEFAULT,MULTIPLE_STITCH_TO_ONE_IMPLEMENTATION,HIGH,ACV7-IMPL-0096,/app/patients/:patientNumber,views/activeclinic/app/patient-profile-content.ejs,DEFAULT,DESKTOP|MOBILE,,,,Mapped to ACV7-IMPL-0096 via /app/patients/:patientNumber / views/activeclinic/app/patient-profile-content.ejs,
12272131183982732110,cd688e761cca43a1af299769014cb5f0,P02 – Patient Registration Success – Desktop,P02,PATIENTS,DESKTOP,SUCCESS,MULTIPLE_STITCH_TO_ONE_IMPLEMENTATION,HIGH,ACV7-IMPL-0095,/app/patients,views/activeclinic/app/patient-success-content.ejs,SUCCESS,DESKTOP|MOBILE,,,,Mapped to ACV7-IMPL-0095 via /app/patients / views/activeclinic/app/patient-success-content.ejs,
12272131183982732110,b9615559155d41d591dbb91e18c6a090,P02 – Patient Registration Success – Mobile,P02,PATIENTS,MOBILE,SUCCESS,MULTIPLE_STITCH_TO_ONE_IMPLEMENTATION,HIGH,ACV7-IMPL-0095,/app/patients,views/activeclinic/app/patient-success-content.ejs,SUCCESS,DESKTOP|MOBILE,,,,Mapped to ACV7-IMPL-0095 via /app/patients / views/activeclinic/app/patient-success-content.ejs,
12272131183982732110,f98b2e6f2a4a4953a4d811af7b3737a2,P02 – Patient Shared States – Desktop,P02,PATIENTS,DESKTOP,OTHER,PARTIAL_IMPLEMENTATION,MEDIUM,ACV7-IMPL-0091|ACV7-IMPL-0092,/app/patients,views/activeclinic/app/patients-list-content.ejs,DEFAULT|EMPTY,DESKTOP|MOBILE,,,Composite patient shared-states board not a single route; empty/list states covered,"Mapped to ACV7-IMPL-0091, ACV7-IMPL-0092 via /app/patients / views/activeclinic/app/patients-list-content.ejs",
12272131183982732110,3c113fe684604dfcaeb8f6b2c071a6ca,P02 – Print Patient Card Preview,P02,PATIENTS,DESKTOP,DEFAULT,EXACT_IMPLEMENTATION_MATCH,HIGH,ACV7-IMPL-0188,/app/patients/:patientNumber/print-card,views/activeclinic/app/patient-print-card-content.ejs,DEFAULT,DESKTOP|MOBILE,,,,Phase 4 implemented: /app/patients/:patientNumber/print-card / views/activeclinic/app/patient-print-card-content.ejs,Phase 4 patient print card
12272131183982732110,e1ef5e5d8a1840bcbf1f4dc859f7b812,P02 – Register Patient Contact – Desktop,P02,PATIENTS,DESKTOP,DEFAULT,MULTIPLE_STITCH_TO_ONE_IMPLEMENTATION,MEDIUM,ACV7-IMPL-0093|ACV7-IMPL-0094,/app/patients/new|/app/patients/quick-register,views/activeclinic/app/patient-form-content.ejs,DEFAULT,DESKTOP|MOBILE,,,,ONE_STITCH_TO_MULTIPLE conceptually but steps share form views — classified MULTIPLE_STITCH_TO_ONE for each step→form mapping,Multi-step Stitch registration condensed into patient form / quick-register
12272131183982732110,44fb7852e24f4f7f9f6b355a195fd250,P02 – Register Patient Contact – Mobile,P02,PATIENTS,MOBILE,DEFAULT,MULTIPLE_STITCH_TO_ONE_IMPLEMENTATION,MEDIUM,ACV7-IMPL-0093|ACV7-IMPL-0094,/app/patients/new|/app/patients/quick-register,views/activeclinic/app/patient-form-content.ejs,DEFAULT,DESKTOP|MOBILE,,,,ONE_STITCH_TO_MULTIPLE conceptually but steps share form views — classified MULTIPLE_STITCH_TO_ONE for each step→form mapping,Multi-step Stitch registration condensed into patient form / quick-register
12272131183982732110,026d2e6c69cd4181a282213ba1bb55da,P02 – Register Patient Emergency and Medical – Desktop,P02,PATIENTS,DESKTOP,DEFAULT,MULTIPLE_STITCH_TO_ONE_IMPLEMENTATION,MEDIUM,ACV7-IMPL-0093|ACV7-IMPL-0094,/app/patients/new|/app/patients/quick-register,views/activeclinic/app/patient-form-content.ejs,DEFAULT,DESKTOP|MOBILE,,,,ONE_STITCH_TO_MULTIPLE conceptually but steps share form views — classified MULTIPLE_STITCH_TO_ONE for each step→form mapping,Multi-step Stitch registration condensed into patient form / quick-register
12272131183982732110,7a495a471fed49b098de3c1605eda76e,P02 – Register Patient Emergency and Medical – Mobile,P02,PATIENTS,MOBILE,DEFAULT,MULTIPLE_STITCH_TO_ONE_IMPLEMENTATION,MEDIUM,ACV7-IMPL-0093|ACV7-IMPL-0094,/app/patients/new|/app/patients/quick-register,views/activeclinic/app/patient-form-content.ejs,DEFAULT,DESKTOP|MOBILE,,,,ONE_STITCH_TO_MULTIPLE conceptually but steps share form views — classified MULTIPLE_STITCH_TO_ONE for each step→form mapping,Multi-step Stitch registration condensed into patient form / quick-register
12272131183982732110,40d2005b64864f35ac8df831ddae7084,P02 – Register Patient Identity – Desktop,P02,PATIENTS,DESKTOP,DEFAULT,MULTIPLE_STITCH_TO_ONE_IMPLEMENTATION,MEDIUM,ACV7-IMPL-0093|ACV7-IMPL-0094,/app/patients/new|/app/patients/quick-register,views/activeclinic/app/patient-form-content.ejs,DEFAULT,DESKTOP|MOBILE,,,,ONE_STITCH_TO_MULTIPLE conceptually but steps share form views — classified MULTIPLE_STITCH_TO_ONE for each step→form mapping,Multi-step Stitch registration condensed into patient form / quick-register
12272131183982732110,8ef4b4d96f1f4224994d0c627bb7550e,P02 – Register Patient Review – Desktop,P02,PATIENTS,DESKTOP,DEFAULT,MULTIPLE_STITCH_TO_ONE_IMPLEMENTATION,MEDIUM,ACV7-IMPL-0093|ACV7-IMPL-0094,/app/patients/new|/app/patients/quick-register,views/activeclinic/app/patient-form-content.ejs,DEFAULT,DESKTOP|MOBILE,,,,ONE_STITCH_TO_MULTIPLE conceptually but steps share form views — classified MULTIPLE_STITCH_TO_ONE for each step→form mapping,Multi-step Stitch registration condensed into patient form / quick-register
12272131183982732110,a6d496f38f8e4d5cb8eb4d91667c6db7,P02 – Register Patient Review – Mobile,P02,PATIENTS,MOBILE,DEFAULT,MULTIPLE_STITCH_TO_ONE_IMPLEMENTATION,MEDIUM,ACV7-IMPL-0093|ACV7-IMPL-0094,/app/patients/new|/app/patients/quick-register,views/activeclinic/app/patient-form-content.ejs,DEFAULT,DESKTOP|MOBILE,,,,ONE_STITCH_TO_MULTIPLE conceptually but steps share form views — classified MULTIPLE_STITCH_TO_ONE for each step→form mapping,Multi-step Stitch registration condensed into patient form / quick-register
12272131183982732110,0fca19f233af43c49966e7eb62bccb02,P03 – Appointment Calendar – Desktop,P03,APPOINTMENTS,DESKTOP,DEFAULT,EXACT_IMPLEMENTATION_MATCH,HIGH,ACV7-IMPL-0100,/app/appointments/calendar,views/activeclinic/app/appointments-calendar-content.ejs,DEFAULT,DESKTOP|MOBILE,,,,Mapped to ACV7-IMPL-0100 via /app/appointments/calendar / views/activeclinic/app/appointments-calendar-content.ejs,
12272131183982732110,327422c1b36747039e4026a17c5a2f33,P03 – Appointment Confirmation – Desktop,P03,APPOINTMENTS,DESKTOP,CONFIRMED,PARTIAL_IMPLEMENTATION,MEDIUM,ACV7-IMPL-0102,/app/appointments/:appointmentId,views/activeclinic/app/appointment-detail-content.ejs,DEFAULT,DESKTOP|MOBILE,,,Confirmation via flash on detail; orphan appointment-success-content unused,Mapped to ACV7-IMPL-0102 via /app/appointments/:appointmentId / views/activeclinic/app/appointment-detail-content.ejs,
12272131183982732110,284e9f8cd6804b0eb0f50574e2f571d6,P03 – Appointment List – Desktop,P03,APPOINTMENTS,DESKTOP,DEFAULT,MULTIPLE_STITCH_TO_ONE_IMPLEMENTATION,HIGH,ACV7-IMPL-0098,/app/appointments,views/activeclinic/app/appointments-list-content.ejs,DEFAULT,DESKTOP|MOBILE,,,,Mapped to ACV7-IMPL-0098 via /app/appointments / views/activeclinic/app/appointments-list-content.ejs,
12272131183982732110,480ecaba5258423e8711b1fdd2f39e1b,P03 – Appointment List – Mobile,P03,APPOINTMENTS,MOBILE,DEFAULT,MULTIPLE_STITCH_TO_ONE_IMPLEMENTATION,HIGH,ACV7-IMPL-0098,/app/appointments,views/activeclinic/app/appointments-list-content.ejs,DEFAULT,DESKTOP|MOBILE,,,,Mapped to ACV7-IMPL-0098 via /app/appointments / views/activeclinic/app/appointments-list-content.ejs,
12272131183982732110,089aa8f266664446a8b38cb69d1fda48,P03 – Appointment Shared States – Desktop,P03,APPOINTMENTS,DESKTOP,OTHER,PARTIAL_IMPLEMENTATION,MEDIUM,ACV7-IMPL-0098|ACV7-IMPL-0099,/app/appointments,views/activeclinic/app/appointments-list-content.ejs,DEFAULT|EMPTY,DESKTOP|MOBILE,,,Composite appointment shared-states board,"Mapped to ACV7-IMPL-0098, ACV7-IMPL-0099 via /app/appointments / views/activeclinic/app/appointments-list-content.ejs",Composite appointment shared-states board; empty/list coverage only
12272131183982732110,a99c6ac04cf24f2c8ca349715c1829dc,P03 – Book Appointment – Desktop,P03,APPOINTMENTS,DESKTOP,DEFAULT,EXACT_IMPLEMENTATION_MATCH,HIGH,ACV7-IMPL-0101,/app/appointments/new,views/activeclinic/app/appointment-form-content.ejs,DEFAULT,DESKTOP|MOBILE,,,,Mapped to ACV7-IMPL-0101 via /app/appointments/new / views/activeclinic/app/appointment-form-content.ejs,
12272131183982732110,b27eafc25bad4006868f3932d08bfed5,P03 – Cancel Appointment – Desktop,P03,APPOINTMENTS,DESKTOP,DEFAULT,PARTIAL_IMPLEMENTATION,HIGH,ACV7-IMPL-0102,/app/appointments/:appointmentId,views/activeclinic/app/appointment-detail-content.ejs,DEFAULT,DESKTOP|MOBILE,,,"Cancel is action on detail, not dedicated cancel screen",Mapped to ACV7-IMPL-0102 via /app/appointments/:appointmentId / views/activeclinic/app/appointment-detail-content.ejs,
12272131183982732110,305d90143b0e4381b112bf6eb113f1c2,P03 – Create Walk-In Visit – Desktop,P03,APPOINTMENTS,DESKTOP,DEFAULT,EXACT_IMPLEMENTATION_MATCH,HIGH,ACV7-IMPL-0107,/app/reception/walk-in,views/activeclinic/app/reception-walk-in-content.ejs,DEFAULT,DESKTOP|MOBILE,,,,Mapped to ACV7-IMPL-0107 via /app/reception/walk-in / views/activeclinic/app/reception-walk-in-content.ejs,
12272131183982732110,fd009ceba70f40b2ae1755b94220c64b,P03 – Doctor Schedule – Desktop,P03,APPOINTMENTS,DESKTOP,DEFAULT,PARTIAL_IMPLEMENTATION,MEDIUM,ACV7-IMPL-0100,/app/appointments/calendar,views/activeclinic/app/appointments-calendar-content.ejs,DEFAULT,DESKTOP|MOBILE,,,No dedicated doctor schedule screen; calendar approximates,Mapped to ACV7-IMPL-0100 via /app/appointments/calendar / views/activeclinic/app/appointments-calendar-content.ejs,
12272131183982732110,7d37e069c7644e7cb4c9b72349a0ccf7,P03 – Missed Appointments – Desktop,P03,APPOINTMENTS,DESKTOP,DEFAULT,PARTIAL_IMPLEMENTATION,MEDIUM,ACV7-IMPL-0098,/app/appointments,views/activeclinic/app/appointments-list-content.ejs,DEFAULT,DESKTOP|MOBILE,,,No dedicated missed-appointments route; filterable list only if supported,Mapped to ACV7-IMPL-0098 via /app/appointments / views/activeclinic/app/appointments-list-content.ejs,
12272131183982732110,8dca6dbd36b840928e73d6674bbcb3ea,P03 – Patient Called – Desktop,P03,RECEPTION,DESKTOP,DEFAULT,PARTIAL_IMPLEMENTATION,HIGH,ACV7-IMPL-0105|ACV7-IMPL-0108,/app/reception/call-board|/app/reception/queue/:entryId,views/activeclinic/app/reception-call-board-content.ejs|views/activeclinic/app/reception-queue-detail-content.ejs,DEFAULT,DESKTOP|MOBILE,,,Call-board/queue-detail + POST actions cover flow; dedicated Stitch screens for each action state not separate routes,"Mapped to ACV7-IMPL-0105, ACV7-IMPL-0108 via /app/reception/call-board | /app/reception/queue/:entryId / views/activeclinic/app/reception-call-board-content.ejs | views/activeclinic/app/reception-queue-detail-content.ejs",
12272131183982732110,9284064428f443b1a3a1504054827d91,P03 – Patient Check-In – Desktop,P03,RECEPTION,DESKTOP,DEFAULT,EXACT_IMPLEMENTATION_MATCH,HIGH,ACV7-IMPL-0106,/app/reception/check-in,views/activeclinic/app/reception-check-in-content.ejs,DEFAULT,DESKTOP|MOBILE,,,,Mapped to ACV7-IMPL-0106 via /app/reception/check-in / views/activeclinic/app/reception-check-in-content.ejs,
12272131183982732110,f7841548662446cfa8d70d0772d3fa9f,P03 – Patient Did Not Respond — Desktop,P03,RECEPTION,DESKTOP,DEFAULT,PARTIAL_IMPLEMENTATION,HIGH,ACV7-IMPL-0105|ACV7-IMPL-0108,/app/reception/call-board|/app/reception/queue/:entryId,views/activeclinic/app/reception-call-board-content.ejs|views/activeclinic/app/reception-queue-detail-content.ejs,DEFAULT,DESKTOP|MOBILE,,,Call-board/queue-detail + POST actions cover flow; dedicated Stitch screens for each action state not separate routes,"Mapped to ACV7-IMPL-0105, ACV7-IMPL-0108 via /app/reception/call-board | /app/reception/queue/:entryId / views/activeclinic/app/reception-call-board-content.ejs | views/activeclinic/app/reception-queue-detail-content.ejs",
12272131183982732110,1fa99f4a358c47ffb858addae7095fe8,P03 – Queue Assignment – Desktop,P03,RECEPTION,DESKTOP,DEFAULT,PARTIAL_IMPLEMENTATION,HIGH,ACV7-IMPL-0105|ACV7-IMPL-0108,/app/reception/call-board|/app/reception/queue/:entryId,views/activeclinic/app/reception-call-board-content.ejs|views/activeclinic/app/reception-queue-detail-content.ejs,DEFAULT,DESKTOP|MOBILE,,,Call-board/queue-detail + POST actions cover flow; dedicated Stitch screens for each action state not separate routes,"Mapped to ACV7-IMPL-0105, ACV7-IMPL-0108 via /app/reception/call-board | /app/reception/queue/:entryId / views/activeclinic/app/reception-call-board-content.ejs | views/activeclinic/app/reception-queue-detail-content.ejs",
12272131183982732110,bf9b846da6174bf995793b09e869cd30,P03 – Queue Stale Data Warning – Desktop,P03,RECEPTION,DESKTOP,DEFAULT,PARTIAL_IMPLEMENTATION,HIGH,ACV7-IMPL-0105|ACV7-IMPL-0108,/app/reception/call-board|/app/reception/queue/:entryId,views/activeclinic/app/reception-call-board-content.ejs|views/activeclinic/app/reception-queue-detail-content.ejs,DEFAULT,DESKTOP|MOBILE,,,Call-board/queue-detail + POST actions cover flow; dedicated Stitch screens for each action state not separate routes,"Mapped to ACV7-IMPL-0105, ACV7-IMPL-0108 via /app/reception/call-board | /app/reception/queue/:entryId / views/activeclinic/app/reception-call-board-content.ejs | views/activeclinic/app/reception-queue-detail-content.ejs",
12272131183982732110,8b7173ba4ff94eb2a7d7e548b5f7253d,P03 – Reception Queue – Desktop,P03,RECEPTION,DESKTOP,DEFAULT,MULTIPLE_STITCH_TO_ONE_IMPLEMENTATION,HIGH,ACV7-IMPL-0104,/app/reception,views/activeclinic/app/reception-queue-content.ejs,DEFAULT,DESKTOP|MOBILE,,,,Mapped to ACV7-IMPL-0104 via /app/reception / views/activeclinic/app/reception-queue-content.ejs,
12272131183982732110,73499b0dfef446c99a908b1cc56252a5,P03 – Reception Queue – Mobile,P03,RECEPTION,MOBILE,DEFAULT,MULTIPLE_STITCH_TO_ONE_IMPLEMENTATION,HIGH,ACV7-IMPL-0104,/app/reception,views/activeclinic/app/reception-queue-content.ejs,DEFAULT,DESKTOP|MOBILE,,,,Mapped to ACV7-IMPL-0104 via /app/reception / views/activeclinic/app/reception-queue-content.ejs,
12272131183982732110,da39a3945ace4fac85cb12bd86f0cdc2,P03 – Reschedule Appointment – Desktop,P03,APPOINTMENTS,DESKTOP,RESCHEDULED,PARTIAL_IMPLEMENTATION,HIGH,ACV7-IMPL-0103|ACV7-IMPL-0102,/app/appointments/:appointmentId/edit|/app/appointments/:appointmentId,views/activeclinic/app/appointment-form-content.ejs|views/activeclinic/app/appointment-detail-content.ejs,DEFAULT,DESKTOP|MOBILE,,,Reschedule is POST/edit on appointment detail — no dedicated reschedule screen matching Stitch,"Mapped to ACV7-IMPL-0103, ACV7-IMPL-0102 via /app/appointments/:appointmentId/edit | /app/appointments/:appointmentId / views/activeclinic/app/appointment-form-content.ejs | views/activeclinic/app/appointment-detail-content.ejs",
12272131183982732110,9429b14e9ea243ad93aec4a486db93e9,P03 – Reschedule Appointment – Mobile,P03,APPOINTMENTS,MOBILE,RESCHEDULED,PARTIAL_IMPLEMENTATION,HIGH,ACV7-IMPL-0103|ACV7-IMPL-0102,/app/appointments/:appointmentId/edit|/app/appointments/:appointmentId,views/activeclinic/app/appointment-form-content.ejs|views/activeclinic/app/appointment-detail-content.ejs,DEFAULT,DESKTOP|MOBILE,,,Reschedule is POST/edit on appointment detail — no dedicated reschedule screen matching Stitch,"Mapped to ACV7-IMPL-0103, ACV7-IMPL-0102 via /app/appointments/:appointmentId/edit | /app/appointments/:appointmentId / views/activeclinic/app/appointment-form-content.ejs | views/activeclinic/app/appointment-detail-content.ejs",
12272131183982732110,e807a1354fdd418391496e69e5ac5f3e,P03 – Transfer Patient to Department – Desktop,P03,RECEPTION,DESKTOP,DEFAULT,PARTIAL_IMPLEMENTATION,HIGH,ACV7-IMPL-0105|ACV7-IMPL-0108,/app/reception/call-board|/app/reception/queue/:entryId,views/activeclinic/app/reception-call-board-content.ejs|views/activeclinic/app/reception-queue-detail-content.ejs,DEFAULT,DESKTOP|MOBILE,,,Call-board/queue-detail + POST actions cover flow; dedicated Stitch screens for each action state not separate routes,"Mapped to ACV7-IMPL-0105, ACV7-IMPL-0108 via /app/reception/call-board | /app/reception/queue/:entryId / views/activeclinic/app/reception-call-board-content.ejs | views/activeclinic/app/reception-queue-detail-content.ejs",
12272131183982732110,99757cfd7d3747d490f00ac342faa519,P04 – Clinical Escalation Alert,P04,CLINICAL,DESKTOP,DEFAULT,EXACT_IMPLEMENTATION_MATCH,HIGH,ACV7-IMPL-0121,/app/clinical/alerts,views/activeclinic/app/clinical-escalation-alert-content.ejs,DEFAULT,DESKTOP|MOBILE,,,,Mapped to ACV7-IMPL-0121 via /app/clinical/alerts / views/activeclinic/app/clinical-escalation-alert-content.ejs,
12272131183982732110,b8d47f05a83c4959ac2d3d6ca83c7dfb,P04 – Clinical Queue – Desktop,P04,CLINICAL,DESKTOP,DEFAULT,MULTIPLE_STITCH_TO_ONE_IMPLEMENTATION,HIGH,ACV7-IMPL-0111,/app/clinical,views/activeclinic/app/clinical-queue-content.ejs,DEFAULT,DESKTOP|MOBILE,,,,Mapped to ACV7-IMPL-0111 via /app/clinical / views/activeclinic/app/clinical-queue-content.ejs,
12272131183982732110,16897ac752a94750bf00225db66ff768,P04 – Clinical Queue – Mobile,P04,CLINICAL,MOBILE,DEFAULT,MULTIPLE_STITCH_TO_ONE_IMPLEMENTATION,HIGH,ACV7-IMPL-0111,/app/clinical,views/activeclinic/app/clinical-queue-content.ejs,DEFAULT,DESKTOP|MOBILE,,,,Mapped to ACV7-IMPL-0111 via /app/clinical / views/activeclinic/app/clinical-queue-content.ejs,
12272131183982732110,5e4dbc7265ad4e17b060b1f641996db3,P04 – Consultation Workspace – Desktop,P04,CLINICAL,DESKTOP,DEFAULT,MULTIPLE_STITCH_TO_ONE_IMPLEMENTATION,HIGH,ACV7-IMPL-0113,/app/clinical/encounter/:encounterId,views/activeclinic/app/consultation-workspace-content.ejs,DEFAULT,DESKTOP|MOBILE,,,,Mapped to ACV7-IMPL-0113 via /app/clinical/encounter/:encounterId / views/activeclinic/app/consultation-workspace-content.ejs,
12272131183982732110,15c6c639c2b04bbda97b54f127c500f8,P04 – Consultation Workspace – Mobile,P04,CLINICAL,MOBILE,DEFAULT,MULTIPLE_STITCH_TO_ONE_IMPLEMENTATION,HIGH,ACV7-IMPL-0113,/app/clinical/encounter/:encounterId,views/activeclinic/app/consultation-workspace-content.ejs,DEFAULT,DESKTOP|MOBILE,,,,Mapped to ACV7-IMPL-0113 via /app/clinical/encounter/:encounterId / views/activeclinic/app/consultation-workspace-content.ejs,
12272131183982732110,969bbfbdf9634dbc8af598ec2277e92f,P04 – Create Laboratory Request,P04,CLINICAL,DESKTOP,DEFAULT,EXACT_IMPLEMENTATION_MATCH,HIGH,ACV7-IMPL-0118,/app/clinical/encounter/:encounterId/order/lab,views/activeclinic/app/create-laboratory-request-content.ejs,DEFAULT,DESKTOP|MOBILE,,,,Mapped to ACV7-IMPL-0118 via /app/clinical/encounter/:encounterId/order/lab / views/activeclinic/app/create-laboratory-request-content.ejs,
12272131183982732110,ee9bf2322b924cd79e86619a4635f702,P04 – Create Prescription,P04,CLINICAL,DESKTOP,DEFAULT,EXACT_IMPLEMENTATION_MATCH,HIGH,ACV7-IMPL-0119,/app/clinical/encounter/:encounterId/order/prescription,views/activeclinic/app/create-prescription-content.ejs,DEFAULT,DESKTOP|MOBILE,,,,Mapped to ACV7-IMPL-0119 via /app/clinical/encounter/:encounterId/order/prescription / views/activeclinic/app/create-prescription-content.ejs,
12272131183982732110,bc4ffd8f0e8c44f48f38cc15a069656a,P04 – Create Radiology Request,P04,CLINICAL,DESKTOP,DEFAULT,EXACT_IMPLEMENTATION_MATCH,HIGH,ACV7-IMPL-0120,/app/clinical/encounter/:encounterId/order/radiology,views/activeclinic/app/create-radiology-request-content.ejs,DEFAULT,DESKTOP|MOBILE,,,,Mapped to ACV7-IMPL-0120 via /app/clinical/encounter/:encounterId/order/radiology / views/activeclinic/app/create-radiology-request-content.ejs,
12272131183982732110,33a522e2f4eb45c9bdbede9ba34e0bee,P04 – Diagnosis Entry,P04,CLINICAL,DESKTOP,DEFAULT,EXACT_IMPLEMENTATION_MATCH,HIGH,ACV7-IMPL-0117,/app/clinical/encounter/:encounterId/diagnosis,views/activeclinic/app/diagnosis-entry-content.ejs,DEFAULT,DESKTOP|MOBILE,,,,Mapped to ACV7-IMPL-0117 via /app/clinical/encounter/:encounterId/diagnosis / views/activeclinic/app/diagnosis-entry-content.ejs,
12272131183982732110,7959616d1673403ba3bf6ff71d18a77b,P04 – Nursing Intake – Desktop,P04,CLINICAL,DESKTOP,DEFAULT,EXACT_IMPLEMENTATION_MATCH,HIGH,ACV7-IMPL-0116,/app/clinical/encounter/:encounterId/nursing-intake,views/activeclinic/app/nursing-intake-content.ejs,DEFAULT,DESKTOP|MOBILE,,,,Mapped to ACV7-IMPL-0116 via /app/clinical/encounter/:encounterId/nursing-intake / views/activeclinic/app/nursing-intake-content.ejs,
12272131183982732110,3c8f7b43b7984718acf661e381c1e6f7,P04 – Triage Assessment – Desktop,P04,CLINICAL,DESKTOP,DEFAULT,EXACT_IMPLEMENTATION_MATCH,HIGH,ACV7-IMPL-0114,/app/clinical/encounter/:encounterId/triage,views/activeclinic/app/triage-assessment-content.ejs,DEFAULT,DESKTOP|MOBILE,,,,Mapped to ACV7-IMPL-0114 via /app/clinical/encounter/:encounterId/triage / views/activeclinic/app/triage-assessment-content.ejs,
12272131183982732110,dede5e72277d413497e1f870f6b4a0e1,P04 – Vital Signs Entry – Desktop,P04,CLINICAL,DESKTOP,DEFAULT,EXACT_IMPLEMENTATION_MATCH,HIGH,ACV7-IMPL-0115,/app/clinical/encounter/:encounterId/vitals,views/activeclinic/app/vital-signs-entry-content.ejs,DEFAULT,DESKTOP|MOBILE,,,,Mapped to ACV7-IMPL-0115 via /app/clinical/encounter/:encounterId/vitals / views/activeclinic/app/vital-signs-entry-content.ejs,
12272131183982732110,83495a7aea6547ce873af695fcb5f604,P05 – Add Medicine,P05,PHARMACY,DESKTOP,DEFAULT,EXACT_IMPLEMENTATION_MATCH,HIGH,ACV7-IMPL-0125,/app/pharmacy/catalogue/new,views/activeclinic/app/pharmacy-add-medicine-content.ejs,DEFAULT,DESKTOP|MOBILE,,,,Mapped to ACV7-IMPL-0125 via /app/pharmacy/catalogue/new / views/activeclinic/app/pharmacy-add-medicine-content.ejs,
12272131183982732110,e4d4e37c175a458d9004e1240395ba63,P05 – Dispense Prescription – Desktop,P05,PHARMACY,DESKTOP,DEFAULT,MULTIPLE_STITCH_TO_ONE_IMPLEMENTATION,HIGH,ACV7-IMPL-0131,/app/pharmacy/prescriptions/:id/dispense,views/activeclinic/app/pharmacy-dispense-content.ejs,DEFAULT,DESKTOP|MOBILE,,,,Mapped to ACV7-IMPL-0131 via /app/pharmacy/prescriptions/:id/dispense / views/activeclinic/app/pharmacy-dispense-content.ejs,
12272131183982732110,ace4f11562b24515866b40c5594a18e6,P05 – Dispense Prescription – Mobile,P05,PHARMACY,MOBILE,DEFAULT,MULTIPLE_STITCH_TO_ONE_IMPLEMENTATION,HIGH,ACV7-IMPL-0131,/app/pharmacy/prescriptions/:id/dispense,views/activeclinic/app/pharmacy-dispense-content.ejs,DEFAULT,DESKTOP|MOBILE,,,,Mapped to ACV7-IMPL-0131 via /app/pharmacy/prescriptions/:id/dispense / views/activeclinic/app/pharmacy-dispense-content.ejs,
12272131183982732110,eeaf00f13f6f4e238da3aef30a556a57,P05 – Dispensing Completed – Desktop,P05,PHARMACY,DESKTOP,SUCCESS,PARTIAL_IMPLEMENTATION,HIGH,ACV7-IMPL-0131,/app/pharmacy/prescriptions/:id/dispense,views/activeclinic/app/pharmacy-dispense-content.ejs,DEFAULT,DESKTOP|MOBILE,,,Dispense is a single form/flow; Stitch confirmation/partial/completed boards not separate routes,Mapped to ACV7-IMPL-0131 via /app/pharmacy/prescriptions/:id/dispense / views/activeclinic/app/pharmacy-dispense-content.ejs,
12272131183982732110,00a95c467df2414fb8c6dea108170b04,P05 – Dispensing Confirmation,P05,PHARMACY,DESKTOP,CONFIRMED,PARTIAL_IMPLEMENTATION,HIGH,ACV7-IMPL-0131,/app/pharmacy/prescriptions/:id/dispense,views/activeclinic/app/pharmacy-dispense-content.ejs,DEFAULT,DESKTOP|MOBILE,,,Dispense is a single form/flow; Stitch confirmation/partial/completed boards not separate routes,Mapped to ACV7-IMPL-0131 via /app/pharmacy/prescriptions/:id/dispense / views/activeclinic/app/pharmacy-dispense-content.ejs,
12272131183982732110,97138791742e4338a34811a6fd7e464d,P05 – Dispensing Review – Desktop,P05,PHARMACY,DESKTOP,DEFAULT,PARTIAL_IMPLEMENTATION,HIGH,ACV7-IMPL-0131,/app/pharmacy/prescriptions/:id/dispense,views/activeclinic/app/pharmacy-dispense-content.ejs,DEFAULT,DESKTOP|MOBILE,,,Dispense is a single form/flow; Stitch confirmation/partial/completed boards not separate routes,Mapped to ACV7-IMPL-0131 via /app/pharmacy/prescriptions/:id/dispense / views/activeclinic/app/pharmacy-dispense-content.ejs,
12272131183982732110,fcba0b2ed1334eacad9647e597f66959,P05 – Expiry Alerts – Desktop,P05,PHARMACY,DESKTOP,DEFAULT,EXACT_IMPLEMENTATION_MATCH,HIGH,ACV7-IMPL-0128,/app/pharmacy/alerts/expiry,views/activeclinic/app/pharmacy-expiry-alerts-content.ejs,DEFAULT,DESKTOP|MOBILE,,,,Mapped to ACV7-IMPL-0128 via /app/pharmacy/alerts/expiry / views/activeclinic/app/pharmacy-expiry-alerts-content.ejs,
12272131183982732110,553dd601642d41abb89cf4c7127c221a,P05 – Low Stock Alerts – Desktop,P05,PHARMACY,DESKTOP,DEFAULT,EXACT_IMPLEMENTATION_MATCH,HIGH,ACV7-IMPL-0127,/app/pharmacy/alerts/low-stock,views/activeclinic/app/pharmacy-low-stock-content.ejs,DEFAULT,DESKTOP|MOBILE,,,,Mapped to ACV7-IMPL-0127 via /app/pharmacy/alerts/low-stock / views/activeclinic/app/pharmacy-low-stock-content.ejs,
12272131183982732110,6c0795f36aef4fe3b634dc350d230672,P05 – Medicine Batch Detail,P05,PHARMACY,DESKTOP,DEFAULT,PARTIAL_IMPLEMENTATION,HIGH,ACV7-IMPL-0132|ACV7-IMPL-0131,/app/pharmacy/inventory/receive|/app/pharmacy/prescriptions/:id/dispense,views/activeclinic/app/pharmacy-receive-stock-content.ejs|views/activeclinic/app/pharmacy-dispense-content.ejs,DEFAULT,DESKTOP|MOBILE,,,NEW_ROUTE — dedicated medicine batch detail; batch selection only within receive/dispense,"Mapped to ACV7-IMPL-0132, ACV7-IMPL-0131 via /app/pharmacy/inventory/receive | /app/pharmacy/prescriptions/:id/dispense / views/activeclinic/app/pharmacy-receive-stock-content.ejs | views/activeclinic/app/pharmacy-dispense-content.ejs",
12272131183982732110,b5e534cf921d460c9774c2772ab688e9,P05 – Medicine Catalogue – Desktop,P05,PHARMACY,DESKTOP,DEFAULT,EXACT_IMPLEMENTATION_MATCH,HIGH,ACV7-IMPL-0123,/app/pharmacy/catalogue,views/activeclinic/app/pharmacy-catalogue-content.ejs,DEFAULT,DESKTOP|MOBILE,,,,Mapped to ACV7-IMPL-0123 via /app/pharmacy/catalogue / views/activeclinic/app/pharmacy-catalogue-content.ejs,
12272131183982732110,20a62e6f34ef422b8262750b0fe9788a,P05 – Medicine Detail – Desktop,P05,PHARMACY,DESKTOP,DEFAULT,EXACT_IMPLEMENTATION_MATCH,HIGH,ACV7-IMPL-0124,/app/pharmacy/catalogue/:id,views/activeclinic/app/pharmacy-medicine-detail-content.ejs,DEFAULT,DESKTOP|MOBILE,,,,Mapped to ACV7-IMPL-0124 via /app/pharmacy/catalogue/:id / views/activeclinic/app/pharmacy-medicine-detail-content.ejs,
12272131183982732110,1f079e7d3f9c464c8754fa09a09f2626,P05 – Medicine Inventory – Desktop,P05,PHARMACY,DESKTOP,DEFAULT,MULTIPLE_STITCH_TO_ONE_IMPLEMENTATION,HIGH,ACV7-IMPL-0126,/app/pharmacy/inventory,views/activeclinic/app/pharmacy-inventory-content.ejs,DEFAULT,DESKTOP|MOBILE,,,,Mapped to ACV7-IMPL-0126 via /app/pharmacy/inventory / views/activeclinic/app/pharmacy-inventory-content.ejs,
12272131183982732110,a0cb61de9f0f4eaa8d732d4cf143f090,P05 – Medicine Inventory – Mobile,P05,PHARMACY,MOBILE,DEFAULT,MULTIPLE_STITCH_TO_ONE_IMPLEMENTATION,HIGH,ACV7-IMPL-0126,/app/pharmacy/inventory,views/activeclinic/app/pharmacy-inventory-content.ejs,DEFAULT,DESKTOP|MOBILE,,,,Mapped to ACV7-IMPL-0126 via /app/pharmacy/inventory / views/activeclinic/app/pharmacy-inventory-content.ejs,
12272131183982732110,e237cd030fb241deb15ed8eb0f4f895e,P05 – Medicine Substitution – Desktop,P05,PHARMACY,DESKTOP,DEFAULT,EXACT_IMPLEMENTATION_MATCH,HIGH,ACV7-IMPL-0189,/app/pharmacy/prescriptions/:id/substitute,views/activeclinic/app/pharmacy-substitution-content.ejs,DEFAULT,DESKTOP|MOBILE,,,,Phase 4 implemented: /app/pharmacy/prescriptions/:id/substitute / views/activeclinic/app/pharmacy-substitution-content.ejs,Phase 4 pharmacy substitution
12272131183982732110,c7c3ea1931f74acb845208dd09d0d63d,P05 – Partial Dispensing – Desktop,P05,PHARMACY,DESKTOP,DEFAULT,PARTIAL_IMPLEMENTATION,HIGH,ACV7-IMPL-0131,/app/pharmacy/prescriptions/:id/dispense,views/activeclinic/app/pharmacy-dispense-content.ejs,DEFAULT,DESKTOP|MOBILE,,,Dispense is a single form/flow; Stitch confirmation/partial/completed boards not separate routes,Mapped to ACV7-IMPL-0131 via /app/pharmacy/prescriptions/:id/dispense / views/activeclinic/app/pharmacy-dispense-content.ejs,
12272131183982732110,7cffba8bdac84abda7a8d31951d1948f,P05 – Patient Medicine Instructions – Mobile,P05,PHARMACY,MOBILE,DEFAULT,EXACT_IMPLEMENTATION_MATCH,HIGH,ACV7-IMPL-0190,/app/pharmacy/prescriptions/:id/instructions,views/activeclinic/app/pharmacy-medicine-instructions-content.ejs,DEFAULT,DESKTOP|MOBILE,,,,Phase 4 implemented: /app/pharmacy/prescriptions/:id/instructions / views/activeclinic/app/pharmacy-medicine-instructions-content.ejs,Phase 4 medicine instructions (mobile-primary)
12272131183982732110,4d83f5c845ae4d91b805a1dfd6a7268d,P05 – Pharmacy Dashboard – Desktop,P05,PHARMACY,DESKTOP,DEFAULT,EXACT_IMPLEMENTATION_MATCH,HIGH,ACV7-IMPL-0122,/app/pharmacy,views/activeclinic/app/pharmacy-dashboard-content.ejs,DEFAULT,DESKTOP|MOBILE,,,,Mapped to ACV7-IMPL-0122 via /app/pharmacy / views/activeclinic/app/pharmacy-dashboard-content.ejs,
12272131183982732110,0f1976955fc14d8c97f1f8c728b4e1da,P05 – Pharmacy Purchase Orders – Desktop,P05,PHARMACY,DESKTOP,DEFAULT,ONE_STITCH_TO_MULTIPLE_IMPLEMENTATIONS,HIGH,ACV7-IMPL-0191|ACV7-IMPL-0192|ACV7-IMPL-0193,/app/pharmacy/purchase-orders|/app/pharmacy/purchase-orders/new|/app/pharmacy/purchase-orders/:id,views/activeclinic/app/pharmacy-purchase-orders-content.ejs|views/activeclinic/app/pharmacy-purchase-order-form-content.ejs|views/activeclinic/app/pharmacy-purchase-order-detail-content.ejs,DEFAULT,DESKTOP|MOBILE,,,,Phase 4 implemented: /app/pharmacy/purchase-orders | /app/pharmacy/purchase-orders/new | /app/pharmacy/purchase-orders/:id / views/activeclinic/app/pharmacy-purchase-orders-content.ejs | views/activeclinic/app/pharmacy-purchase-order-form-content.ejs | views/activeclinic/app/pharmacy-purchase-order-detail-content.ejs,Phase 4 purchase orders list/form/detail
12272131183982732110,2147643a82af4fb28a8368dcff867a75,P05 – Pharmacy Stock Adjustment,P05,PHARMACY,DESKTOP,DEFAULT,EXACT_IMPLEMENTATION_MATCH,HIGH,ACV7-IMPL-0194,/app/pharmacy/inventory/adjust,views/activeclinic/app/pharmacy-stock-adjust-content.ejs,DEFAULT,DESKTOP|MOBILE,,,,Phase 4 implemented: /app/pharmacy/inventory/adjust / views/activeclinic/app/pharmacy-stock-adjust-content.ejs,Phase 4 stock adjustment
12272131183982732110,ce22d1c5de5f43ad8a458f57aa217fd3,P05 – Pharmacy Stock Transfer,P05,PHARMACY,DESKTOP,DEFAULT,EXACT_IMPLEMENTATION_MATCH,HIGH,ACV7-IMPL-0195,/app/pharmacy/inventory/transfer,views/activeclinic/app/pharmacy-stock-transfer-content.ejs,DEFAULT,DESKTOP|MOBILE,,,,Phase 4 implemented: /app/pharmacy/inventory/transfer / views/activeclinic/app/pharmacy-stock-transfer-content.ejs,Phase 4 stock transfer
12272131183982732110,99d29d4a8b204031b068e2b94dfeb95b,P05 – Prescription Clinical Review – Desktop,P05,PHARMACY,DESKTOP,DEFAULT,MULTIPLE_STITCH_TO_ONE_IMPLEMENTATION,HIGH,ACV7-IMPL-0130,/app/pharmacy/prescriptions/:id,views/activeclinic/app/pharmacy-prescription-detail-content.ejs,DEFAULT,DESKTOP|MOBILE,,,,Mapped to ACV7-IMPL-0130 via /app/pharmacy/prescriptions/:id / views/activeclinic/app/pharmacy-prescription-detail-content.ejs,
12272131183982732110,279be7b923664e449bd2001528e7c5ec,P05 – Prescription Clinical Review – Mobile,P05,PHARMACY,MOBILE,DEFAULT,MULTIPLE_STITCH_TO_ONE_IMPLEMENTATION,HIGH,ACV7-IMPL-0130,/app/pharmacy/prescriptions/:id,views/activeclinic/app/pharmacy-prescription-detail-content.ejs,DEFAULT,DESKTOP|MOBILE,,,,Mapped to ACV7-IMPL-0130 via /app/pharmacy/prescriptions/:id / views/activeclinic/app/pharmacy-prescription-detail-content.ejs,
12272131183982732110,2da2d7b7cd734161a9f8257c2256c6f3,P05 – Prescription Detail – Desktop,P05,PHARMACY,DESKTOP,DEFAULT,MULTIPLE_STITCH_TO_ONE_IMPLEMENTATION,HIGH,ACV7-IMPL-0130,/app/pharmacy/prescriptions/:id,views/activeclinic/app/pharmacy-prescription-detail-content.ejs,DEFAULT,DESKTOP|MOBILE,,,,Mapped to ACV7-IMPL-0130 via /app/pharmacy/prescriptions/:id / views/activeclinic/app/pharmacy-prescription-detail-content.ejs,
12272131183982732110,4f369d10d5654e68bf5a5c45d8ef7d78,P05 – Prescription Detail – Mobile,P05,PHARMACY,MOBILE,DEFAULT,MULTIPLE_STITCH_TO_ONE_IMPLEMENTATION,HIGH,ACV7-IMPL-0130,/app/pharmacy/prescriptions/:id,views/activeclinic/app/pharmacy-prescription-detail-content.ejs,DEFAULT,DESKTOP|MOBILE,,,,Mapped to ACV7-IMPL-0130 via /app/pharmacy/prescriptions/:id / views/activeclinic/app/pharmacy-prescription-detail-content.ejs,
12272131183982732110,5472760fda8148cf8611564236ae2247,P05 – Prescription Queue – Desktop,P05,PHARMACY,DESKTOP,DEFAULT,MULTIPLE_STITCH_TO_ONE_IMPLEMENTATION,HIGH,ACV7-IMPL-0129,/app/pharmacy/queue,views/activeclinic/app/pharmacy-prescription-queue-content.ejs,DEFAULT,DESKTOP|MOBILE,,,,Mapped to ACV7-IMPL-0129 via /app/pharmacy/queue / views/activeclinic/app/pharmacy-prescription-queue-content.ejs,
12272131183982732110,322c2b620c8e4b248fa5620881555d8b,P05 – Prescription Queue – Mobile,P05,PHARMACY,MOBILE,DEFAULT,MULTIPLE_STITCH_TO_ONE_IMPLEMENTATION,HIGH,ACV7-IMPL-0129,/app/pharmacy/queue,views/activeclinic/app/pharmacy-prescription-queue-content.ejs,DEFAULT,DESKTOP|MOBILE,,,,Mapped to ACV7-IMPL-0129 via /app/pharmacy/queue / views/activeclinic/app/pharmacy-prescription-queue-content.ejs,
12272131183982732110,b62126b07af7488094221932b9046193,P05 – Print Medicine Labels,P05,PHARMACY,DESKTOP,DEFAULT,EXACT_IMPLEMENTATION_MATCH,HIGH,ACV7-IMPL-0196,/app/pharmacy/prescriptions/:id/labels,views/activeclinic/app/pharmacy-medicine-labels-content.ejs,DEFAULT,DESKTOP|MOBILE,,,,Phase 4 implemented: /app/pharmacy/prescriptions/:id/labels / views/activeclinic/app/pharmacy-medicine-labels-content.ejs,Phase 4 medicine labels
12272131183982732110,a61dbccce82b43788dc347e25843ae07,P05 – Receive Pharmacy Stock – Desktop,P05,PHARMACY,DESKTOP,DEFAULT,EXACT_IMPLEMENTATION_MATCH,HIGH,ACV7-IMPL-0132,/app/pharmacy/inventory/receive,views/activeclinic/app/pharmacy-receive-stock-content.ejs,DEFAULT,DESKTOP|MOBILE,,,,Mapped to ACV7-IMPL-0132 via /app/pharmacy/inventory/receive / views/activeclinic/app/pharmacy-receive-stock-content.ejs,
12272131183982732110,a7649e64ba1e4eee8ca0bcb6a54594bd,P05 – Select Medicine Batch,P05,PHARMACY,DESKTOP,DEFAULT,PARTIAL_IMPLEMENTATION,HIGH,ACV7-IMPL-0132|ACV7-IMPL-0131,/app/pharmacy/inventory/receive|/app/pharmacy/prescriptions/:id/dispense,views/activeclinic/app/pharmacy-receive-stock-content.ejs|views/activeclinic/app/pharmacy-dispense-content.ejs,DEFAULT,DESKTOP|MOBILE,,,NEW_ROUTE — dedicated medicine batch detail; batch selection only within receive/dispense,"Mapped to ACV7-IMPL-0132, ACV7-IMPL-0131 via /app/pharmacy/inventory/receive | /app/pharmacy/prescriptions/:id/dispense / views/activeclinic/app/pharmacy-receive-stock-content.ejs | views/activeclinic/app/pharmacy-dispense-content.ejs",
12272131183982732110,f53854e6c18e45a094a0bab86e011e5b,P06 – Critical Result Alert,P06,DIAGNOSTICS,DESKTOP,DEFAULT,EXACT_IMPLEMENTATION_MATCH,HIGH,ACV7-IMPL-0145,/app/diagnostics/critical-alert/:resultId,views/activeclinic/app/diagnostics-critical-result-alert-content.ejs,DEFAULT,DESKTOP|MOBILE,,,,Mapped to ACV7-IMPL-0145 via /app/diagnostics/critical-alert/:resultId / views/activeclinic/app/diagnostics-critical-result-alert-content.ejs,
12272131183982732110,59ee5d74ff1f47eca3c6fb09413b7c09,P06 – Enter Laboratory Result – Desktop,P06,LABORATORY,DESKTOP,DEFAULT,EXACT_IMPLEMENTATION_MATCH,HIGH,ACV7-IMPL-0141,/app/diagnostics/laboratory/request/:requestId/result,views/activeclinic/app/diagnostics-enter-laboratory-result-content.ejs,DEFAULT,DESKTOP|MOBILE,,,,Mapped to ACV7-IMPL-0141 via /app/diagnostics/laboratory/request/:requestId/result / views/activeclinic/app/diagnostics-enter-laboratory-result-content.ejs,
12272131183982732110,41a0f1b3e1974e7ca26599bf8a37fc5f,P06 – Enter Radiology Report – Desktop,P06,RADIOLOGY,DESKTOP,DEFAULT,EXACT_IMPLEMENTATION_MATCH,HIGH,ACV7-IMPL-0144,/app/diagnostics/radiology/request/:requestId/report,views/activeclinic/app/diagnostics-enter-radiology-report-content.ejs,DEFAULT,DESKTOP|MOBILE,,,,Mapped to ACV7-IMPL-0144 via /app/diagnostics/radiology/request/:requestId/report / views/activeclinic/app/diagnostics-enter-radiology-report-content.ejs,
12272131183982732110,5b7b36f6af3b4735a81cca8cea77ee99,P06 – Laboratory Dashboard – Desktop,P06,LABORATORY,DESKTOP,DEFAULT,MULTIPLE_STITCH_TO_ONE_IMPLEMENTATION,HIGH,ACV7-IMPL-0134,/app/diagnostics/laboratory,views/activeclinic/app/diagnostics-laboratory-dashboard-content.ejs,DEFAULT,DESKTOP|MOBILE,,,,Mapped to ACV7-IMPL-0134 via /app/diagnostics/laboratory / views/activeclinic/app/diagnostics-laboratory-dashboard-content.ejs,
12272131183982732110,d53f9752db564b18b35fd761ecd73dd8,P06 – Laboratory Dashboard – Mobile,P06,LABORATORY,MOBILE,DEFAULT,MULTIPLE_STITCH_TO_ONE_IMPLEMENTATION,HIGH,ACV7-IMPL-0134,/app/diagnostics/laboratory,views/activeclinic/app/diagnostics-laboratory-dashboard-content.ejs,DEFAULT,DESKTOP|MOBILE,,,,Mapped to ACV7-IMPL-0134 via /app/diagnostics/laboratory / views/activeclinic/app/diagnostics-laboratory-dashboard-content.ejs,
12272131183982732110,51c3b93fec6e40aebc327a4998fb29ea,P06 – Laboratory Request Detail – Desktop,P06,LABORATORY,DESKTOP,DEFAULT,EXACT_IMPLEMENTATION_MATCH,HIGH,ACV7-IMPL-0137,/app/diagnostics/laboratory/request/:requestId,views/activeclinic/app/diagnostics-laboratory-request-detail-content.ejs,DEFAULT,DESKTOP|MOBILE,,,,Mapped to ACV7-IMPL-0137 via /app/diagnostics/laboratory/request/:requestId / views/activeclinic/app/diagnostics-laboratory-request-detail-content.ejs,
12272131183982732110,f8b17233f1f7457ea5fe5179207aa0d1,P06 – Laboratory Request Queue – Desktop,P06,LABORATORY,DESKTOP,DEFAULT,EXACT_IMPLEMENTATION_MATCH,HIGH,ACV7-IMPL-0135,/app/diagnostics/laboratory/queue,views/activeclinic/app/diagnostics-laboratory-queue-content.ejs,DEFAULT,DESKTOP|MOBILE,,,,Mapped to ACV7-IMPL-0135 via /app/diagnostics/laboratory/queue / views/activeclinic/app/diagnostics-laboratory-queue-content.ejs,
12272131183982732110,cd5ff44012dd4f0f88fc7ed60848fd37,P06 – Laboratory Worklist – Desktop,P06,LABORATORY,DESKTOP,DEFAULT,EXACT_IMPLEMENTATION_MATCH,HIGH,ACV7-IMPL-0136,/app/diagnostics/laboratory/worklist,views/activeclinic/app/diagnostics-laboratory-worklist-content.ejs,DEFAULT,DESKTOP|MOBILE,,,,Mapped to ACV7-IMPL-0136 via /app/diagnostics/laboratory/worklist / views/activeclinic/app/diagnostics-laboratory-worklist-content.ejs,
12272131183982732110,65286a85cc674df097dedf0890378a29,P06 – Radiology Dashboard – Desktop,P06,RADIOLOGY,DESKTOP,DEFAULT,MULTIPLE_STITCH_TO_ONE_IMPLEMENTATION,HIGH,ACV7-IMPL-0142,/app/diagnostics/radiology,views/activeclinic/app/diagnostics-radiology-dashboard-content.ejs,DEFAULT,DESKTOP|MOBILE,,,,Mapped to ACV7-IMPL-0142 via /app/diagnostics/radiology / views/activeclinic/app/diagnostics-radiology-dashboard-content.ejs,
12272131183982732110,070284f5583d43598111b2f6c35d0425,P06 – Radiology Dashboard – Mobile,P06,RADIOLOGY,MOBILE,DEFAULT,MULTIPLE_STITCH_TO_ONE_IMPLEMENTATION,HIGH,ACV7-IMPL-0142,/app/diagnostics/radiology,views/activeclinic/app/diagnostics-radiology-dashboard-content.ejs,DEFAULT,DESKTOP|MOBILE,,,,Mapped to ACV7-IMPL-0142 via /app/diagnostics/radiology / views/activeclinic/app/diagnostics-radiology-dashboard-content.ejs,
12272131183982732110,1fa6c921703145af96e47f7344b6cb62,P06 – Radiology Request Queue – Desktop,P06,RADIOLOGY,DESKTOP,DEFAULT,EXACT_IMPLEMENTATION_MATCH,HIGH,ACV7-IMPL-0143,/app/diagnostics/radiology/queue,views/activeclinic/app/diagnostics-radiology-queue-content.ejs,DEFAULT,DESKTOP|MOBILE,,,,Mapped to ACV7-IMPL-0143 via /app/diagnostics/radiology/queue / views/activeclinic/app/diagnostics-radiology-queue-content.ejs,
12272131183982732110,73c50eef2b10459793f12689cce27bb6,P06 – Specimen Collection – Desktop,P06,LABORATORY,DESKTOP,DEFAULT,EXACT_IMPLEMENTATION_MATCH,HIGH,ACV7-IMPL-0138,/app/diagnostics/laboratory/request/:requestId/collect,views/activeclinic/app/diagnostics-specimen-collection-content.ejs,DEFAULT,DESKTOP|MOBILE,,,,Mapped to ACV7-IMPL-0138 via /app/diagnostics/laboratory/request/:requestId/collect / views/activeclinic/app/diagnostics-specimen-collection-content.ejs,
12272131183982732110,5018c7fabf324fcebfbac85d7048f19a,P06 – Specimen Receipt – Desktop,P06,LABORATORY,DESKTOP,DEFAULT,EXACT_IMPLEMENTATION_MATCH,HIGH,ACV7-IMPL-0139,/app/diagnostics/laboratory/specimen/:specimenId/receive,views/activeclinic/app/diagnostics-specimen-receipt-content.ejs,DEFAULT,DESKTOP|MOBILE,,,,Mapped to ACV7-IMPL-0139 via /app/diagnostics/laboratory/specimen/:specimenId/receive / views/activeclinic/app/diagnostics-specimen-receipt-content.ejs,
12272131183982732110,b62c8afb0c59477d8bcfeaac7210987a,P06 – Specimen Rejected,P06,LABORATORY,DESKTOP,DEFAULT,EXACT_IMPLEMENTATION_MATCH,HIGH,ACV7-IMPL-0140,/app/diagnostics/laboratory/specimen/:specimenId/reject,views/activeclinic/app/diagnostics-specimen-rejected-content.ejs,DEFAULT,DESKTOP|MOBILE,,,,Mapped to ACV7-IMPL-0140 via /app/diagnostics/laboratory/specimen/:specimenId/reject / views/activeclinic/app/diagnostics-specimen-rejected-content.ejs,
12272131183982732110,1829edeb5d1741be9b6ae68a219ef7cc,P07 – Accounts Receivable – Desktop,P07,BILLING,DESKTOP,DEFAULT,EXACT_IMPLEMENTATION_MATCH,HIGH,ACV7-IMPL-0197,/app/billing/ar,views/activeclinic/app/billing-ar-content.ejs,DEFAULT,DESKTOP|MOBILE,,,,Phase 4 implemented: /app/billing/ar / views/activeclinic/app/billing-ar-content.ejs,Phase 4 accounts receivable
12272131183982732110,be4481e8f31b459facf2294f73311181,P07 – Add Invoice Item,P07,BILLING,DESKTOP,DEFAULT,PARTIAL_IMPLEMENTATION,HIGH,ACV7-IMPL-0151,/app/billing/invoices/new,views/activeclinic/app/billing-invoice-create-content.ejs,DEFAULT,DESKTOP|MOBILE,,,"Add-item is part of create/amend flows, not standalone screen",Mapped to ACV7-IMPL-0151 via /app/billing/invoices/new / views/activeclinic/app/billing-invoice-create-content.ejs,
12272131183982732110,764d9a2a5a634150babb4daa1d6ebf13,P07 – Add Service – Desktop,P07,BILLING,DESKTOP,DEFAULT,MULTIPLE_STITCH_TO_ONE_IMPLEMENTATION,HIGH,ACV7-IMPL-0148,/app/billing/catalog/new,views/activeclinic/app/billing-catalog-form-content.ejs,DEFAULT,DESKTOP|MOBILE,,,,Mapped to ACV7-IMPL-0148 via /app/billing/catalog/new / views/activeclinic/app/billing-catalog-form-content.ejs,
12272131183982732110,954a9269255245dd9c6e375f8cbdd93b,P07 – Automatic Charge Review,P07,BILLING,DESKTOP,DEFAULT,EXACT_IMPLEMENTATION_MATCH,HIGH,ACV7-IMPL-0198,/app/billing/charges/review,views/activeclinic/app/billing-charge-review-content.ejs,DEFAULT,DESKTOP|MOBILE,,,,Phase 4 implemented: /app/billing/charges/review / views/activeclinic/app/billing-charge-review-content.ejs,Phase 4 automatic charge review
12272131183982732110,f23ef64e307b44f780a19817ac04ebda,P07 – Bank Transfer Payment – Mobile,P07,BILLING,MOBILE,DEFAULT,MULTIPLE_STITCH_TO_ONE_IMPLEMENTATION,MEDIUM,ACV7-IMPL-0160,/app/cashier/payment,views/activeclinic/app/cashier-payment-content.ejs,DEFAULT,DESKTOP|MOBILE,,,,Mapped to ACV7-IMPL-0160 via /app/cashier/payment / views/activeclinic/app/cashier-payment-content.ejs,Payment methods condensed into cashier payment screen
12272131183982732110,ece0b9d1d9384f5d8c1e3b944f122e47,P07 – Billing Dashboard – Desktop,P07,BILLING,DESKTOP,DEFAULT,MULTIPLE_STITCH_TO_ONE_IMPLEMENTATION,HIGH,ACV7-IMPL-0146,/app/billing,views/activeclinic/app/billing-dashboard-content.ejs,DEFAULT,DESKTOP|MOBILE,,,,Mapped to ACV7-IMPL-0146 via /app/billing / views/activeclinic/app/billing-dashboard-content.ejs,
12272131183982732110,649bd7649ebf4c6eb787612f844a637e,P07 – Billing Dashboard – Mobile,P07,BILLING,MOBILE,DEFAULT,MULTIPLE_STITCH_TO_ONE_IMPLEMENTATION,HIGH,ACV7-IMPL-0146,/app/billing,views/activeclinic/app/billing-dashboard-content.ejs,DEFAULT,DESKTOP|MOBILE,,,,Mapped to ACV7-IMPL-0146 via /app/billing / views/activeclinic/app/billing-dashboard-content.ejs,
12272131183982732110,61922a4c2823426b8bcdc1f236c4072b,P07 – Card Payment – Desktop,P07,BILLING,DESKTOP,DEFAULT,MULTIPLE_STITCH_TO_ONE_IMPLEMENTATION,MEDIUM,ACV7-IMPL-0160,/app/cashier/payment,views/activeclinic/app/cashier-payment-content.ejs,DEFAULT,DESKTOP|MOBILE,,,,Mapped to ACV7-IMPL-0160 via /app/cashier/payment / views/activeclinic/app/cashier-payment-content.ejs,Payment methods condensed into cashier payment screen
12272131183982732110,02e8083e943d40deb9429b95a294ae30,P07 – Cash Count – Desktop,P07,CASHIER,DESKTOP,DEFAULT,PARTIAL_IMPLEMENTATION,HIGH,ACV7-IMPL-0159,/app/cashier/close,views/activeclinic/app/cashier-close-content.ejs,DEFAULT,DESKTOP|MOBILE,,,Close session exists; dedicated variance/cash-count Stitch screens not separate routes,Mapped to ACV7-IMPL-0159 via /app/cashier/close / views/activeclinic/app/cashier-close-content.ejs,
12272131183982732110,2d81fb326b6644bbb11cabd7a8156e6e,P07 – Cash Payment – Desktop,P07,CASHIER,DESKTOP,DEFAULT,MULTIPLE_STITCH_TO_ONE_IMPLEMENTATION,MEDIUM,ACV7-IMPL-0160,/app/cashier/payment,views/activeclinic/app/cashier-payment-content.ejs,DEFAULT,DESKTOP|MOBILE,,,,Mapped to ACV7-IMPL-0160 via /app/cashier/payment / views/activeclinic/app/cashier-payment-content.ejs,Payment methods condensed into cashier payment screen
12272131183982732110,3c8ce685b0d14b74a04e1127e341f004,P07 – Cash Payment – Mobile,P07,CASHIER,MOBILE,DEFAULT,MULTIPLE_STITCH_TO_ONE_IMPLEMENTATION,MEDIUM,ACV7-IMPL-0160,/app/cashier/payment,views/activeclinic/app/cashier-payment-content.ejs,DEFAULT,DESKTOP|MOBILE,,,,Mapped to ACV7-IMPL-0160 via /app/cashier/payment / views/activeclinic/app/cashier-payment-content.ejs,Payment methods condensed into cashier payment screen
12272131183982732110,d3e2ff001f694720b57371ef1a60d517,P07 – Cashier Closing – Desktop,P07,CASHIER,DESKTOP,DEFAULT,PARTIAL_IMPLEMENTATION,HIGH,ACV7-IMPL-0159,/app/cashier/close,views/activeclinic/app/cashier-close-content.ejs,DEFAULT,DESKTOP|MOBILE,,,Close session exists; dedicated variance/cash-count Stitch screens not separate routes,Mapped to ACV7-IMPL-0159 via /app/cashier/close / views/activeclinic/app/cashier-close-content.ejs,
12272131183982732110,792d5cbb6f234332a088399e4ccdd545,P07 – Cashier Dashboard – Desktop,P07,CASHIER,DESKTOP,DEFAULT,EXACT_IMPLEMENTATION_MATCH,HIGH,ACV7-IMPL-0156,/app/cashier,views/activeclinic/app/cashier-dashboard-content.ejs,DEFAULT,DESKTOP|MOBILE,,,,Mapped to ACV7-IMPL-0156 via /app/cashier / views/activeclinic/app/cashier-dashboard-content.ejs,
12272131183982732110,1c02fc47e49c4c9990646d94a9876986,P07 – Cashier Shift – Desktop,P07,CASHIER,DESKTOP,DEFAULT,MULTIPLE_STITCH_TO_ONE_IMPLEMENTATION,HIGH,ACV7-IMPL-0157|ACV7-IMPL-0158,/app/cashier/open|/app/cashier/session,views/activeclinic/app/cashier-open-content.ejs|views/activeclinic/app/cashier-session-content.ejs,DEFAULT,DESKTOP|MOBILE,,,,"Mapped to ACV7-IMPL-0157, ACV7-IMPL-0158 via /app/cashier/open | /app/cashier/session / views/activeclinic/app/cashier-open-content.ejs | views/activeclinic/app/cashier-session-content.ejs",
12272131183982732110,0d8cd08aba454a2f971d6cc4389d98d2,P07 – Cashier Shift – Mobile,P07,CASHIER,MOBILE,DEFAULT,MULTIPLE_STITCH_TO_ONE_IMPLEMENTATION,HIGH,ACV7-IMPL-0157|ACV7-IMPL-0158,/app/cashier/open|/app/cashier/session,views/activeclinic/app/cashier-open-content.ejs|views/activeclinic/app/cashier-session-content.ejs,DEFAULT,DESKTOP|MOBILE,,,,"Mapped to ACV7-IMPL-0157, ACV7-IMPL-0158 via /app/cashier/open | /app/cashier/session / views/activeclinic/app/cashier-open-content.ejs | views/activeclinic/app/cashier-session-content.ejs",
12272131183982732110,1cd25ed2bb7a4504a63095a015bd823b,P07 – Cashier Shift History – Desktop,P07,CASHIER,DESKTOP,DEFAULT,EXACT_IMPLEMENTATION_MATCH,HIGH,ACV7-IMPL-0162,/app/cashier/history,views/activeclinic/app/cashier-history-content.ejs,DEFAULT,DESKTOP|MOBILE,,,,Mapped to ACV7-IMPL-0162 via /app/cashier/history / views/activeclinic/app/cashier-history-content.ejs,
12272131183982732110,7dd49983c4a840b9980fb4a92d486b3c,P07 – Cashier Variance – Desktop,P07,CASHIER,DESKTOP,DEFAULT,PARTIAL_IMPLEMENTATION,HIGH,ACV7-IMPL-0159,/app/cashier/close,views/activeclinic/app/cashier-close-content.ejs,DEFAULT,DESKTOP|MOBILE,,,Close session exists; dedicated variance/cash-count Stitch screens not separate routes,Mapped to ACV7-IMPL-0159 via /app/cashier/close / views/activeclinic/app/cashier-close-content.ejs,
12272131183982732110,16318693e2874e79a8463d91c6ba63ad,P07 – Collections Work Queue – Desktop,P07,BILLING,DESKTOP,DEFAULT,EXACT_IMPLEMENTATION_MATCH,HIGH,ACV7-IMPL-0199,/app/billing/collections,views/activeclinic/app/billing-collections-content.ejs,DEFAULT,DESKTOP|MOBILE,,,,Phase 4 implemented: /app/billing/collections / views/activeclinic/app/billing-collections-content.ejs,Phase 4 collections work queue
12272131183982732110,513301ae28e1423ab7431e299cf45eee,P07 – Contact Patient for Payment – Desktop,P07,BILLING,DESKTOP,DEFAULT,EXACT_IMPLEMENTATION_MATCH,HIGH,ACV7-IMPL-0200,/app/billing/collections/contact,views/activeclinic/app/billing-collections-contact-content.ejs,DEFAULT,DESKTOP|MOBILE,,,,Phase 4 implemented: /app/billing/collections/contact / views/activeclinic/app/billing-collections-contact-content.ejs,Phase 4 collections contact
12272131183982732110,08ed6ee0d02447bca5e94698080bca4f,P07 – Create Invoice – Desktop,P07,BILLING,DESKTOP,DEFAULT,EXACT_IMPLEMENTATION_MATCH,HIGH,ACV7-IMPL-0151,/app/billing/invoices/new,views/activeclinic/app/billing-invoice-create-content.ejs,DEFAULT,DESKTOP|MOBILE,,,,Mapped to ACV7-IMPL-0151 via /app/billing/invoices/new / views/activeclinic/app/billing-invoice-create-content.ejs,
12272131183982732110,b69484b43b074d6593f264d8df958d74,P07 – Create Price List – Desktop,P07,BILLING,DESKTOP,DEFAULT,MULTIPLE_STITCH_TO_ONE_IMPLEMENTATION,HIGH,ACV7-IMPL-0148,/app/billing/catalog/new,views/activeclinic/app/billing-catalog-form-content.ejs,DEFAULT,DESKTOP|MOBILE,,,,Mapped to ACV7-IMPL-0148 via /app/billing/catalog/new / views/activeclinic/app/billing-catalog-form-content.ejs,
12272131183982732110,92b97e715c6f4c308e61d3b39d66a1e9,P07 – Credit Note – Desktop,P07,BILLING,DESKTOP,DEFAULT,ONE_STITCH_TO_MULTIPLE_IMPLEMENTATIONS,HIGH,ACV7-IMPL-0201|ACV7-IMPL-0202|ACV7-IMPL-0203,/app/billing/credit-notes|/app/billing/credit-notes/new|/app/billing/credit-notes/:id,views/activeclinic/app/billing-credit-notes-content.ejs|views/activeclinic/app/billing-credit-note-form-content.ejs|views/activeclinic/app/billing-credit-note-detail-content.ejs,DEFAULT,DESKTOP|MOBILE,,,,Phase 4 implemented: /app/billing/credit-notes | /app/billing/credit-notes/new | /app/billing/credit-notes/:id / views/activeclinic/app/billing-credit-notes-content.ejs | views/activeclinic/app/billing-credit-note-form-content.ejs | views/activeclinic/app/billing-credit-note-detail-content.ejs,Phase 4 credit notes
12272131183982732110,0f1fd946c97a48f99d34bd6ce8c8173c,P07 – Deposit Payment – Desktop,P07,BILLING,DESKTOP,DEFAULT,MULTIPLE_STITCH_TO_ONE_IMPLEMENTATION,MEDIUM,ACV7-IMPL-0160,/app/cashier/payment,views/activeclinic/app/cashier-payment-content.ejs,DEFAULT,DESKTOP|MOBILE,,,,Mapped to ACV7-IMPL-0160 via /app/cashier/payment / views/activeclinic/app/cashier-payment-content.ejs,Payment methods condensed into cashier payment screen
12272131183982732110,319d7fca2acb45a38432aa40a2e7cf30,P07 – Finalise Invoice,P07,BILLING,DESKTOP,DEFAULT,MULTIPLE_STITCH_TO_ONE_IMPLEMENTATION,HIGH,ACV7-IMPL-0152,/app/billing/invoices/:invoiceId,views/activeclinic/app/billing-invoice-detail-content.ejs,DEFAULT,DESKTOP|MOBILE,,,,Mapped to ACV7-IMPL-0152 via /app/billing/invoices/:invoiceId / views/activeclinic/app/billing-invoice-detail-content.ejs,
12272131183982732110,778eee4267984f32bcedcc38ca720fa0,P07 – Financial Correction Access Restricted,P07,BILLING,DESKTOP,DISABLED,EXACT_IMPLEMENTATION_MATCH,HIGH,ACV7-IMPL-0084,(access-state),views/activeclinic/app/access-state.ejs,DISABLED,DESKTOP|MOBILE,,,,Access-restricted finance correction maps to shared access-state ACCESS_RESTRICTED,Uses shared access-restricted pattern
12272131183982732110,54163d0beee74c29990bd83b77480af5,P07 – Financial Correction History,P07,BILLING,DESKTOP,DEFAULT,MULTIPLE_STITCH_TO_ONE_IMPLEMENTATION,HIGH,ACV7-IMPL-0204,/app/billing/corrections,views/activeclinic/app/billing-corrections-content.ejs,DEFAULT,DESKTOP|MOBILE,,,,Phase 4 implemented: /app/billing/corrections / views/activeclinic/app/billing-corrections-content.ejs,Phase 4 correction history (desktop); shares impl with mobile
12272131183982732110,a21d364d62f04c78ac8477971377eca9,P07 – Financial Correction History – Mobile,P07,BILLING,MOBILE,DEFAULT,MULTIPLE_STITCH_TO_ONE_IMPLEMENTATION,HIGH,ACV7-IMPL-0204,/app/billing/corrections,views/activeclinic/app/billing-corrections-content.ejs,DEFAULT,DESKTOP|MOBILE,,,,Phase 4 implemented: /app/billing/corrections / views/activeclinic/app/billing-corrections-content.ejs,Phase 4 correction history (mobile); shares desktop impl
12272131183982732110,9c0219d791da43df8a7abf41cf0809df,P07 – Insurance Payment Placeholder,P07,BILLING,DESKTOP,OTHER,PRODUCT_DECISION_DIFFERENCE,HIGH,,,,,,,Explicit placeholder / intentionally not built in V7,BACKEND_REQUIRED / NEW_ROUTE if product elects to build,Stitch placeholder screens; no V7 routes,
12272131183982732110,5bde2c1a3d954ec396679abc3888abe5,P07 – Invoice Amendment,P07,BILLING,DESKTOP,DEFAULT,MULTIPLE_STITCH_TO_ONE_IMPLEMENTATION,HIGH,ACV7-IMPL-0155,/app/billing/invoices/:invoiceId/amend,views/activeclinic/app/billing-invoice-amend-content.ejs,DEFAULT,DESKTOP|MOBILE,,,,Mapped to ACV7-IMPL-0155 via /app/billing/invoices/:invoiceId/amend / views/activeclinic/app/billing-invoice-amend-content.ejs,
12272131183982732110,92af580dd9db4a3ea5734523b72287ba,P07 – Invoice Amendment Review – Desktop,P07,BILLING,DESKTOP,DEFAULT,MULTIPLE_STITCH_TO_ONE_IMPLEMENTATION,HIGH,ACV7-IMPL-0155,/app/billing/invoices/:invoiceId/amend,views/activeclinic/app/billing-invoice-amend-content.ejs,DEFAULT,DESKTOP|MOBILE,,,,Mapped to ACV7-IMPL-0155 via /app/billing/invoices/:invoiceId/amend / views/activeclinic/app/billing-invoice-amend-content.ejs,
12272131183982732110,b1a8b1855b9b4e268cd42359707d292e,P07 – Invoice Error State,P07,BILLING,DESKTOP,ERROR,PARTIAL_IMPLEMENTATION,MEDIUM,ACV7-IMPL-0152,/app/billing/invoices/:invoiceId,views/activeclinic/app/billing-invoice-detail-content.ejs,DEFAULT,DESKTOP|MOBILE,,,Error states inline on invoice screens; no dedicated error page,Mapped to ACV7-IMPL-0152 via /app/billing/invoices/:invoiceId / views/activeclinic/app/billing-invoice-detail-content.ejs,
12272131183982732110,06e7e10102184cc5a047e6d594f22fc2,P07 – Invoice History,P07,BILLING,DESKTOP,DEFAULT,MULTIPLE_STITCH_TO_ONE_IMPLEMENTATION,HIGH,ACV7-IMPL-0150,/app/billing/invoices,views/activeclinic/app/billing-invoice-list-content.ejs,DEFAULT,DESKTOP|MOBILE,,,,Mapped to ACV7-IMPL-0150 via /app/billing/invoices / views/activeclinic/app/billing-invoice-list-content.ejs,
12272131183982732110,c479c86234b840419e821c2c48329f4e,P07 – Invoice List – Desktop,P07,BILLING,DESKTOP,DEFAULT,MULTIPLE_STITCH_TO_ONE_IMPLEMENTATION,HIGH,ACV7-IMPL-0150,/app/billing/invoices,views/activeclinic/app/billing-invoice-list-content.ejs,DEFAULT,DESKTOP|MOBILE,,,,Mapped to ACV7-IMPL-0150 via /app/billing/invoices / views/activeclinic/app/billing-invoice-list-content.ejs,
12272131183982732110,40fcc3c9e03e42a68e2cadbd5c1a7685,P07 – Invoice List – Mobile,P07,BILLING,MOBILE,DEFAULT,MULTIPLE_STITCH_TO_ONE_IMPLEMENTATION,HIGH,ACV7-IMPL-0150,/app/billing/invoices,views/activeclinic/app/billing-invoice-list-content.ejs,DEFAULT,DESKTOP|MOBILE,,,,Mapped to ACV7-IMPL-0150 via /app/billing/invoices / views/activeclinic/app/billing-invoice-list-content.ejs,
12272131183982732110,713f3ebe920240c1a647af277278eb2f,P07 – Invoice Review – Desktop,P07,BILLING,DESKTOP,DEFAULT,MULTIPLE_STITCH_TO_ONE_IMPLEMENTATION,HIGH,ACV7-IMPL-0152,/app/billing/invoices/:invoiceId,views/activeclinic/app/billing-invoice-detail-content.ejs,DEFAULT,DESKTOP|MOBILE,,,,Mapped to ACV7-IMPL-0152 via /app/billing/invoices/:invoiceId / views/activeclinic/app/billing-invoice-detail-content.ejs,
12272131183982732110,2b3c2c4ef6ac4ee48a789d3a527fe9ec,P07 – Mobile Money Payment – Desktop,P07,BILLING,DESKTOP,DEFAULT,MULTIPLE_STITCH_TO_ONE_IMPLEMENTATION,MEDIUM,ACV7-IMPL-0160,/app/cashier/payment,views/activeclinic/app/cashier-payment-content.ejs,DEFAULT,DESKTOP|MOBILE,,,,Mapped to ACV7-IMPL-0160 via /app/cashier/payment / views/activeclinic/app/cashier-payment-content.ejs,Payment methods condensed into cashier payment screen
12272131183982732110,480e2d80a9f24f26b69b806d531fa913,P07 – Mobile Money Payment – Mobile,P07,BILLING,MOBILE,DEFAULT,MULTIPLE_STITCH_TO_ONE_IMPLEMENTATION,MEDIUM,ACV7-IMPL-0160,/app/cashier/payment,views/activeclinic/app/cashier-payment-content.ejs,DEFAULT,DESKTOP|MOBILE,,,,Mapped to ACV7-IMPL-0160 via /app/cashier/payment / views/activeclinic/app/cashier-payment-content.ejs,Payment methods condensed into cashier payment screen
12272131183982732110,0489fa5d1c37481ba159eeed1cd64155,P07 – NHIMA Claim Placeholder,P07,BILLING,DESKTOP,OTHER,PRODUCT_DECISION_DIFFERENCE,HIGH,,,,,,,Explicit placeholder / intentionally not built in V7,BACKEND_REQUIRED / NEW_ROUTE if product elects to build,Stitch placeholder screens; no V7 routes,
12272131183982732110,c2f068812d0b45809a214d6ba8399ae5,P07 – Open Cashier Shift – Desktop,P07,CASHIER,DESKTOP,DEFAULT,MULTIPLE_STITCH_TO_ONE_IMPLEMENTATION,HIGH,ACV7-IMPL-0157|ACV7-IMPL-0158,/app/cashier/open|/app/cashier/session,views/activeclinic/app/cashier-open-content.ejs|views/activeclinic/app/cashier-session-content.ejs,DEFAULT,DESKTOP|MOBILE,,,,"Mapped to ACV7-IMPL-0157, ACV7-IMPL-0158 via /app/cashier/open | /app/cashier/session / views/activeclinic/app/cashier-open-content.ejs | views/activeclinic/app/cashier-session-content.ejs",
12272131183982732110,a84263ac97b8484698dc36d00b498ffa,P07 – Patient Billing Account – Desktop,P07,BILLING,DESKTOP,DEFAULT,MULTIPLE_STITCH_TO_ONE_IMPLEMENTATION,HIGH,ACV7-IMPL-0149,/app/billing/patients/:patientNumber,views/activeclinic/app/billing-patient-account-content.ejs,DEFAULT,DESKTOP|MOBILE,,,,Mapped to ACV7-IMPL-0149 via /app/billing/patients/:patientNumber / views/activeclinic/app/billing-patient-account-content.ejs,
12272131183982732110,c15d892b327848a6a2897ae3a08a5803,P07 – Patient Billing Account – Mobile,P07,BILLING,MOBILE,DEFAULT,MULTIPLE_STITCH_TO_ONE_IMPLEMENTATION,HIGH,ACV7-IMPL-0149,/app/billing/patients/:patientNumber,views/activeclinic/app/billing-patient-account-content.ejs,DEFAULT,DESKTOP|MOBILE,,,,Mapped to ACV7-IMPL-0149 via /app/billing/patients/:patientNumber / views/activeclinic/app/billing-patient-account-content.ejs,
12272131183982732110,3f50a00be7624b36af773c181b2c562c,P07 – Patient Collections Account – Desktop,P07,BILLING,DESKTOP,DEFAULT,MULTIPLE_STITCH_TO_ONE_IMPLEMENTATION,HIGH,ACV7-IMPL-0149,/app/billing/patients/:patientNumber,views/activeclinic/app/billing-patient-account-content.ejs,DEFAULT,DESKTOP|MOBILE,,,,Mapped to ACV7-IMPL-0149 via /app/billing/patients/:patientNumber / views/activeclinic/app/billing-patient-account-content.ejs,
12272131183982732110,9f422c33e30c450e9502126ba4012585,P07 – Patient Invoice – Desktop,P07,BILLING,DESKTOP,DEFAULT,MULTIPLE_STITCH_TO_ONE_IMPLEMENTATION,HIGH,ACV7-IMPL-0152,/app/billing/invoices/:invoiceId,views/activeclinic/app/billing-invoice-detail-content.ejs,DEFAULT,DESKTOP|MOBILE,,,,Mapped to ACV7-IMPL-0152 via /app/billing/invoices/:invoiceId / views/activeclinic/app/billing-invoice-detail-content.ejs,
12272131183982732110,3735516f4ecb4624ac715c6f77e7810b,P07 – Patient Invoice – Mobile,P07,BILLING,MOBILE,DEFAULT,MULTIPLE_STITCH_TO_ONE_IMPLEMENTATION,HIGH,ACV7-IMPL-0152,/app/billing/invoices/:invoiceId,views/activeclinic/app/billing-invoice-detail-content.ejs,DEFAULT,DESKTOP|MOBILE,,,,Mapped to ACV7-IMPL-0152 via /app/billing/invoices/:invoiceId / views/activeclinic/app/billing-invoice-detail-content.ejs,
12272131183982732110,02e1c1976d844c2cac63682e1853fa46,P07 – Payment Arrangement,P07,BILLING,DESKTOP,DEFAULT,ONE_STITCH_TO_MULTIPLE_IMPLEMENTATIONS,HIGH,ACV7-IMPL-0205|ACV7-IMPL-0206,/app/billing/arrangements|/app/billing/arrangements/new,views/activeclinic/app/billing-arrangements-content.ejs|views/activeclinic/app/billing-arrangement-form-content.ejs,DEFAULT,DESKTOP|MOBILE,,,,Phase 4 implemented: /app/billing/arrangements | /app/billing/arrangements/new / views/activeclinic/app/billing-arrangements-content.ejs | views/activeclinic/app/billing-arrangement-form-content.ejs,Phase 4 payment arrangement
12272131183982732110,2a0ae995f3e140da863e5aede4b2e71f,P07 – Payment Arrangement Review,P07,BILLING,DESKTOP,DEFAULT,EXACT_IMPLEMENTATION_MATCH,HIGH,ACV7-IMPL-0207,/app/billing/arrangements/:id,views/activeclinic/app/billing-arrangement-review-content.ejs,DEFAULT,DESKTOP|MOBILE,,,,Phase 4 implemented: /app/billing/arrangements/:id / views/activeclinic/app/billing-arrangement-review-content.ejs,Phase 4 payment arrangement review
12272131183982732110,bda1fbd1f6f441dba26719f451ee53de,P07 – Payment Completed – Desktop,P07,BILLING,DESKTOP,SUCCESS,PARTIAL_IMPLEMENTATION,HIGH,ACV7-IMPL-0161,/app/cashier/receipt/:receiptNumber,views/activeclinic/app/cashier-receipt-content.ejs,DEFAULT,DESKTOP|MOBILE,,,Success redirects to receipt; no dedicated payment-completed page,Mapped to ACV7-IMPL-0161 via /app/cashier/receipt/:receiptNumber / views/activeclinic/app/cashier-receipt-content.ejs,
12272131183982732110,45929cd32480420aaa5788be86e183f9,P07 – Payment History – Desktop,P07,BILLING,DESKTOP,DEFAULT,PARTIAL_IMPLEMENTATION,MEDIUM,ACV7-IMPL-0162|ACV7-IMPL-0149,/app/cashier/history|/app/billing/patients/:patientNumber,views/activeclinic/app/cashier-history-content.ejs|views/activeclinic/app/billing-patient-account-content.ejs,DEFAULT,DESKTOP|MOBILE,,,No dedicated payment history screen; history/account approximate,"Mapped to ACV7-IMPL-0162, ACV7-IMPL-0149 via /app/cashier/history | /app/billing/patients/:patientNumber / views/activeclinic/app/cashier-history-content.ejs | views/activeclinic/app/billing-patient-account-content.ejs",
12272131183982732110,2665942082b4428dbcabf3ff3a40ec60,P07 – Payment Reversal Request,P07,BILLING,DESKTOP,DEFAULT,PARTIAL_IMPLEMENTATION,HIGH,ACV7-IMPL-0158,/app/cashier/session,views/activeclinic/app/cashier-session-content.ejs,DEFAULT,DESKTOP|MOBILE,,,Refund/reversal are POST actions on cashier session — no dedicated approval workflow screens,Mapped to ACV7-IMPL-0158 via /app/cashier/session / views/activeclinic/app/cashier-session-content.ejs,
12272131183982732110,027b12b482934ef1a6f5dee02c888d26,P07 – Payment Reversal Review – Desktop,P07,BILLING,DESKTOP,DEFAULT,PARTIAL_IMPLEMENTATION,HIGH,ACV7-IMPL-0158,/app/cashier/session,views/activeclinic/app/cashier-session-content.ejs,DEFAULT,DESKTOP|MOBILE,,,Refund/reversal are POST actions on cashier session — no dedicated approval workflow screens,Mapped to ACV7-IMPL-0158 via /app/cashier/session / views/activeclinic/app/cashier-session-content.ejs,
12272131183982732110,89ce6798cbca4723ae20aa61225411b2,P07 – Payment Review – Desktop,P07,BILLING,DESKTOP,DEFAULT,MULTIPLE_STITCH_TO_ONE_IMPLEMENTATION,MEDIUM,ACV7-IMPL-0160,/app/cashier/payment,views/activeclinic/app/cashier-payment-content.ejs,DEFAULT,DESKTOP|MOBILE,,,,Mapped to ACV7-IMPL-0160 via /app/cashier/payment / views/activeclinic/app/cashier-payment-content.ejs,Payment methods condensed into cashier payment screen
12272131183982732110,46cc5311173d48adb99cafe18ea331c2,P07 – Price Lists – Desktop,P07,BILLING,DESKTOP,DEFAULT,MULTIPLE_STITCH_TO_ONE_IMPLEMENTATION,HIGH,ACV7-IMPL-0147,/app/billing/catalog,views/activeclinic/app/billing-catalog-content.ejs,DEFAULT,DESKTOP|MOBILE,,,,Mapped to ACV7-IMPL-0147 via /app/billing/catalog / views/activeclinic/app/billing-catalog-content.ejs,
12272131183982732110,a953a043598945fdab38285c7dab7206,P07 – Price Override Approval,P07,BILLING,DESKTOP,DEFAULT,ONE_STITCH_TO_MULTIPLE_IMPLEMENTATIONS,HIGH,ACV7-IMPL-0208|ACV7-IMPL-0209,/app/billing/price-overrides|/app/billing/price-overrides/new,views/activeclinic/app/billing-price-overrides-content.ejs|views/activeclinic/app/billing-price-override-form-content.ejs,DEFAULT,DESKTOP|MOBILE,,,,Phase 4 implemented: /app/billing/price-overrides | /app/billing/price-overrides/new / views/activeclinic/app/billing-price-overrides-content.ejs | views/activeclinic/app/billing-price-override-form-content.ejs,Phase 4 price override approval + request
12272131183982732110,666806c4ea194d478e3baf2b7876950c,P07 – Print Patient Account Statement,P07,BILLING,DESKTOP,DEFAULT,EXACT_IMPLEMENTATION_MATCH,HIGH,ACV7-IMPL-0210,/app/billing/patients/:patientNumber/statement,views/activeclinic/app/billing-statement-content.ejs,DEFAULT,DESKTOP|MOBILE,,,,Phase 4 implemented: /app/billing/patients/:patientNumber/statement / views/activeclinic/app/billing-statement-content.ejs,Phase 4 patient account statement
12272131183982732110,914eee2a18f64fac81d2f0f69adc0cc8,P07 – Print Receipt,P07,BILLING,DESKTOP,DEFAULT,EXACT_IMPLEMENTATION_MATCH,HIGH,ACV7-IMPL-0161,/app/cashier/receipt/:receiptNumber,views/activeclinic/app/cashier-receipt-content.ejs,DEFAULT,DESKTOP|MOBILE,,,,Mapped to ACV7-IMPL-0161 via /app/cashier/receipt/:receiptNumber / views/activeclinic/app/cashier-receipt-content.ejs,
12272131183982732110,244dc0c45a23434bb2747468a699167b,P07 – Print Refund Receipt,P07,BILLING,DESKTOP,DEFAULT,EXACT_IMPLEMENTATION_MATCH,HIGH,ACV7-IMPL-0211,/app/cashier/refunds/:refundId/receipt,views/activeclinic/app/cashier-refund-receipt-content.ejs,DEFAULT,DESKTOP|MOBILE,,,,Phase 4 implemented: /app/cashier/refunds/:refundId/receipt / views/activeclinic/app/cashier-refund-receipt-content.ejs,Phase 4 refund receipt
12272131183982732110,a9654729a9a44e17832910a41f0154de,P07 – Record Payment – Desktop,P07,BILLING,DESKTOP,DEFAULT,MULTIPLE_STITCH_TO_ONE_IMPLEMENTATION,MEDIUM,ACV7-IMPL-0160,/app/cashier/payment,views/activeclinic/app/cashier-payment-content.ejs,DEFAULT,DESKTOP|MOBILE,,,,Mapped to ACV7-IMPL-0160 via /app/cashier/payment / views/activeclinic/app/cashier-payment-content.ejs,Payment methods condensed into cashier payment screen
12272131183982732110,8ca889a31c4e4ec1858c4dd4efc62731,P07 – Record Payment – Mobile,P07,BILLING,MOBILE,DEFAULT,MULTIPLE_STITCH_TO_ONE_IMPLEMENTATION,MEDIUM,ACV7-IMPL-0160,/app/cashier/payment,views/activeclinic/app/cashier-payment-content.ejs,DEFAULT,DESKTOP|MOBILE,,,,Mapped to ACV7-IMPL-0160 via /app/cashier/payment / views/activeclinic/app/cashier-payment-content.ejs,Payment methods condensed into cashier payment screen
12272131183982732110,d8f3108dfcda4ab9bf58472786d0484c,P07 – Refund Approval – Desktop,P07,BILLING,DESKTOP,DEFAULT,PARTIAL_IMPLEMENTATION,HIGH,ACV7-IMPL-0158,/app/cashier/session,views/activeclinic/app/cashier-session-content.ejs,DEFAULT,DESKTOP|MOBILE,,,Refund/reversal are POST actions on cashier session — no dedicated approval workflow screens,Mapped to ACV7-IMPL-0158 via /app/cashier/session / views/activeclinic/app/cashier-session-content.ejs,
12272131183982732110,e52271b7be804e0ea95c825be9f977bd,P07 – Refund Completed – Desktop,P07,BILLING,DESKTOP,SUCCESS,PARTIAL_IMPLEMENTATION,HIGH,ACV7-IMPL-0158,/app/cashier/session,views/activeclinic/app/cashier-session-content.ejs,DEFAULT,DESKTOP|MOBILE,,,Refund/reversal are POST actions on cashier session — no dedicated approval workflow screens,Mapped to ACV7-IMPL-0158 via /app/cashier/session / views/activeclinic/app/cashier-session-content.ejs,
12272131183982732110,b76f80fb0d164501b8108bea91813385,P07 – Refund Rejected,P07,BILLING,DESKTOP,DEFAULT,PARTIAL_IMPLEMENTATION,HIGH,ACV7-IMPL-0158,/app/cashier/session,views/activeclinic/app/cashier-session-content.ejs,DEFAULT,DESKTOP|MOBILE,,,Refund/reversal are POST actions on cashier session — no dedicated approval workflow screens,Mapped to ACV7-IMPL-0158 via /app/cashier/session / views/activeclinic/app/cashier-session-content.ejs,
12272131183982732110,685fb829c50a45af995772909fb49fb7,P07 – Refund Request – Desktop,P07,BILLING,DESKTOP,DEFAULT,PARTIAL_IMPLEMENTATION,HIGH,ACV7-IMPL-0158,/app/cashier/session,views/activeclinic/app/cashier-session-content.ejs,DEFAULT,DESKTOP|MOBILE,,,Refund/reversal are POST actions on cashier session — no dedicated approval workflow screens,Mapped to ACV7-IMPL-0158 via /app/cashier/session / views/activeclinic/app/cashier-session-content.ejs,
12272131183982732110,8461f1792a7a41209ae2abfe44db7b6a,P07 – Refund Request – Mobile,P07,BILLING,MOBILE,DEFAULT,PARTIAL_IMPLEMENTATION,HIGH,ACV7-IMPL-0158,/app/cashier/session,views/activeclinic/app/cashier-session-content.ejs,DEFAULT,DESKTOP|MOBILE,,,Refund/reversal are POST actions on cashier session — no dedicated approval workflow screens,Mapped to ACV7-IMPL-0158 via /app/cashier/session / views/activeclinic/app/cashier-session-content.ejs,
12272131183982732110,438b1bb01f534492850ee8cb1253fcfe,P07 – Refund Review – Desktop,P07,BILLING,DESKTOP,DEFAULT,PARTIAL_IMPLEMENTATION,HIGH,ACV7-IMPL-0158,/app/cashier/session,views/activeclinic/app/cashier-session-content.ejs,DEFAULT,DESKTOP|MOBILE,,,Refund/reversal are POST actions on cashier session — no dedicated approval workflow screens,Mapped to ACV7-IMPL-0158 via /app/cashier/session / views/activeclinic/app/cashier-session-content.ejs,
12272131183982732110,08921cb100ab462d8ec08c007f1bd895,P07 – Revenue Reports – Desktop,P07,BILLING,DESKTOP,DEFAULT,EXACT_IMPLEMENTATION_MATCH,HIGH,ACV7-IMPL-0212,/app/billing/reports/revenue,views/activeclinic/app/billing-revenue-report-content.ejs,DEFAULT,DESKTOP|MOBILE,,,,Phase 4 implemented: /app/billing/reports/revenue / views/activeclinic/app/billing-revenue-report-content.ejs,Phase 4 revenue reports summary
12272131183982732110,550a52476c254e258d58737fc1184bb6,P07 – Revenue Reports – Detailed,P07,BILLING,DESKTOP,DEFAULT,EXACT_IMPLEMENTATION_MATCH,HIGH,ACV7-IMPL-0213,/app/billing/reports/revenue/detailed,views/activeclinic/app/billing-revenue-report-detailed-content.ejs,DEFAULT,DESKTOP|MOBILE,,,,Phase 4 implemented: /app/billing/reports/revenue/detailed / views/activeclinic/app/billing-revenue-report-detailed-content.ejs,Phase 4 revenue reports detailed
12272131183982732110,4ca894f70d6646eca246847cd8c39d6a,P07 – Service Catalogue – Desktop,P07,BILLING,DESKTOP,DEFAULT,MULTIPLE_STITCH_TO_ONE_IMPLEMENTATION,HIGH,ACV7-IMPL-0147,/app/billing/catalog,views/activeclinic/app/billing-catalog-content.ejs,DEFAULT,DESKTOP|MOBILE,,,,Mapped to ACV7-IMPL-0147 via /app/billing/catalog / views/activeclinic/app/billing-catalog-content.ejs,
12272131183982732110,1ab29b0691c04233a1c972ea99f24351,P07 – Service Catalogue – Mobile,P07,BILLING,MOBILE,DEFAULT,MULTIPLE_STITCH_TO_ONE_IMPLEMENTATION,HIGH,ACV7-IMPL-0147,/app/billing/catalog,views/activeclinic/app/billing-catalog-content.ejs,DEFAULT,DESKTOP|MOBILE,,,,Mapped to ACV7-IMPL-0147 via /app/billing/catalog / views/activeclinic/app/billing-catalog-content.ejs,
12272131183982732110,d5eb57a8319c4130be473f8dd23851d6,P07 – Service Detail – Desktop,P07,BILLING,DESKTOP,DEFAULT,PARTIAL_IMPLEMENTATION,MEDIUM,ACV7-IMPL-0147,/app/billing/catalog,views/activeclinic/app/billing-catalog-content.ejs,DEFAULT,DESKTOP|MOBILE,,,No dedicated service-detail billing route; catalog list/form only,Mapped to ACV7-IMPL-0147 via /app/billing/catalog / views/activeclinic/app/billing-catalog-content.ejs,
12272131183982732110,bb0a290730a44a108be9295a76478785,P07 – Split Payment – Desktop,P07,BILLING,DESKTOP,DEFAULT,MULTIPLE_STITCH_TO_ONE_IMPLEMENTATION,MEDIUM,ACV7-IMPL-0160,/app/cashier/payment,views/activeclinic/app/cashier-payment-content.ejs,DEFAULT,DESKTOP|MOBILE,,,,Mapped to ACV7-IMPL-0160 via /app/cashier/payment / views/activeclinic/app/cashier-payment-content.ejs,Payment methods condensed into cashier payment screen
12272131183982732110,defb5bc8233046a4b9b1e86ebe740d1d,P07 – Unpaid Invoices – Desktop,P07,BILLING,DESKTOP,DEFAULT,MULTIPLE_STITCH_TO_ONE_IMPLEMENTATION,HIGH,ACV7-IMPL-0150,/app/billing/invoices,views/activeclinic/app/billing-invoice-list-content.ejs,DEFAULT,DESKTOP|MOBILE,,,,Mapped to ACV7-IMPL-0150 via /app/billing/invoices / views/activeclinic/app/billing-invoice-list-content.ejs,
12272131183982732110,9c5a3f10f1cb44e983af2a7c36403e3d,P07 – Unpaid Invoices – Mobile,P07,BILLING,MOBILE,DEFAULT,MULTIPLE_STITCH_TO_ONE_IMPLEMENTATION,HIGH,ACV7-IMPL-0150,/app/billing/invoices,views/activeclinic/app/billing-invoice-list-content.ejs,DEFAULT,DESKTOP|MOBILE,,,,Mapped to ACV7-IMPL-0150 via /app/billing/invoices / views/activeclinic/app/billing-invoice-list-content.ejs,
12272131183982732110,46a8b6c4f4b846e18ab586c3d6fae6ca,P07 – Write-Off Request Placeholder,P07,BILLING,DESKTOP,OTHER,PRODUCT_DECISION_DIFFERENCE,HIGH,,,,,,,Explicit placeholder / intentionally not built in V7,BACKEND_REQUIRED / NEW_ROUTE if product elects to build,Stitch placeholder screens; no V7 routes,
12272131183982732110,c50a51a04a084f0badd48da9827aa11f,P13 – Account Security – Desktop,P13,SETTINGS,DESKTOP,DEFAULT,PARTIAL_IMPLEMENTATION,MEDIUM,ACV7-IMPL-0183|ACV7-IMPL-0078,/app/settings/account|/account/change-password,views/activeclinic/app/settings-account-content.ejs|views/activeclinic/auth/change-password.ejs,DEFAULT,DESKTOP|MOBILE,,,Staff account security/sessions not a full P13 security console; settings account + change-password exist,"Mapped to ACV7-IMPL-0183, ACV7-IMPL-0078 via /app/settings/account | /account/change-password / views/activeclinic/app/settings-account-content.ejs | views/activeclinic/auth/change-password.ejs",
12272131183982732110,e132749f634c4fff818acf3f8e21c361,P13 – Active Sessions – Desktop,P13,SETTINGS,DESKTOP,DEFAULT,PARTIAL_IMPLEMENTATION,MEDIUM,ACV7-IMPL-0183|ACV7-IMPL-0078,/app/settings/account|/account/change-password,views/activeclinic/app/settings-account-content.ejs|views/activeclinic/auth/change-password.ejs,DEFAULT,DESKTOP|MOBILE,,,Staff account security/sessions not a full P13 security console; settings account + change-password exist,"Mapped to ACV7-IMPL-0183, ACV7-IMPL-0078 via /app/settings/account | /account/change-password / views/activeclinic/app/settings-account-content.ejs | views/activeclinic/auth/change-password.ejs",
12272131183982732110,fc53eecc7d484fd5a131e01ef1127694,P13 – Add Staff Member – Desktop,P13,STAFF,DESKTOP,DEFAULT,EXACT_IMPLEMENTATION_MATCH,HIGH,ACV7-IMPL-0166,/app/staff/new,views/activeclinic/app/staff-form-content.ejs,DEFAULT,DESKTOP|MOBILE,,,,Mapped to ACV7-IMPL-0166 via /app/staff/new / views/activeclinic/app/staff-form-content.ejs,
12272131183982732110,f30963c89fad49ceabc2447dfd46f8f0,P13 – Invite Staff Member – Desktop,P13,STAFF,DESKTOP,DEFAULT,PARTIAL_IMPLEMENTATION,HIGH,ACV7-IMPL-0166|ACV7-IMPL-0169,/app/staff/new|/app/staff,views/activeclinic/app/staff-form-content.ejs|views/activeclinic/app/staff-invite-result-content.ejs,DEFAULT|SUCCESS,DESKTOP|MOBILE,,,Invite is embedded in staff create/admin POSTs; no dedicated invite-only Stitch-parity screen,"Mapped to ACV7-IMPL-0166, ACV7-IMPL-0169 via /app/staff/new | /app/staff / views/activeclinic/app/staff-form-content.ejs | views/activeclinic/app/staff-invite-result-content.ejs",
12272131183982732110,1db2777e1f444a0a90ca3174a4700ac2,P13 – Phone Verification,P13,SETTINGS,MOBILE,DEFAULT,PRODUCT_DECISION_DIFFERENCE,MEDIUM,ACV7-IMPL-0079,/activate/:token,views/activeclinic/auth/activate.ejs,DEFAULT,DESKTOP|MOBILE,,Staff activation uses password set; patient verify-phone is separate portal flow,Dedicated staff phone verification screen as drawn may not exist,Mapped to ACV7-IMPL-0079 via /activate/:token / views/activeclinic/auth/activate.ejs,
12272131183982732110,8525edd4c31f46d6a6b5c6a233917559,P13 – Role Detail – Desktop,P13,RBAC,DESKTOP,DEFAULT,PARTIAL_IMPLEMENTATION,MEDIUM,ACV7-IMPL-0175|ACV7-IMPL-0176,/app/access/staff/:staffId|/app/access/staff/:staffId/assign,views/activeclinic/app/access-staff-content.ejs|views/activeclinic/app/access-role-form-content.ejs,DEFAULT,DESKTOP|MOBILE,,,Role catalogue/matrix screens condensed into access staff + assign forms,"Mapped to ACV7-IMPL-0175, ACV7-IMPL-0176 via /app/access/staff/:staffId | /app/access/staff/:staffId/assign / views/activeclinic/app/access-staff-content.ejs | views/activeclinic/app/access-role-form-content.ejs",
12272131183982732110,6b9cfcd190e14155ac4390d66d0cff76,P13 – Role Permission Matrix – Desktop,P13,RBAC,DESKTOP,DEFAULT,PARTIAL_IMPLEMENTATION,MEDIUM,ACV7-IMPL-0175|ACV7-IMPL-0176,/app/access/staff/:staffId|/app/access/staff/:staffId/assign,views/activeclinic/app/access-staff-content.ejs|views/activeclinic/app/access-role-form-content.ejs,DEFAULT,DESKTOP|MOBILE,,,Role catalogue/matrix screens condensed into access staff + assign forms,"Mapped to ACV7-IMPL-0175, ACV7-IMPL-0176 via /app/access/staff/:staffId | /app/access/staff/:staffId/assign / views/activeclinic/app/access-staff-content.ejs | views/activeclinic/app/access-role-form-content.ejs",
12272131183982732110,5307efdd84a4432b9f50ffc11f74728f,P13 – Roles and Access – Desktop,P13,RBAC,DESKTOP,DEFAULT,MULTIPLE_STITCH_TO_ONE_IMPLEMENTATION,HIGH,ACV7-IMPL-0174,/app/access,views/activeclinic/app/access-content.ejs,DEFAULT,DESKTOP|MOBILE,,,,Mapped to ACV7-IMPL-0174 via /app/access / views/activeclinic/app/access-content.ejs,
12272131183982732110,4abbdd1d655045e697922c3b209c9e15,P13 – Set Initial Password,P13,SETTINGS,MOBILE,DEFAULT,MULTIPLE_STITCH_TO_ONE_IMPLEMENTATION,HIGH,ACV7-IMPL-0079,/activate/:token,views/activeclinic/auth/activate.ejs,DEFAULT,DESKTOP|MOBILE,,,,Mapped to ACV7-IMPL-0079 via /activate/:token / views/activeclinic/auth/activate.ejs,
12272131183982732110,f0c821818ad04f5ca658defd08962564,P13 – Staff Access Dashboard – Desktop,P13,RBAC,DESKTOP,DEFAULT,MULTIPLE_STITCH_TO_ONE_IMPLEMENTATION,HIGH,ACV7-IMPL-0174,/app/access,views/activeclinic/app/access-content.ejs,DEFAULT,DESKTOP|MOBILE,,,,Mapped to ACV7-IMPL-0174 via /app/access / views/activeclinic/app/access-content.ejs,
12272131183982732110,23bc626a58964db894619615120d3ef2,P13 – Staff Access Dashboard – Mobile,P13,RBAC,MOBILE,DEFAULT,MULTIPLE_STITCH_TO_ONE_IMPLEMENTATION,HIGH,ACV7-IMPL-0174,/app/access,views/activeclinic/app/access-content.ejs,DEFAULT,DESKTOP|MOBILE,,,,Mapped to ACV7-IMPL-0174 via /app/access / views/activeclinic/app/access-content.ejs,
12272131183982732110,31600d2f5a32493b8bdd52658ab3591f,P13 – Staff Account Activation,P13,STAFF,MOBILE,DEFAULT,MULTIPLE_STITCH_TO_ONE_IMPLEMENTATION,HIGH,ACV7-IMPL-0079,/activate/:token,views/activeclinic/auth/activate.ejs,DEFAULT,DESKTOP|MOBILE,,,,Mapped to ACV7-IMPL-0079 via /activate/:token / views/activeclinic/auth/activate.ejs,
12272131183982732110,73fe1929482d4838b65bfd64acd406a8,P13 – Staff Directory – Desktop,P13,STAFF,DESKTOP,DEFAULT,MULTIPLE_STITCH_TO_ONE_IMPLEMENTATION,HIGH,ACV7-IMPL-0164,/app/staff,views/activeclinic/app/staff-list-content.ejs,DEFAULT,DESKTOP|MOBILE,,,,Mapped to ACV7-IMPL-0164 via /app/staff / views/activeclinic/app/staff-list-content.ejs,
12272131183982732110,2f150519b0a641399b4e24bf934397c1,P13 – Staff Directory – Mobile,P13,STAFF,MOBILE,DEFAULT,MULTIPLE_STITCH_TO_ONE_IMPLEMENTATION,HIGH,ACV7-IMPL-0164,/app/staff,views/activeclinic/app/staff-list-content.ejs,DEFAULT,DESKTOP|MOBILE,,,,Mapped to ACV7-IMPL-0164 via /app/staff / views/activeclinic/app/staff-list-content.ejs,
12272131183982732110,7f168bfd3ac64a2ca412f43990176e41,P13 – Staff Profile – Desktop,P13,STAFF,DESKTOP,DEFAULT,EXACT_IMPLEMENTATION_MATCH,HIGH,ACV7-IMPL-0167,/app/staff/:staffId,views/activeclinic/app/staff-detail-content.ejs,DEFAULT,DESKTOP|MOBILE,,,,Mapped to ACV7-IMPL-0167 via /app/staff/:staffId / views/activeclinic/app/staff-detail-content.ejs,
12272131183982732110,3d43526745534570bbe9cd22948be3c1,P13 – Suspend Staff Account,P13,STAFF,DESKTOP,DEFAULT,PARTIAL_IMPLEMENTATION,HIGH,ACV7-IMPL-0167,/app/staff/:staffId,views/activeclinic/app/staff-detail-content.ejs,DEFAULT,DESKTOP|MOBILE,,,"Suspend is staff-admin POST action, not a dedicated confirmation screen",Mapped to ACV7-IMPL-0167 via /app/staff/:staffId / views/activeclinic/app/staff-detail-content.ejs,
12272131183982732110,72357dec37864a5a926a1d2b5c551b16,Shared Error State,SHARED_INTERNAL,APP_SHELL,DESKTOP,ERROR,MULTIPLE_STITCH_TO_ONE_IMPLEMENTATION,MEDIUM,ACV7-IMPL-0086,(access-state),views/activeclinic/app/access-state.ejs,OTHER,DESKTOP|MOBILE,,,,Mapped to ACV7-IMPL-0086 via (access-state) / views/activeclinic/app/access-state.ejs,Shared error taxonomy via access-state REQUEST_ERROR
12272131183982732110,8a3f15c0be9c47efb192f206df104d5c,Shared Loading State,SHARED_INTERNAL,APP_SHELL,DESKTOP,LOADING,PARTIAL_IMPLEMENTATION,MEDIUM,ACV7-IMPL-0006,/clinics,views/activeclinic/public/clinics-directory.ejs,LOADING,DESKTOP|MOBILE,,,Shared loading is taxonomy/partial; directory loading is the only dedicated loading state row,Mapped to ACV7-IMPL-0006 via /clinics / views/activeclinic/public/clinics-directory.ejs,No global shared loading page for internal app beyond inline states
12272131183982732110,4d31c82537634b5f981c359662d224b3,Shared Offline State,SHARED_INTERNAL,APP_SHELL,DESKTOP,OTHER,EXACT_IMPLEMENTATION_MATCH,HIGH,ACV7-IMPL-0083,/app/offline,views/activeclinic/app/access-state.ejs,OTHER,DESKTOP|MOBILE,,,,Mapped to ACV7-IMPL-0083 via /app/offline / views/activeclinic/app/access-state.ejs,
17813606734422395399,4443fa4c1eea429fb6ee67a97efb8f92,P21 - ActiveClinic Public - About - Desktop,P21,PUBLIC_PLATFORM,DESKTOP,DEFAULT,MULTIPLE_STITCH_TO_ONE_IMPLEMENTATION,HIGH,ACV7-IMPL-0002,/about,views/activeclinic/public/about.ejs,DEFAULT,DESKTOP|MOBILE,,,,Mapped to ACV7-IMPL-0002 via /about / views/activeclinic/public/about.ejs,
17813606734422395399,2447429876f24ac287f903795c4d4d04,P21 - ActiveClinic Public - About - Mobile,P21,PUBLIC_PLATFORM,MOBILE,DEFAULT,MULTIPLE_STITCH_TO_ONE_IMPLEMENTATION,HIGH,ACV7-IMPL-0002,/about,views/activeclinic/public/about.ejs,DEFAULT,DESKTOP|MOBILE,,,,Mapped to ACV7-IMPL-0002 via /about / views/activeclinic/public/about.ejs,
17813606734422395399,2c612094416e468ea4063dc162667609,P21 - ActiveClinic Public - Clinic Directory - Desktop,P21,DIRECTORY,DESKTOP,DEFAULT,MULTIPLE_STITCH_TO_ONE_IMPLEMENTATION,HIGH,ACV7-IMPL-0004,/clinics,views/activeclinic/public/clinics-directory.ejs,POPULATED,DESKTOP|MOBILE,,,,Mapped to ACV7-IMPL-0004 via /clinics / views/activeclinic/public/clinics-directory.ejs,
17813606734422395399,dac958cf9559485aa0aac7803360cf40,P21 - ActiveClinic Public - Clinic Directory - Desktop,P21,DIRECTORY,DESKTOP,DEFAULT,DUPLICATE_STITCH_VARIANT,HIGH,ACV7-IMPL-0004,/clinics,views/activeclinic/public/clinics-directory.ejs,POPULATED,DESKTOP|MOBILE,2c612094416e468ea4063dc162667609,,,Duplicate Stitch iteration; inherits mapping of 2c612094416e468ea4063dc162667609,; Duplicate of P21 - ActiveClinic Public - Clinic Directory - Desktop (dup_001)
17813606734422395399,2c495fc46a3648c5b878e207d9f12661,P21 - ActiveClinic Public - Clinic Directory - Empty - Desktop,P21,DIRECTORY,DESKTOP,EMPTY,MULTIPLE_STITCH_TO_ONE_IMPLEMENTATION,HIGH,ACV7-IMPL-0005,/clinics,views/activeclinic/public/clinics-directory.ejs,EMPTY,DESKTOP|MOBILE,,,,Mapped to ACV7-IMPL-0005 via /clinics / views/activeclinic/public/clinics-directory.ejs,
17813606734422395399,08791796ff3046df8c2c479ee2641814,P21 - ActiveClinic Public - Clinic Directory - Empty - Mobile,P21,DIRECTORY,MOBILE,EMPTY,MULTIPLE_STITCH_TO_ONE_IMPLEMENTATION,HIGH,ACV7-IMPL-0005,/clinics,views/activeclinic/public/clinics-directory.ejs,EMPTY,DESKTOP|MOBILE,,,,Mapped to ACV7-IMPL-0005 via /clinics / views/activeclinic/public/clinics-directory.ejs,
17813606734422395399,cdc46325b27b4813bf5a19eb8e85dd9f,P21 - ActiveClinic Public - Clinic Directory - Error - Desktop,P21,DIRECTORY,DESKTOP,ERROR,MULTIPLE_STITCH_TO_ONE_IMPLEMENTATION,HIGH,ACV7-IMPL-0007,/clinics,views/activeclinic/public/clinics-directory.ejs,ERROR,DESKTOP|MOBILE,,,,Mapped to ACV7-IMPL-0007 via /clinics / views/activeclinic/public/clinics-directory.ejs,
17813606734422395399,82299e09519c4098b07429d9ae97bdac,P21 - ActiveClinic Public - Clinic Directory - Error - Mobile,P21,DIRECTORY,MOBILE,ERROR,MULTIPLE_STITCH_TO_ONE_IMPLEMENTATION,HIGH,ACV7-IMPL-0007,/clinics,views/activeclinic/public/clinics-directory.ejs,ERROR,DESKTOP|MOBILE,,,,Mapped to ACV7-IMPL-0007 via /clinics / views/activeclinic/public/clinics-directory.ejs,
17813606734422395399,3cf8b9cbce0a4866aace37f72c319e5f,P21 - ActiveClinic Public - Clinic Directory - Loading - Desktop,P21,DIRECTORY,DESKTOP,LOADING,MULTIPLE_STITCH_TO_ONE_IMPLEMENTATION,HIGH,ACV7-IMPL-0006,/clinics,views/activeclinic/public/clinics-directory.ejs,LOADING,DESKTOP|MOBILE,,,,Mapped to ACV7-IMPL-0006 via /clinics / views/activeclinic/public/clinics-directory.ejs,
17813606734422395399,4889fc1798d2425f85ba19dd68c29734,P21 - ActiveClinic Public - Clinic Directory - Loading - Mobile,P21,DIRECTORY,MOBILE,LOADING,MULTIPLE_STITCH_TO_ONE_IMPLEMENTATION,HIGH,ACV7-IMPL-0006,/clinics,views/activeclinic/public/clinics-directory.ejs,LOADING,DESKTOP|MOBILE,,,,Mapped to ACV7-IMPL-0006 via /clinics / views/activeclinic/public/clinics-directory.ejs,
17813606734422395399,85f99ea3326f46a2bd0415ba1cf2d8d2,P21 - ActiveClinic Public - Clinic Directory - Mobile,P21,DIRECTORY,MOBILE,DEFAULT,MULTIPLE_STITCH_TO_ONE_IMPLEMENTATION,HIGH,ACV7-IMPL-0004,/clinics,views/activeclinic/public/clinics-directory.ejs,POPULATED,DESKTOP|MOBILE,,,,Mapped to ACV7-IMPL-0004 via /clinics / views/activeclinic/public/clinics-directory.ejs,
17813606734422395399,a45f68ec92f8495d8f5cd1aa42831e88,P21 - ActiveClinic Public - Clinic Onboarding - Desktop,P21,CLINIC_REGISTRATION,DESKTOP,DEFAULT,MULTIPLE_STITCH_TO_ONE_IMPLEMENTATION,HIGH,ACV7-IMPL-0009,/register-clinic,views/activeclinic/public/register-clinic.ejs,DEFAULT,DESKTOP|MOBILE,,,,Mapped to ACV7-IMPL-0009 via /register-clinic / views/activeclinic/public/register-clinic.ejs,
17813606734422395399,18f6b1a32e464e8c93f977f918e05500,P21 - ActiveClinic Public - Clinic Onboarding - Mobile,P21,CLINIC_REGISTRATION,MOBILE,DEFAULT,MULTIPLE_STITCH_TO_ONE_IMPLEMENTATION,HIGH,ACV7-IMPL-0009,/register-clinic,views/activeclinic/public/register-clinic.ejs,DEFAULT,DESKTOP|MOBILE,,,,Mapped to ACV7-IMPL-0009 via /register-clinic / views/activeclinic/public/register-clinic.ejs,
17813606734422395399,fa556d169e1a44b38a65770869bf2c09,P21 - ActiveClinic Public - Clinic Onboarding Review - Desktop,P21,CLINIC_REGISTRATION,DESKTOP,DEFAULT,MULTIPLE_STITCH_TO_ONE_IMPLEMENTATION,HIGH,ACV7-IMPL-0011,/register-clinic,views/activeclinic/public/register-clinic-review.ejs,DEFAULT,DESKTOP|MOBILE,,,,Mapped to ACV7-IMPL-0011 via /register-clinic / views/activeclinic/public/register-clinic-review.ejs,
17813606734422395399,254bcedf197b4b0794c9df173f8a6857,P21 - ActiveClinic Public - Clinic Onboarding Review - Mobile,P21,CLINIC_REGISTRATION,MOBILE,DEFAULT,MULTIPLE_STITCH_TO_ONE_IMPLEMENTATION,HIGH,ACV7-IMPL-0011,/register-clinic,views/activeclinic/public/register-clinic-review.ejs,DEFAULT,DESKTOP|MOBILE,,,,Mapped to ACV7-IMPL-0011 via /register-clinic / views/activeclinic/public/register-clinic-review.ejs,
17813606734422395399,3410067aec51400d95936b34efd85e46,P21 - ActiveClinic Public - Clinic Onboarding Server Error - Desktop,P21,CLINIC_REGISTRATION,DESKTOP,ERROR,MULTIPLE_STITCH_TO_ONE_IMPLEMENTATION,HIGH,ACV7-IMPL-0013,/register-clinic,views/activeclinic/public/register-clinic-server-error.ejs,ERROR,DESKTOP|MOBILE,,,,Mapped to ACV7-IMPL-0013 via /register-clinic / views/activeclinic/public/register-clinic-server-error.ejs,
17813606734422395399,8c33ca1f083c494fa4b2143e3a3e45d3,P21 - ActiveClinic Public - Clinic Onboarding Server Error - Mobile,P21,CLINIC_REGISTRATION,MOBILE,ERROR,MULTIPLE_STITCH_TO_ONE_IMPLEMENTATION,HIGH,ACV7-IMPL-0013,/register-clinic,views/activeclinic/public/register-clinic-server-error.ejs,ERROR,DESKTOP|MOBILE,,,,Mapped to ACV7-IMPL-0013 via /register-clinic / views/activeclinic/public/register-clinic-server-error.ejs,
17813606734422395399,f9f8853209fb42ebb1ef71cdb97145ba,P21 - ActiveClinic Public - Clinic Onboarding Success - Desktop,P21,CLINIC_REGISTRATION,DESKTOP,SUCCESS,MULTIPLE_STITCH_TO_ONE_IMPLEMENTATION,HIGH,ACV7-IMPL-0012,/register-clinic/success,views/activeclinic/public/register-clinic-success.ejs,SUCCESS,DESKTOP|MOBILE,,,,Mapped to ACV7-IMPL-0012 via /register-clinic/success / views/activeclinic/public/register-clinic-success.ejs,
17813606734422395399,7f422dccacea4a5c93932db627522000,P21 - ActiveClinic Public - Clinic Onboarding Success - Mobile,P21,CLINIC_REGISTRATION,MOBILE,SUCCESS,MULTIPLE_STITCH_TO_ONE_IMPLEMENTATION,HIGH,ACV7-IMPL-0012,/register-clinic/success,views/activeclinic/public/register-clinic-success.ejs,SUCCESS,DESKTOP|MOBILE,,,,Mapped to ACV7-IMPL-0012 via /register-clinic/success / views/activeclinic/public/register-clinic-success.ejs,
17813606734422395399,341517f50f3f4fce85e4715f41e12b3c,P21 - ActiveClinic Public - Clinic Onboarding Validation Error - Desktop,P21,CLINIC_REGISTRATION,DESKTOP,VALIDATION_ERROR,MULTIPLE_STITCH_TO_ONE_IMPLEMENTATION,HIGH,ACV7-IMPL-0010,/register-clinic,views/activeclinic/public/register-clinic.ejs,VALIDATION_ERROR,DESKTOP|MOBILE,,,,Mapped to ACV7-IMPL-0010 via /register-clinic / views/activeclinic/public/register-clinic.ejs,
17813606734422395399,9a4d8a72068e4fec88cb7eadab0a4dd4,P21 - ActiveClinic Public - Clinic Onboarding Validation Error - Mobile,P21,CLINIC_REGISTRATION,MOBILE,VALIDATION_ERROR,MULTIPLE_STITCH_TO_ONE_IMPLEMENTATION,HIGH,ACV7-IMPL-0010,/register-clinic,views/activeclinic/public/register-clinic.ejs,VALIDATION_ERROR,DESKTOP|MOBILE,,,,Mapped to ACV7-IMPL-0010 via /register-clinic / views/activeclinic/public/register-clinic.ejs,
17813606734422395399,50d278a0dc7c4618b20e70e4fdfd6076,P21 - ActiveClinic Public - Clinic Search States - Mobile,P21,DIRECTORY,MOBILE,OTHER,MULTIPLE_STITCH_TO_ONE_IMPLEMENTATION,HIGH,ACV7-IMPL-0008,/clinics/search,views/activeclinic/public/clinics-search.ejs,DEFAULT,DESKTOP|MOBILE,,,,Mapped to ACV7-IMPL-0008 via /clinics/search / views/activeclinic/public/clinics-search.ejs,
17813606734422395399,22391e15f8c34fc5b23927b4e7644120,P21 - ActiveClinic Public - Home - Desktop,P21,PUBLIC_PLATFORM,DESKTOP,DEFAULT,MULTIPLE_STITCH_TO_ONE_IMPLEMENTATION,HIGH,ACV7-IMPL-0001,/,views/activeclinic/public/home.ejs,DEFAULT,DESKTOP|MOBILE,,,,Mapped to ACV7-IMPL-0001 via / / views/activeclinic/public/home.ejs,
17813606734422395399,f96b485558c64fc38193c5d3231633ec,P21 - ActiveClinic Public - Home - Desktop,P21,PUBLIC_PLATFORM,DESKTOP,DEFAULT,DUPLICATE_STITCH_VARIANT,HIGH,ACV7-IMPL-0001,/,views/activeclinic/public/home.ejs,DEFAULT,DESKTOP|MOBILE,22391e15f8c34fc5b23927b4e7644120,,,Duplicate Stitch iteration; inherits mapping of 22391e15f8c34fc5b23927b4e7644120,; Duplicate of P21 - ActiveClinic Public - Home - Desktop (dup_003)
17813606734422395399,2ccf327230b640c3b3340e5bca2bb162,P21 - ActiveClinic Public - Home - Mobile,P21,PUBLIC_PLATFORM,MOBILE,DEFAULT,MULTIPLE_STITCH_TO_ONE_IMPLEMENTATION,HIGH,ACV7-IMPL-0001,/,views/activeclinic/public/home.ejs,DEFAULT,DESKTOP|MOBILE,,,,Mapped to ACV7-IMPL-0001 via / / views/activeclinic/public/home.ejs,
17813606734422395399,6dadae69ad0d4e4e9441e1a68b3f6282,P21 - ActiveClinic Public - Home - Mobile,P21,PUBLIC_PLATFORM,MOBILE,DEFAULT,DUPLICATE_STITCH_VARIANT,HIGH,ACV7-IMPL-0001,/,views/activeclinic/public/home.ejs,DEFAULT,DESKTOP|MOBILE,2ccf327230b640c3b3340e5bca2bb162,,,Duplicate Stitch iteration; inherits mapping of 2ccf327230b640c3b3340e5bca2bb162,; Duplicate of P21 - ActiveClinic Public - Home - Mobile (dup_002)
17813606734422395399,ac6b69a1ef614134af6d674c62891632,P21 - ActiveClinic Public - Solutions - Desktop,P21,PUBLIC_PLATFORM,DESKTOP,DEFAULT,MULTIPLE_STITCH_TO_ONE_IMPLEMENTATION,HIGH,ACV7-IMPL-0003,/solutions,views/activeclinic/public/solutions.ejs,DEFAULT,DESKTOP|MOBILE,,,,Mapped to ACV7-IMPL-0003 via /solutions / views/activeclinic/public/solutions.ejs,
17813606734422395399,990884d1aa844bb2a789f41b23b7704e,P21 - ActiveClinic Public - Solutions - Mobile,P21,PUBLIC_PLATFORM,MOBILE,DEFAULT,MULTIPLE_STITCH_TO_ONE_IMPLEMENTATION,HIGH,ACV7-IMPL-0003,/solutions,views/activeclinic/public/solutions.ejs,DEFAULT,DESKTOP|MOBILE,,,,Mapped to ACV7-IMPL-0003 via /solutions / views/activeclinic/public/solutions.ejs,
17813606734422395399,5b3a0cccbc224b388752747847c0749a,P22 - Demo Clinic - Booking Entry - Desktop,P22,JUFLONA,DESKTOP,DEFAULT,MULTIPLE_STITCH_TO_ONE_IMPLEMENTATION,HIGH,ACV7-IMPL-0030,/clinics/:clinicKey/book,views/activeclinic/booking/consultation-type.ejs,DEFAULT,DESKTOP|MOBILE,,,,Mapped to ACV7-IMPL-0030 via /clinics/:clinicKey/book / views/activeclinic/booking/consultation-type.ejs,Tenant booking entry maps to consultation booking type step
17813606734422395399,f18d2b7bea004db492c5f0cc45d0743e,P22 - Demo Clinic - Booking Entry - Mobile,P22,JUFLONA,MOBILE,DEFAULT,MULTIPLE_STITCH_TO_ONE_IMPLEMENTATION,HIGH,ACV7-IMPL-0030,/clinics/:clinicKey/book,views/activeclinic/booking/consultation-type.ejs,DEFAULT,DESKTOP|MOBILE,,,,Mapped to ACV7-IMPL-0030 via /clinics/:clinicKey/book / views/activeclinic/booking/consultation-type.ejs,Tenant booking entry maps to consultation booking type step
17813606734422395399,3b5370de88bf4bb8adaf679dae11b035,P22 - Demo Clinic - Doctors - Desktop,P22,DOCTORS,DESKTOP,DEFAULT,MULTIPLE_STITCH_TO_ONE_IMPLEMENTATION,HIGH,ACV7-IMPL-0026,/clinics/:clinicKey/doctors,views/activeclinic/tenant/doctors.ejs,DEFAULT,DESKTOP|MOBILE,,,,Mapped to ACV7-IMPL-0026 via /clinics/:clinicKey/doctors / views/activeclinic/tenant/doctors.ejs,
17813606734422395399,911e3c7f4fdd4016bedea8641aad2c6f,P22 - Demo Clinic - Doctors - Mobile,P22,DOCTORS,MOBILE,DEFAULT,MULTIPLE_STITCH_TO_ONE_IMPLEMENTATION,HIGH,ACV7-IMPL-0026,/clinics/:clinicKey/doctors,views/activeclinic/tenant/doctors.ejs,DEFAULT,DESKTOP|MOBILE,,,,Mapped to ACV7-IMPL-0026 via /clinics/:clinicKey/doctors / views/activeclinic/tenant/doctors.ejs,
17813606734422395399,0d9f0a8244804859b12ffd7dee972754,P22 - Demo Clinic - Home - Desktop,P22,JUFLONA,DESKTOP,DEFAULT,MULTIPLE_STITCH_TO_ONE_IMPLEMENTATION,HIGH,ACV7-IMPL-0014,/clinics/:clinicKey,views/activeclinic/tenant/home.ejs,DEFAULT,DESKTOP|MOBILE,,,,Mapped to ACV7-IMPL-0014 via /clinics/:clinicKey / views/activeclinic/tenant/home.ejs,
17813606734422395399,2ac5e52f18bc40b187603880f1175f89,P22 - Demo Clinic - Home - Mobile,P22,JUFLONA,MOBILE,DEFAULT,MULTIPLE_STITCH_TO_ONE_IMPLEMENTATION,HIGH,ACV7-IMPL-0014,/clinics/:clinicKey,views/activeclinic/tenant/home.ejs,DEFAULT,DESKTOP|MOBILE,,,,Mapped to ACV7-IMPL-0014 via /clinics/:clinicKey / views/activeclinic/tenant/home.ejs,
17813606734422395399,38b42384631a423abd13f4f1d23ebd43,P22 - Demo Clinic - Pricing - Desktop,P22,PRICING,DESKTOP,DEFAULT,MULTIPLE_STITCH_TO_ONE_IMPLEMENTATION,HIGH,ACV7-IMPL-0018,/clinics/:clinicKey/pricing,views/activeclinic/tenant/pricing.ejs,DEFAULT,DESKTOP|MOBILE,,,,Mapped to ACV7-IMPL-0018 via /clinics/:clinicKey/pricing / views/activeclinic/tenant/pricing.ejs,
17813606734422395399,e6360fb33fba477bb2ad47f81234fae3,P22 - Demo Clinic - Pricing - Mobile,P22,PRICING,MOBILE,DEFAULT,MULTIPLE_STITCH_TO_ONE_IMPLEMENTATION,HIGH,ACV7-IMPL-0018,/clinics/:clinicKey/pricing,views/activeclinic/tenant/pricing.ejs,DEFAULT,DESKTOP|MOBILE,,,,Mapped to ACV7-IMPL-0018 via /clinics/:clinicKey/pricing / views/activeclinic/tenant/pricing.ejs,
17813606734422395399,61bcf76807744d898c859ed1078236b5,P22 - Demo Clinic - Services - Desktop,P22,SERVICES,DESKTOP,DEFAULT,MULTIPLE_STITCH_TO_ONE_IMPLEMENTATION,HIGH,ACV7-IMPL-0023,/clinics/:clinicKey/services,views/activeclinic/tenant/services.ejs,DEFAULT,DESKTOP|MOBILE,,,,Mapped to ACV7-IMPL-0023 via /clinics/:clinicKey/services / views/activeclinic/tenant/services.ejs,
17813606734422395399,a0d5997b31c44203ba94de0708ca5737,P22 - Demo Clinic - Services - Mobile,P22,SERVICES,MOBILE,DEFAULT,MULTIPLE_STITCH_TO_ONE_IMPLEMENTATION,HIGH,ACV7-IMPL-0023,/clinics/:clinicKey/services,views/activeclinic/tenant/services.ejs,DEFAULT,DESKTOP|MOBILE,,,,Mapped to ACV7-IMPL-0023 via /clinics/:clinicKey/services / views/activeclinic/tenant/services.ejs,
17813606734422395399,016440abad32484486a24c43d46a44f8,P22 - Juflona Clinic - Booking Entry - Desktop,P22,JUFLONA,DESKTOP,DEFAULT,MULTIPLE_STITCH_TO_ONE_IMPLEMENTATION,HIGH,ACV7-IMPL-0030,/clinics/:clinicKey/book,views/activeclinic/booking/consultation-type.ejs,DEFAULT,DESKTOP|MOBILE,,,,Mapped to ACV7-IMPL-0030 via /clinics/:clinicKey/book / views/activeclinic/booking/consultation-type.ejs,Tenant booking entry maps to consultation booking type step
17813606734422395399,bdc67d336bc64447bd0c02474b34c144,P22 - Juflona Clinic - Booking Entry - Mobile,P22,JUFLONA,MOBILE,DEFAULT,MULTIPLE_STITCH_TO_ONE_IMPLEMENTATION,HIGH,ACV7-IMPL-0030,/clinics/:clinicKey/book,views/activeclinic/booking/consultation-type.ejs,DEFAULT,DESKTOP|MOBILE,,,,Mapped to ACV7-IMPL-0030 via /clinics/:clinicKey/book / views/activeclinic/booking/consultation-type.ejs,Tenant booking entry maps to consultation booking type step
17813606734422395399,ea3abfe05bcc4e6a96eeba72dfea5d38,P22 - Juflona Clinic - Closed or Unavailable - Desktop,P22,JUFLONA,DESKTOP,UNAVAILABLE,MULTIPLE_STITCH_TO_ONE_IMPLEMENTATION,HIGH,ACV7-IMPL-0029,/clinics/:clinicKey/*,views/activeclinic/tenant/clinic-unavailable.ejs,UNAVAILABLE,DESKTOP|MOBILE,,,,Mapped to ACV7-IMPL-0029 via /clinics/:clinicKey/* / views/activeclinic/tenant/clinic-unavailable.ejs,
17813606734422395399,4df57c6409904d9aadd5841987aa315f,P22 - Juflona Clinic - Closed or Unavailable - Mobile,P22,JUFLONA,MOBILE,UNAVAILABLE,MULTIPLE_STITCH_TO_ONE_IMPLEMENTATION,HIGH,ACV7-IMPL-0029,/clinics/:clinicKey/*,views/activeclinic/tenant/clinic-unavailable.ejs,UNAVAILABLE,DESKTOP|MOBILE,,,,Mapped to ACV7-IMPL-0029 via /clinics/:clinicKey/* / views/activeclinic/tenant/clinic-unavailable.ejs,
17813606734422395399,32766a7879be4e539bd1ca8e352ef1d0,P22 - Juflona Clinic - Location - Desktop,P22,JUFLONA,DESKTOP,DEFAULT,MULTIPLE_STITCH_TO_ONE_IMPLEMENTATION,HIGH,ACV7-IMPL-0019,/clinics/:clinicKey/location,views/activeclinic/tenant/location.ejs,DEFAULT,DESKTOP|MOBILE,,,,Mapped to ACV7-IMPL-0019 via /clinics/:clinicKey/location / views/activeclinic/tenant/location.ejs,
17813606734422395399,4fb9866c196540199d4de109ba807726,P22 - Juflona Clinic - Location - Mobile,P22,JUFLONA,MOBILE,DEFAULT,MULTIPLE_STITCH_TO_ONE_IMPLEMENTATION,HIGH,ACV7-IMPL-0019,/clinics/:clinicKey/location,views/activeclinic/tenant/location.ejs,DEFAULT,DESKTOP|MOBILE,,,,Mapped to ACV7-IMPL-0019 via /clinics/:clinicKey/location / views/activeclinic/tenant/location.ejs,
17813606734422395399,0d8b62deaeb843a99f02f844a5d00ebd,P22 - Juflona Clinic - Not Found - Desktop,P22,JUFLONA,DESKTOP,NOT_FOUND,MULTIPLE_STITCH_TO_ONE_IMPLEMENTATION,HIGH,ACV7-IMPL-0028,/clinics/:clinicKey/*,views/activeclinic/tenant/clinic-not-found.ejs,NOT_FOUND,DESKTOP|MOBILE,,,,Mapped to ACV7-IMPL-0028 via /clinics/:clinicKey/* / views/activeclinic/tenant/clinic-not-found.ejs,
17813606734422395399,e4668b043467417295bdb7c41836a344,P22 - Juflona Clinic - Not Found - Mobile,P22,JUFLONA,MOBILE,NOT_FOUND,MULTIPLE_STITCH_TO_ONE_IMPLEMENTATION,HIGH,ACV7-IMPL-0028,/clinics/:clinicKey/*,views/activeclinic/tenant/clinic-not-found.ejs,NOT_FOUND,DESKTOP|MOBILE,,,,Mapped to ACV7-IMPL-0028 via /clinics/:clinicKey/* / views/activeclinic/tenant/clinic-not-found.ejs,
17813606734422395399,7780a4d599b441a6be7695ff72b84107,P22 - Juflona Clinic - Pricing - Desktop,P22,PRICING,DESKTOP,DEFAULT,MULTIPLE_STITCH_TO_ONE_IMPLEMENTATION,HIGH,ACV7-IMPL-0018,/clinics/:clinicKey/pricing,views/activeclinic/tenant/pricing.ejs,DEFAULT,DESKTOP|MOBILE,,,,Mapped to ACV7-IMPL-0018 via /clinics/:clinicKey/pricing / views/activeclinic/tenant/pricing.ejs,
17813606734422395399,775340af70d540bea3af6d7ed277402a,P22 - Juflona Clinic - Pricing - Mobile,P22,PRICING,MOBILE,DEFAULT,MULTIPLE_STITCH_TO_ONE_IMPLEMENTATION,HIGH,ACV7-IMPL-0018,/clinics/:clinicKey/pricing,views/activeclinic/tenant/pricing.ejs,DEFAULT,DESKTOP|MOBILE,,,,Mapped to ACV7-IMPL-0018 via /clinics/:clinicKey/pricing / views/activeclinic/tenant/pricing.ejs,
17813606734422395399,38abfa8767f4492ca11895b4f360effe,P22 - Juflona Public - About - Desktop,P22,JUFLONA,DESKTOP,DEFAULT,MULTIPLE_STITCH_TO_ONE_IMPLEMENTATION,HIGH,ACV7-IMPL-0015,/clinics/:clinicKey/about,views/activeclinic/tenant/about.ejs,DEFAULT,DESKTOP|MOBILE,,,,Mapped to ACV7-IMPL-0015 via /clinics/:clinicKey/about / views/activeclinic/tenant/about.ejs,
17813606734422395399,4aa46e7ddb424bc690e16a246de28c6b,P22 - Juflona Public - About - Mobile,P22,JUFLONA,MOBILE,DEFAULT,MULTIPLE_STITCH_TO_ONE_IMPLEMENTATION,HIGH,ACV7-IMPL-0015,/clinics/:clinicKey/about,views/activeclinic/tenant/about.ejs,DEFAULT,DESKTOP|MOBILE,,,,Mapped to ACV7-IMPL-0015 via /clinics/:clinicKey/about / views/activeclinic/tenant/about.ejs,
17813606734422395399,a1a662f6a5c342df8783414bff11a866,P22 - Juflona Public - Contact - Desktop,P22,JUFLONA,DESKTOP,DEFAULT,MULTIPLE_STITCH_TO_ONE_IMPLEMENTATION,HIGH,ACV7-IMPL-0016,/clinics/:clinicKey/contact,views/activeclinic/tenant/contact.ejs,DEFAULT,DESKTOP|MOBILE,,,,Mapped to ACV7-IMPL-0016 via /clinics/:clinicKey/contact / views/activeclinic/tenant/contact.ejs,
17813606734422395399,a1ceb17fd59a429a980d0b20ea42e83b,P22 - Juflona Public - Contact - Mobile,P22,JUFLONA,MOBILE,DEFAULT,MULTIPLE_STITCH_TO_ONE_IMPLEMENTATION,HIGH,ACV7-IMPL-0016,/clinics/:clinicKey/contact,views/activeclinic/tenant/contact.ejs,DEFAULT,DESKTOP|MOBILE,,,,Mapped to ACV7-IMPL-0016 via /clinics/:clinicKey/contact / views/activeclinic/tenant/contact.ejs,
17813606734422395399,c3586685e9f342f681f177d1036c18fc,P22 - Juflona Public - Contact Success - Mobile,P22,JUFLONA,MOBILE,SUCCESS,EXACT_IMPLEMENTATION_MATCH,HIGH,ACV7-IMPL-0017,/clinics/:clinicKey/contact/success,views/activeclinic/tenant/contact-success.ejs,SUCCESS,DESKTOP|MOBILE,,,,Mapped to ACV7-IMPL-0017 via /clinics/:clinicKey/contact/success / views/activeclinic/tenant/contact-success.ejs,
17813606734422395399,85d2b873d38f4196a9b17eb35e2bc4da,P22 - Juflona Public - Home - Desktop,P22,JUFLONA,DESKTOP,DEFAULT,MULTIPLE_STITCH_TO_ONE_IMPLEMENTATION,HIGH,ACV7-IMPL-0014,/clinics/:clinicKey,views/activeclinic/tenant/home.ejs,DEFAULT,DESKTOP|MOBILE,,,,Mapped to ACV7-IMPL-0014 via /clinics/:clinicKey / views/activeclinic/tenant/home.ejs,
17813606734422395399,6eb5bda4ca694e54b34693e3f86e986b,P22 - Juflona Public - Home - Mobile,P22,JUFLONA,MOBILE,DEFAULT,MULTIPLE_STITCH_TO_ONE_IMPLEMENTATION,HIGH,ACV7-IMPL-0014,/clinics/:clinicKey,views/activeclinic/tenant/home.ejs,DEFAULT,DESKTOP|MOBILE,,,,Mapped to ACV7-IMPL-0014 via /clinics/:clinicKey / views/activeclinic/tenant/home.ejs,
17813606734422395399,5adb49b9a1a940a581eeaca83524c7f1,P22 - Juflona Public - Patient Information - Desktop,P22,JUFLONA,DESKTOP,DEFAULT,MULTIPLE_STITCH_TO_ONE_IMPLEMENTATION,HIGH,ACV7-IMPL-0020,/clinics/:clinicKey/patient-information,views/activeclinic/tenant/patient-information.ejs,DEFAULT,DESKTOP|MOBILE,,,,Mapped to ACV7-IMPL-0020 via /clinics/:clinicKey/patient-information / views/activeclinic/tenant/patient-information.ejs,
17813606734422395399,62f5da19ec9047898ba0957faf21b408,P22 - Juflona Public - Patient Information - Mobile,P22,JUFLONA,MOBILE,DEFAULT,MULTIPLE_STITCH_TO_ONE_IMPLEMENTATION,HIGH,ACV7-IMPL-0020,/clinics/:clinicKey/patient-information,views/activeclinic/tenant/patient-information.ejs,DEFAULT,DESKTOP|MOBILE,,,,Mapped to ACV7-IMPL-0020 via /clinics/:clinicKey/patient-information / views/activeclinic/tenant/patient-information.ejs,
17813606734422395399,ab5711022ce84342b2e9ecfae818d78e,P22 - Juflona Public - Privacy - Desktop,P22,JUFLONA,DESKTOP,DEFAULT,MULTIPLE_STITCH_TO_ONE_IMPLEMENTATION,HIGH,ACV7-IMPL-0021,/clinics/:clinicKey/privacy,views/activeclinic/tenant/privacy.ejs,DEFAULT,DESKTOP|MOBILE,,,,Mapped to ACV7-IMPL-0021 via /clinics/:clinicKey/privacy / views/activeclinic/tenant/privacy.ejs,
17813606734422395399,45a9c24fcbfe4bbdb739452308397b95,P22 - Juflona Public - Privacy - Mobile,P22,JUFLONA,MOBILE,DEFAULT,MULTIPLE_STITCH_TO_ONE_IMPLEMENTATION,HIGH,ACV7-IMPL-0021,/clinics/:clinicKey/privacy,views/activeclinic/tenant/privacy.ejs,DEFAULT,DESKTOP|MOBILE,,,,Mapped to ACV7-IMPL-0021 via /clinics/:clinicKey/privacy / views/activeclinic/tenant/privacy.ejs,
17813606734422395399,2a7f744da5a44fc68c1f1bfeafba67ff,P22 - Juflona Public - Terms - Desktop,P22,JUFLONA,DESKTOP,DEFAULT,MULTIPLE_STITCH_TO_ONE_IMPLEMENTATION,HIGH,ACV7-IMPL-0022,/clinics/:clinicKey/terms,views/activeclinic/tenant/terms.ejs,DEFAULT,DESKTOP|MOBILE,,,,Mapped to ACV7-IMPL-0022 via /clinics/:clinicKey/terms / views/activeclinic/tenant/terms.ejs,
17813606734422395399,a789772602dc4e2bac342970ca833751,P22 - Juflona Public - Terms - Mobile,P22,JUFLONA,MOBILE,DEFAULT,MULTIPLE_STITCH_TO_ONE_IMPLEMENTATION,HIGH,ACV7-IMPL-0022,/clinics/:clinicKey/terms,views/activeclinic/tenant/terms.ejs,DEFAULT,DESKTOP|MOBILE,,,,Mapped to ACV7-IMPL-0022 via /clinics/:clinicKey/terms / views/activeclinic/tenant/terms.ejs,
17813606734422395399,47005f4888bc4e099a990fd65a6b8962,P23 - Juflona Public - Consultation Service Detail - Desktop,P23,SERVICES,DESKTOP,DEFAULT,MULTIPLE_STITCH_TO_ONE_IMPLEMENTATION,HIGH,ACV7-IMPL-0024,/clinics/:clinicKey/services/:serviceKey,views/activeclinic/tenant/service-detail.ejs,DEFAULT,DESKTOP|MOBILE,,,,Mapped to ACV7-IMPL-0024 via /clinics/:clinicKey/services/:serviceKey / views/activeclinic/tenant/service-detail.ejs,
17813606734422395399,e6205fec780046f5bb006c669276a5c5,P23 - Juflona Public - Consultation Service Detail - Mobile,P23,SERVICES,MOBILE,DEFAULT,MULTIPLE_STITCH_TO_ONE_IMPLEMENTATION,HIGH,ACV7-IMPL-0024,/clinics/:clinicKey/services/:serviceKey,views/activeclinic/tenant/service-detail.ejs,DEFAULT,DESKTOP|MOBILE,,,,Mapped to ACV7-IMPL-0024 via /clinics/:clinicKey/services/:serviceKey / views/activeclinic/tenant/service-detail.ejs,
17813606734422395399,75e6b6a7fbba46018ee8aab976f72d23,P23 - Juflona Public - Doctor Profile - Desktop,P23,DOCTORS,DESKTOP,DEFAULT,MULTIPLE_STITCH_TO_ONE_IMPLEMENTATION,HIGH,ACV7-IMPL-0027,/clinics/:clinicKey/doctors/:staffKey,views/activeclinic/tenant/doctor-profile.ejs,DEFAULT,DESKTOP|MOBILE,,,,Mapped to ACV7-IMPL-0027 via /clinics/:clinicKey/doctors/:staffKey / views/activeclinic/tenant/doctor-profile.ejs,
17813606734422395399,64cf5e42e55c4f9fbcebaf59a6940f5b,P23 - Juflona Public - Doctor Profile - Mobile,P23,DOCTORS,MOBILE,DEFAULT,MULTIPLE_STITCH_TO_ONE_IMPLEMENTATION,HIGH,ACV7-IMPL-0027,/clinics/:clinicKey/doctors/:staffKey,views/activeclinic/tenant/doctor-profile.ejs,DEFAULT,DESKTOP|MOBILE,,,,Mapped to ACV7-IMPL-0027 via /clinics/:clinicKey/doctors/:staffKey / views/activeclinic/tenant/doctor-profile.ejs,
17813606734422395399,dba48eeff55343cc95f1876c76388ce6,P23 - Juflona Public - Doctors - Desktop,P23,DOCTORS,DESKTOP,DEFAULT,MULTIPLE_STITCH_TO_ONE_IMPLEMENTATION,HIGH,ACV7-IMPL-0026,/clinics/:clinicKey/doctors,views/activeclinic/tenant/doctors.ejs,DEFAULT,DESKTOP|MOBILE,,,,Mapped to ACV7-IMPL-0026 via /clinics/:clinicKey/doctors / views/activeclinic/tenant/doctors.ejs,
17813606734422395399,dae36b9307f149d9ad4989a16eec975d,P23 - Juflona Public - Doctors - Mobile,P23,DOCTORS,MOBILE,DEFAULT,MULTIPLE_STITCH_TO_ONE_IMPLEMENTATION,HIGH,ACV7-IMPL-0026,/clinics/:clinicKey/doctors,views/activeclinic/tenant/doctors.ejs,DEFAULT,DESKTOP|MOBILE,,,,Mapped to ACV7-IMPL-0026 via /clinics/:clinicKey/doctors / views/activeclinic/tenant/doctors.ejs,
17813606734422395399,8a5894d5bc294a90ae7c8a83ec159230,P23 - Juflona Public - Doctors States - Mobile,P23,DOCTORS,MOBILE,OTHER,MULTIPLE_STITCH_TO_ONE_IMPLEMENTATION,HIGH,ACV7-IMPL-0026,/clinics/:clinicKey/doctors,views/activeclinic/tenant/doctors.ejs,DEFAULT,DESKTOP|MOBILE,,,,Mapped to ACV7-IMPL-0026 via /clinics/:clinicKey/doctors / views/activeclinic/tenant/doctors.ejs,
17813606734422395399,cf33b64cfa39421893a4413422a4e13a,P23 - Juflona Public - Informational Service Detail - Desktop,P23,SERVICES,DESKTOP,DEFAULT,MULTIPLE_STITCH_TO_ONE_IMPLEMENTATION,HIGH,ACV7-IMPL-0024,/clinics/:clinicKey/services/:serviceKey,views/activeclinic/tenant/service-detail.ejs,DEFAULT,DESKTOP|MOBILE,,,,Mapped to ACV7-IMPL-0024 via /clinics/:clinicKey/services/:serviceKey / views/activeclinic/tenant/service-detail.ejs,
17813606734422395399,9f712f5799384727bb06b415618dd186,P23 - Juflona Public - Informational Service Detail - Mobile,P23,SERVICES,MOBILE,DEFAULT,MULTIPLE_STITCH_TO_ONE_IMPLEMENTATION,HIGH,ACV7-IMPL-0024,/clinics/:clinicKey/services/:serviceKey,views/activeclinic/tenant/service-detail.ejs,DEFAULT,DESKTOP|MOBILE,,,,Mapped to ACV7-IMPL-0024 via /clinics/:clinicKey/services/:serviceKey / views/activeclinic/tenant/service-detail.ejs,
17813606734422395399,b887c39d2de947fda062d568b641f229,P23 - Juflona Public - Procedure Service Detail - Desktop,P23,SERVICES,DESKTOP,DEFAULT,MULTIPLE_STITCH_TO_ONE_IMPLEMENTATION,HIGH,ACV7-IMPL-0025,/clinics/:clinicKey/procedures/:procedureKey,views/activeclinic/tenant/procedure-detail.ejs,DEFAULT,DESKTOP|MOBILE,,,,Mapped to ACV7-IMPL-0025 via /clinics/:clinicKey/procedures/:procedureKey / views/activeclinic/tenant/procedure-detail.ejs,
17813606734422395399,e54a6661157f441d93c94efad91a8858,P23 - Juflona Public - Procedure Service Detail - Mobile,P23,SERVICES,MOBILE,DEFAULT,MULTIPLE_STITCH_TO_ONE_IMPLEMENTATION,HIGH,ACV7-IMPL-0025,/clinics/:clinicKey/procedures/:procedureKey,views/activeclinic/tenant/procedure-detail.ejs,DEFAULT,DESKTOP|MOBILE,,,,Mapped to ACV7-IMPL-0025 via /clinics/:clinicKey/procedures/:procedureKey / views/activeclinic/tenant/procedure-detail.ejs,
17813606734422395399,a59b166b17ff4c1b8514102aedaeef57,P23 - Juflona Public - Public Price Patterns - Desktop,P23,PRICING,DESKTOP,OTHER,PARTIAL_IMPLEMENTATION,MEDIUM,ACV7-IMPL-0018,/clinics/:clinicKey/pricing,views/activeclinic/tenant/pricing.ejs,DEFAULT,DESKTOP|MOBILE,,,Price patterns board condensed into tenant pricing page,Mapped to ACV7-IMPL-0018 via /clinics/:clinicKey/pricing / views/activeclinic/tenant/pricing.ejs,
17813606734422395399,c158c997d0db4d6bb2b228164441ab37,P23 - Juflona Public - Service States - Mobile,P23,SERVICES,MOBILE,OTHER,PARTIAL_IMPLEMENTATION,MEDIUM,ACV7-IMPL-0023,/clinics/:clinicKey/services,views/activeclinic/tenant/services.ejs,DEFAULT,DESKTOP|MOBILE,,,Service empty/unavailable states may be inline; not dedicated inventory rows,Mapped to ACV7-IMPL-0023 via /clinics/:clinicKey/services / views/activeclinic/tenant/services.ejs,
17813606734422395399,3b7d3c9f3808441a8965c43b86c4ba44,P23 - Juflona Public - Services - Desktop,P23,SERVICES,DESKTOP,DEFAULT,MULTIPLE_STITCH_TO_ONE_IMPLEMENTATION,HIGH,ACV7-IMPL-0023,/clinics/:clinicKey/services,views/activeclinic/tenant/services.ejs,DEFAULT,DESKTOP|MOBILE,,,,Mapped to ACV7-IMPL-0023 via /clinics/:clinicKey/services / views/activeclinic/tenant/services.ejs,
17813606734422395399,e0b4b500de47418cb4df06df8a65428b,P23 - Juflona Public - Services - Mobile,P23,SERVICES,MOBILE,DEFAULT,MULTIPLE_STITCH_TO_ONE_IMPLEMENTATION,HIGH,ACV7-IMPL-0023,/clinics/:clinicKey/services,views/activeclinic/tenant/services.ejs,DEFAULT,DESKTOP|MOBILE,,,,Mapped to ACV7-IMPL-0023 via /clinics/:clinicKey/services / views/activeclinic/tenant/services.ejs,
17813606734422395399,e879dd50e2d64f6b93aa807efbdd1775,P24 - Juflona Booking - Appointment Entry - Desktop,P24,CONSULTATION_BOOKING,DESKTOP,DEFAULT,MULTIPLE_STITCH_TO_ONE_IMPLEMENTATION,HIGH,ACV7-IMPL-0040,/clinics/:clinicKey/book,views/activeclinic/booking/appointment-entry.ejs,DEFAULT,DESKTOP|MOBILE,,,,Mapped to ACV7-IMPL-0040 via /clinics/:clinicKey/book / views/activeclinic/booking/appointment-entry.ejs,
17813606734422395399,e4e98986370640f2864a9aa2279ad878,P24 - Juflona Booking - Appointment Entry - Mobile,P24,CONSULTATION_BOOKING,MOBILE,DEFAULT,MULTIPLE_STITCH_TO_ONE_IMPLEMENTATION,HIGH,ACV7-IMPL-0040,/clinics/:clinicKey/book,views/activeclinic/booking/appointment-entry.ejs,DEFAULT,DESKTOP|MOBILE,,,,Mapped to ACV7-IMPL-0040 via /clinics/:clinicKey/book / views/activeclinic/booking/appointment-entry.ejs,
17813606734422395399,d548137f807b40daaaaeff7fe2bcd0fa,P24 - Juflona Booking - Availability States - Mobile,P24,CONSULTATION_BOOKING,MOBILE,OTHER,PARTIAL_IMPLEMENTATION,MEDIUM,ACV7-IMPL-0030|ACV7-IMPL-0031|ACV7-IMPL-0034|ACV7-IMPL-0035,/clinics/:clinicKey/book|/clinics/:clinicKey/book/slot,views/activeclinic/booking/consultation-type.ejs|views/activeclinic/booking/consultation-slot.ejs,DEFAULT|VALIDATION_ERROR,DESKTOP|MOBILE,,,Pattern/state boards partially covered by validation + slot availability helpers; not dedicated screens,"Mapped to ACV7-IMPL-0030, ACV7-IMPL-0031, ACV7-IMPL-0034, ACV7-IMPL-0035 via /clinics/:clinicKey/book | /clinics/:clinicKey/book/slot / views/activeclinic/booking/consultation-type.ejs | views/activeclinic/booking/consultation-slot.ejs",
17813606734422395399,688a0eee8f014c7a8c999762b22be06d,P24 - Juflona Booking - Choose Doctor - Desktop,P24,CONSULTATION_BOOKING,DESKTOP,DEFAULT,MULTIPLE_STITCH_TO_ONE_IMPLEMENTATION,HIGH,ACV7-IMPL-0032,/clinics/:clinicKey/book/doctor,views/activeclinic/booking/consultation-doctor.ejs,DEFAULT,DESKTOP|MOBILE,,,,Mapped to ACV7-IMPL-0032 via /clinics/:clinicKey/book/doctor / views/activeclinic/booking/consultation-doctor.ejs,
17813606734422395399,f9d67dd3a8c2457884c7e32bcbbf47e5,P24 - Juflona Booking - Choose Doctor - Mobile,P24,CONSULTATION_BOOKING,MOBILE,DEFAULT,MULTIPLE_STITCH_TO_ONE_IMPLEMENTATION,HIGH,ACV7-IMPL-0032,/clinics/:clinicKey/book/doctor,views/activeclinic/booking/consultation-doctor.ejs,DEFAULT,DESKTOP|MOBILE,,,,Mapped to ACV7-IMPL-0032 via /clinics/:clinicKey/book/doctor / views/activeclinic/booking/consultation-doctor.ejs,
17813606734422395399,32812bec1d384d2ab5c9821f6865e85a,P24 - Juflona Booking - Choose Slot - Desktop,P24,CONSULTATION_BOOKING,DESKTOP,DEFAULT,MULTIPLE_STITCH_TO_ONE_IMPLEMENTATION,HIGH,ACV7-IMPL-0034,/clinics/:clinicKey/book/slot,views/activeclinic/booking/consultation-slot.ejs,DEFAULT,DESKTOP|MOBILE,,,,Mapped to ACV7-IMPL-0034 via /clinics/:clinicKey/book/slot / views/activeclinic/booking/consultation-slot.ejs,
17813606734422395399,ece91cba8cff4381a9ef2e8ac97cb988,P24 - Juflona Booking - Choose Slot - Mobile,P24,CONSULTATION_BOOKING,MOBILE,DEFAULT,MULTIPLE_STITCH_TO_ONE_IMPLEMENTATION,HIGH,ACV7-IMPL-0034,/clinics/:clinicKey/book/slot,views/activeclinic/booking/consultation-slot.ejs,DEFAULT,DESKTOP|MOBILE,,,,Mapped to ACV7-IMPL-0034 via /clinics/:clinicKey/book/slot / views/activeclinic/booking/consultation-slot.ejs,
17813606734422395399,a4096a26352040fd9d56be53a393fe4b,P24 - Juflona Booking - Consultation Type - Desktop,P24,CONSULTATION_BOOKING,DESKTOP,DEFAULT,MULTIPLE_STITCH_TO_ONE_IMPLEMENTATION,HIGH,ACV7-IMPL-0030,/clinics/:clinicKey/book,views/activeclinic/booking/consultation-type.ejs,DEFAULT,DESKTOP|MOBILE,,,,Mapped to ACV7-IMPL-0030 via /clinics/:clinicKey/book / views/activeclinic/booking/consultation-type.ejs,
17813606734422395399,82cc9c49d881406592c6d877240731fd,P24 - Juflona Booking - Consultation Type - Mobile,P24,CONSULTATION_BOOKING,MOBILE,DEFAULT,MULTIPLE_STITCH_TO_ONE_IMPLEMENTATION,HIGH,ACV7-IMPL-0030,/clinics/:clinicKey/book,views/activeclinic/booking/consultation-type.ejs,DEFAULT,DESKTOP|MOBILE,,,,Mapped to ACV7-IMPL-0030 via /clinics/:clinicKey/book / views/activeclinic/booking/consultation-type.ejs,
17813606734422395399,4dc9024e5d6f4267bf6b5a8c6c80aa08,P24 - Juflona Booking - Form States - Mobile,P24,CONSULTATION_BOOKING,MOBILE,OTHER,PARTIAL_IMPLEMENTATION,MEDIUM,ACV7-IMPL-0030|ACV7-IMPL-0031|ACV7-IMPL-0034|ACV7-IMPL-0035,/clinics/:clinicKey/book|/clinics/:clinicKey/book/slot,views/activeclinic/booking/consultation-type.ejs|views/activeclinic/booking/consultation-slot.ejs,DEFAULT|VALIDATION_ERROR,DESKTOP|MOBILE,,,Pattern/state boards partially covered by validation + slot availability helpers; not dedicated screens,"Mapped to ACV7-IMPL-0030, ACV7-IMPL-0031, ACV7-IMPL-0034, ACV7-IMPL-0035 via /clinics/:clinicKey/book | /clinics/:clinicKey/book/slot / views/activeclinic/booking/consultation-type.ejs | views/activeclinic/booking/consultation-slot.ejs",
17813606734422395399,c8dc05d3e0744fcf9f0030ccbe63a172,P24 - Juflona Booking - Mobile Navigation and Summary Pattern - Mobile,P24,PUBLIC_PLATFORM,MOBILE,OTHER,PARTIAL_IMPLEMENTATION,MEDIUM,ACV7-IMPL-0030|ACV7-IMPL-0031|ACV7-IMPL-0034|ACV7-IMPL-0035,/clinics/:clinicKey/book|/clinics/:clinicKey/book/slot,views/activeclinic/booking/consultation-type.ejs|views/activeclinic/booking/consultation-slot.ejs,DEFAULT|VALIDATION_ERROR,DESKTOP|MOBILE,,,Pattern/state boards partially covered by validation + slot availability helpers; not dedicated screens,"Mapped to ACV7-IMPL-0030, ACV7-IMPL-0031, ACV7-IMPL-0034, ACV7-IMPL-0035 via /clinics/:clinicKey/book | /clinics/:clinicKey/book/slot / views/activeclinic/booking/consultation-type.ejs | views/activeclinic/booking/consultation-slot.ejs",
17813606734422395399,e49351b2224449d2b86756b198e5ffb6,P24 - Juflona Booking - Patient Details - Desktop,P24,CONSULTATION_BOOKING,DESKTOP,DEFAULT,MULTIPLE_STITCH_TO_ONE_IMPLEMENTATION,HIGH,ACV7-IMPL-0036,/clinics/:clinicKey/book/patient,views/activeclinic/booking/consultation-patient.ejs,DEFAULT,DESKTOP|MOBILE,,,,Mapped to ACV7-IMPL-0036 via /clinics/:clinicKey/book/patient / views/activeclinic/booking/consultation-patient.ejs,
17813606734422395399,b1e95d2173934e969b8d2b85346b82bd,P24 - Juflona Booking - Patient Details - Mobile,P24,CONSULTATION_BOOKING,MOBILE,DEFAULT,MULTIPLE_STITCH_TO_ONE_IMPLEMENTATION,HIGH,ACV7-IMPL-0036,/clinics/:clinicKey/book/patient,views/activeclinic/booking/consultation-patient.ejs,DEFAULT,DESKTOP|MOBILE,,,,Mapped to ACV7-IMPL-0036 via /clinics/:clinicKey/book/patient / views/activeclinic/booking/consultation-patient.ejs,
17813606734422395399,14b98caed9cc4b4889d77763373a0e28,P24 - Juflona Booking - Progress Patterns - Desktop,P24,CONSULTATION_BOOKING,DESKTOP,OTHER,PARTIAL_IMPLEMENTATION,MEDIUM,ACV7-IMPL-0030|ACV7-IMPL-0031|ACV7-IMPL-0034|ACV7-IMPL-0035,/clinics/:clinicKey/book|/clinics/:clinicKey/book/slot,views/activeclinic/booking/consultation-type.ejs|views/activeclinic/booking/consultation-slot.ejs,DEFAULT|VALIDATION_ERROR,DESKTOP|MOBILE,,,Pattern/state boards partially covered by validation + slot availability helpers; not dedicated screens,"Mapped to ACV7-IMPL-0030, ACV7-IMPL-0031, ACV7-IMPL-0034, ACV7-IMPL-0035 via /clinics/:clinicKey/book | /clinics/:clinicKey/book/slot / views/activeclinic/booking/consultation-type.ejs | views/activeclinic/booking/consultation-slot.ejs",
17813606734422395399,12e5d96e8ac647f49d0cf66457da4b17,P24 - Juflona Booking - Request Submitted - Desktop,P24,CONSULTATION_BOOKING,DESKTOP,SUCCESS,MULTIPLE_STITCH_TO_ONE_IMPLEMENTATION,HIGH,ACV7-IMPL-0041,/clinics/:clinicKey/book/submit,views/activeclinic/booking/request-submitted.ejs,SUCCESS,DESKTOP|MOBILE,,,,Mapped to ACV7-IMPL-0041 via /clinics/:clinicKey/book/submit / views/activeclinic/booking/request-submitted.ejs,
17813606734422395399,8f72ff10f79d421fade5a7ac6e6d875f,P24 - Juflona Booking - Request Submitted - Mobile,P24,CONSULTATION_BOOKING,MOBILE,SUCCESS,MULTIPLE_STITCH_TO_ONE_IMPLEMENTATION,HIGH,ACV7-IMPL-0041,/clinics/:clinicKey/book/submit,views/activeclinic/booking/request-submitted.ejs,SUCCESS,DESKTOP|MOBILE,,,,Mapped to ACV7-IMPL-0041 via /clinics/:clinicKey/book/submit / views/activeclinic/booking/request-submitted.ejs,
17813606734422395399,1167937cacc4424f852368d5179a7e7c,P24 - Juflona Booking - Review - Desktop,P24,CONSULTATION_BOOKING,DESKTOP,DEFAULT,MULTIPLE_STITCH_TO_ONE_IMPLEMENTATION,HIGH,ACV7-IMPL-0038,/clinics/:clinicKey/book/review,views/activeclinic/booking/consultation-review.ejs,DEFAULT,DESKTOP|MOBILE,,,,Mapped to ACV7-IMPL-0038 via /clinics/:clinicKey/book/review / views/activeclinic/booking/consultation-review.ejs,
17813606734422395399,5263923b759a4bc288c23c8ffe5c85b0,P24 - Juflona Booking - Review - Mobile,P24,CONSULTATION_BOOKING,MOBILE,DEFAULT,MULTIPLE_STITCH_TO_ONE_IMPLEMENTATION,HIGH,ACV7-IMPL-0038,/clinics/:clinicKey/book/review,views/activeclinic/booking/consultation-review.ejs,DEFAULT,DESKTOP|MOBILE,,,,Mapped to ACV7-IMPL-0038 via /clinics/:clinicKey/book/review / views/activeclinic/booking/consultation-review.ejs,
17813606734422395399,bb250d93ee27449793869522211fb17c,P24 - Juflona Booking - SMS Notification States - Mobile,P24,CONSULTATION_BOOKING,MOBILE,OTHER,PARTIAL_IMPLEMENTATION,MEDIUM,ACV7-IMPL-0030|ACV7-IMPL-0031|ACV7-IMPL-0034|ACV7-IMPL-0035,/clinics/:clinicKey/book|/clinics/:clinicKey/book/slot,views/activeclinic/booking/consultation-type.ejs|views/activeclinic/booking/consultation-slot.ejs,DEFAULT|VALIDATION_ERROR,DESKTOP|MOBILE,,,Pattern/state boards partially covered by validation + slot availability helpers; not dedicated screens,"Mapped to ACV7-IMPL-0030, ACV7-IMPL-0031, ACV7-IMPL-0034, ACV7-IMPL-0035 via /clinics/:clinicKey/book | /clinics/:clinicKey/book/slot / views/activeclinic/booking/consultation-type.ejs | views/activeclinic/booking/consultation-slot.ejs",
17813606734422395399,6b916729502c43f08ef4ed61bf959159,P25 - Juflona Booking - Choose Procedure - Desktop,P25,PROCEDURE_BOOKING,DESKTOP,DEFAULT,MULTIPLE_STITCH_TO_ONE_IMPLEMENTATION,HIGH,ACV7-IMPL-0042,/clinics/:clinicKey/book/procedures,views/activeclinic/booking/procedures-list.ejs,DEFAULT,DESKTOP|MOBILE,,,,Mapped to ACV7-IMPL-0042 via /clinics/:clinicKey/book/procedures / views/activeclinic/booking/procedures-list.ejs,
17813606734422395399,9526a27d8e5a4c8eb5a9bee842bee41b,P25 - Juflona Booking - Choose Procedure - Mobile,P25,PROCEDURE_BOOKING,MOBILE,DEFAULT,MULTIPLE_STITCH_TO_ONE_IMPLEMENTATION,HIGH,ACV7-IMPL-0042,/clinics/:clinicKey/book/procedures,views/activeclinic/booking/procedures-list.ejs,DEFAULT,DESKTOP|MOBILE,,,,Mapped to ACV7-IMPL-0042 via /clinics/:clinicKey/book/procedures / views/activeclinic/booking/procedures-list.ejs,
17813606734422395399,bb4906f130374a72a21596d427c2af9d,P25 - Juflona Booking - Preparation States - Mobile,P25,PROCEDURE_BOOKING,MOBILE,OTHER,MULTIPLE_STITCH_TO_ONE_IMPLEMENTATION,HIGH,ACV7-IMPL-0043,/clinics/:clinicKey/book/procedures/:procedureKey,views/activeclinic/booking/procedure-info.ejs,DEFAULT,DESKTOP|MOBILE,,,,Phase 5A: /clinics/:clinicKey/book/procedures/:procedureKey / views/activeclinic/booking/procedure-info.ejs,Phase 5A: preparation configured/empty states on info step
17813606734422395399,2f99501abec942138637abb0934ed767,P25 - Juflona Booking - Procedure Confirmation Rules - Desktop,P25,PROCEDURE_BOOKING,DESKTOP,DEFAULT,NO_IMPLEMENTATION_REQUIRED,MEDIUM,ACV7-IMPL-0043,/clinics/:clinicKey/book/procedures/:procedureKey,views/activeclinic/booking/procedure-entry.ejs,DEFAULT,DESKTOP|MOBILE,,,,Mapped to ACV7-IMPL-0043 via /clinics/:clinicKey/book/procedures/:procedureKey / views/activeclinic/booking/procedure-entry.ejs,Rules content can appear as copy on entry; not a standalone required app screen
17813606734422395399,2d5d9db651e046eabb65fdbc89b676e2,P25 - Juflona Booking - Procedure Form States - Mobile,P25,PROCEDURE_BOOKING,MOBILE,OTHER,ONE_STITCH_TO_MULTIPLE_IMPLEMENTATIONS,HIGH,ACV7-IMPL-0045|ACV7-IMPL-0215,/clinics/:clinicKey/book/procedures/:procedureKey/patient|/clinics/:clinicKey/book/procedures/:procedureKey/time,views/activeclinic/booking/procedure-patient.ejs|views/activeclinic/booking/procedure-time.ejs,DEFAULT,DESKTOP|MOBILE,,,,Phase 5A: /clinics/:clinicKey/book/procedures/:procedureKey/patient | /clinics/:clinicKey/book/procedures/:procedureKey/time / views/activeclinic/booking/procedure-patient.ejs | views/activeclinic/booking/procedure-time.ejs,Phase 5A: form validation states on patient/time steps
17813606734422395399,ea6f77fad9444fa3b3f04cf5178f9c72,P25 - Juflona Booking - Procedure Information - Desktop,P25,PROCEDURE_BOOKING,DESKTOP,DEFAULT,EXACT_IMPLEMENTATION_MATCH,HIGH,ACV7-IMPL-0043,/clinics/:clinicKey/book/procedures/:procedureKey,views/activeclinic/booking/procedure-info.ejs,DEFAULT,DESKTOP|MOBILE,,,,Phase 5A: /clinics/:clinicKey/book/procedures/:procedureKey / views/activeclinic/booking/procedure-info.ejs,Phase 5A dedicated procedure information step
17813606734422395399,d033da337b5740f29b4681042ab4a99c,P25 - Juflona Booking - Procedure Information - Mobile,P25,PROCEDURE_BOOKING,MOBILE,DEFAULT,MULTIPLE_STITCH_TO_ONE_IMPLEMENTATION,HIGH,ACV7-IMPL-0043,/clinics/:clinicKey/book/procedures/:procedureKey,views/activeclinic/booking/procedure-info.ejs,DEFAULT,DESKTOP|MOBILE,,,,Phase 5A: /clinics/:clinicKey/book/procedures/:procedureKey / views/activeclinic/booking/procedure-info.ejs,Phase 5A mobile info shares procedure-info route
17813606734422395399,ffc4c24bcadd4b919bdb573d7d06681c,P25 - Juflona Booking - Procedure Mobile Summary Pattern - Mobile,P25,PROCEDURE_BOOKING,MOBILE,OTHER,MULTIPLE_STITCH_TO_ONE_IMPLEMENTATION,HIGH,,/clinics/:clinicKey/book/procedures/:procedureKey,views/activeclinic/partials/booking-summary.ejs,DEFAULT,DESKTOP|MOBILE,,,,Phase 5A: /clinics/:clinicKey/book/procedures/:procedureKey / views/activeclinic/partials/booking-summary.ejs,Phase 5A shared booking-summary on procedure wizard steps
17813606734422395399,2a64a22146ed4b2ca704d01d9cb18383,P25 - Juflona Booking - Procedure Patient Details - Desktop,P25,PROCEDURE_BOOKING,DESKTOP,DEFAULT,EXACT_IMPLEMENTATION_MATCH,HIGH,ACV7-IMPL-0045,/clinics/:clinicKey/book/procedures/:procedureKey/patient,views/activeclinic/booking/procedure-patient.ejs,DEFAULT,DESKTOP|MOBILE,,,,Phase 5A: /clinics/:clinicKey/book/procedures/:procedureKey/patient / views/activeclinic/booking/procedure-patient.ejs,Phase 5A dedicated patient step
17813606734422395399,d2c8f78719484d7ca4d443f844f83929,P25 - Juflona Booking - Procedure Patient Details - Mobile,P25,PROCEDURE_BOOKING,MOBILE,DEFAULT,MULTIPLE_STITCH_TO_ONE_IMPLEMENTATION,HIGH,ACV7-IMPL-0045,/clinics/:clinicKey/book/procedures/:procedureKey/patient,views/activeclinic/booking/procedure-patient.ejs,DEFAULT,DESKTOP|MOBILE,,,,Phase 5A: /clinics/:clinicKey/book/procedures/:procedureKey/patient / views/activeclinic/booking/procedure-patient.ejs,Phase 5A mobile patient shares procedure-patient
17813606734422395399,82a454047e064592b763896f815aa721,P25 - Juflona Booking - Procedure Progress Patterns - Desktop,P25,PROCEDURE_BOOKING,DESKTOP,OTHER,MULTIPLE_STITCH_TO_ONE_IMPLEMENTATION,HIGH,,/clinics/:clinicKey/book/procedures/:procedureKey,views/activeclinic/partials/booking-wizard-progress.ejs,DEFAULT,DESKTOP|MOBILE,,,,Phase 5A: /clinics/:clinicKey/book/procedures/:procedureKey / views/activeclinic/partials/booking-wizard-progress.ejs,Phase 5A PROCEDURE_WIZARD_STEPS progress partial
17813606734422395399,e04f78111c6a43eb851a0db24cc2f001,P25 - Juflona Booking - Procedure Review - Desktop,P25,PROCEDURE_BOOKING,DESKTOP,DEFAULT,EXACT_IMPLEMENTATION_MATCH,HIGH,ACV7-IMPL-0216,/clinics/:clinicKey/book/procedures/:procedureKey/review,views/activeclinic/booking/procedure-review.ejs,DEFAULT,DESKTOP|MOBILE,,,,Phase 5A: /clinics/:clinicKey/book/procedures/:procedureKey/review / views/activeclinic/booking/procedure-review.ejs,Phase 5A dedicated review step
17813606734422395399,6da5390fcac44722a37ae34f2ae82a11,P25 - Juflona Booking - Procedure Review - Mobile,P25,PROCEDURE_BOOKING,MOBILE,DEFAULT,MULTIPLE_STITCH_TO_ONE_IMPLEMENTATION,HIGH,ACV7-IMPL-0216,/clinics/:clinicKey/book/procedures/:procedureKey/review,views/activeclinic/booking/procedure-review.ejs,DEFAULT,DESKTOP|MOBILE,,,,Phase 5A: /clinics/:clinicKey/book/procedures/:procedureKey/review / views/activeclinic/booking/procedure-review.ejs,Phase 5A mobile review shares procedure-review
17813606734422395399,8c52142a20484c39928c8f3355174384,P25 - Juflona Booking - Procedure Slot - Desktop,P25,PROCEDURE_BOOKING,DESKTOP,DEFAULT,PRODUCT_DECISION_DIFFERENCE,HIGH,ACV7-IMPL-0043,/clinics/:clinicKey/book/procedures/:procedureKey,views/activeclinic/booking/procedure-entry.ejs,DEFAULT,DESKTOP|MOBILE,,V7 uses preferred datetime field; Stitch shows live selectable slot grid. Live slots explicitly not published online.,NEW_STATE / BACKEND_REQUIRED for live procedure slot grid,Mapped to ACV7-IMPL-0043 via /clinics/:clinicKey/book/procedures/:procedureKey / views/activeclinic/booking/procedure-entry.ejs,
17813606734422395399,3f05000a252b4732952b7dcbd70a9c06,P25 - Juflona Booking - Procedure Slot - Mobile,P25,PROCEDURE_BOOKING,MOBILE,DEFAULT,PRODUCT_DECISION_DIFFERENCE,HIGH,ACV7-IMPL-0043,/clinics/:clinicKey/book/procedures/:procedureKey,views/activeclinic/booking/procedure-entry.ejs,DEFAULT,DESKTOP|MOBILE,,V7 uses preferred datetime field; Stitch shows live selectable slot grid. Live slots explicitly not published online.,NEW_STATE / BACKEND_REQUIRED for live procedure slot grid,Mapped to ACV7-IMPL-0043 via /clinics/:clinicKey/book/procedures/:procedureKey / views/activeclinic/booking/procedure-entry.ejs,
17813606734422395399,9a4b08f02d2b4cc990eab7b16b4202aa,P25 - Juflona Booking - Procedure SMS States - Mobile,P25,PROCEDURE_BOOKING,MOBILE,OTHER,MULTIPLE_STITCH_TO_ONE_IMPLEMENTATION,HIGH,,/clinics/:clinicKey/book/procedures/:procedureKey,views/activeclinic/partials/sms-honesty-note.ejs,DEFAULT,DESKTOP|MOBILE,,,,Phase 5A: /clinics/:clinicKey/book/procedures/:procedureKey / views/activeclinic/partials/sms-honesty-note.ejs,Phase 5A SMS honesty note on wizard steps
17813606734422395399,1e23d5e9dfa649aab7746c966b255a5f,P25 - Juflona Booking - Procedure Submitted - Desktop,P25,PROCEDURE_BOOKING,DESKTOP,SUCCESS,MULTIPLE_STITCH_TO_ONE_IMPLEMENTATION,HIGH,ACV7-IMPL-0046,/clinics/:clinicKey/book/procedures/:procedureKey,views/activeclinic/booking/request-submitted.ejs,SUCCESS,DESKTOP|MOBILE,,,,Mapped to ACV7-IMPL-0046 via /clinics/:clinicKey/book/procedures/:procedureKey / views/activeclinic/booking/request-submitted.ejs,
17813606734422395399,df69f70fb79c467b9aa9a7750520a241,P25 - Juflona Booking - Procedure Submitted - Mobile,P25,PROCEDURE_BOOKING,MOBILE,SUCCESS,MULTIPLE_STITCH_TO_ONE_IMPLEMENTATION,HIGH,ACV7-IMPL-0046,/clinics/:clinicKey/book/procedures/:procedureKey,views/activeclinic/booking/request-submitted.ejs,SUCCESS,DESKTOP|MOBILE,,,,Mapped to ACV7-IMPL-0046 via /clinics/:clinicKey/book/procedures/:procedureKey / views/activeclinic/booking/request-submitted.ejs,
17813606734422395399,042c455322b94242b289e4c5cee37fe8,P25 - Juflona Booking - Procedure Unavailable - Mobile,P25,PROCEDURE_BOOKING,MOBILE,UNAVAILABLE,EXACT_IMPLEMENTATION_MATCH,HIGH,ACV7-IMPL-0044,/clinics/:clinicKey/book/procedures/:procedureKey,views/activeclinic/booking/procedure-unavailable.ejs,UNAVAILABLE,DESKTOP|MOBILE,,,,Mapped to ACV7-IMPL-0044 via /clinics/:clinicKey/book/procedures/:procedureKey / views/activeclinic/booking/procedure-unavailable.ejs,
17813606734422395399,ef1d0961e88e43549af5361a5fb9320c,P25 - Juflona Booking - Referral and Upload States - Mobile,P25,PROCEDURE_BOOKING,MOBILE,OTHER,PRODUCT_DECISION_DIFFERENCE,HIGH,ACV7-IMPL-0214,/clinics/:clinicKey/book/procedures/:procedureKey/referral,views/activeclinic/booking/procedure-referral.ejs,DEFAULT,DESKTOP|MOBILE,,Stitch shows referral upload UI states; V7 has no secure public upload storage — honesty banner only,,Phase 5A: /clinics/:clinicKey/book/procedures/:procedureKey/referral / views/activeclinic/booking/procedure-referral.ejs,Phase 5A: referral step exists; upload remains product/backend gap
17813606734422395399,72428671e0fa4317bad44d3ccf367ea8,P25 - Juflona Booking - Referral Clarification - Mobile,P25,PROCEDURE_BOOKING,MOBILE,DEFAULT,MULTIPLE_STITCH_TO_ONE_IMPLEMENTATION,HIGH,ACV7-IMPL-0214,/clinics/:clinicKey/book/procedures/:procedureKey/referral,views/activeclinic/booking/procedure-referral.ejs,DEFAULT,DESKTOP|MOBILE,,,,Phase 5A: /clinics/:clinicKey/book/procedures/:procedureKey/referral / views/activeclinic/booking/procedure-referral.ejs,Phase 5A referral clarification/honesty messaging
17813606734422395399,7377b7ca51e049048c10e34af2950bac,P25 - Juflona Booking - Referral Requirements - Desktop,P25,PROCEDURE_BOOKING,DESKTOP,DEFAULT,EXACT_IMPLEMENTATION_MATCH,HIGH,ACV7-IMPL-0214,/clinics/:clinicKey/book/procedures/:procedureKey/referral,views/activeclinic/booking/procedure-referral.ejs,DEFAULT,DESKTOP|MOBILE,,,,Phase 5A: /clinics/:clinicKey/book/procedures/:procedureKey/referral / views/activeclinic/booking/procedure-referral.ejs,Phase 5A dedicated referral requirements step
17813606734422395399,28dd3dae170e43f88902aa3a1f26cdfe,P25 - Juflona Booking - Referral Requirements - Mobile,P25,PROCEDURE_BOOKING,MOBILE,DEFAULT,MULTIPLE_STITCH_TO_ONE_IMPLEMENTATION,HIGH,ACV7-IMPL-0214,/clinics/:clinicKey/book/procedures/:procedureKey/referral,views/activeclinic/booking/procedure-referral.ejs,DEFAULT,DESKTOP|MOBILE,,,,Phase 5A: /clinics/:clinicKey/book/procedures/:procedureKey/referral / views/activeclinic/booking/procedure-referral.ejs,Phase 5A mobile referral shares procedure-referral
17813606734422395399,95f3a0fc88f7490fbd7d46e649e6b61e,P25 - Juflona Booking - Resource Availability States - Mobile,P25,PROCEDURE_BOOKING,MOBILE,OTHER,MULTIPLE_STITCH_TO_ONE_IMPLEMENTATION,HIGH,ACV7-IMPL-0215,/clinics/:clinicKey/book/procedures/:procedureKey/time,views/activeclinic/booking/procedure-time.ejs,DEFAULT,DESKTOP|MOBILE,,,,Phase 5A: /clinics/:clinicKey/book/procedures/:procedureKey/time / views/activeclinic/booking/procedure-time.ejs,Phase 5A: request-based availability banner on time step; live slot PRODUCT_DECISION remains separate
17813606734422395399,e1a9a3b347b74171848d5639eaf48694,P26 - Juflona Booking - Booking Activity Pattern - Desktop,P26,MY_BOOKING,DESKTOP,OTHER,PARTIAL_IMPLEMENTATION,MEDIUM,ACV7-IMPL-0047|ACV7-IMPL-0049,/clinics/:clinicKey/my-booking,views/activeclinic/booking/my-booking-lookup.ejs|views/activeclinic/booking/my-booking-detail.ejs,DEFAULT|POPULATED,DESKTOP|MOBILE,,,Pattern/policy boards not dedicated routes; behavior partially in lookup/detail,"Mapped to ACV7-IMPL-0047, ACV7-IMPL-0049 via /clinics/:clinicKey/my-booking / views/activeclinic/booking/my-booking-lookup.ejs | views/activeclinic/booking/my-booking-detail.ejs",
17813606734422395399,ca7cdd02f84f4a13abb5b324f3fb453f,P26 - Juflona Booking - Booking Changed During Request - Mobile,P26,MY_BOOKING,MOBILE,DEFAULT,PARTIAL_IMPLEMENTATION,MEDIUM,ACV7-IMPL-0047|ACV7-IMPL-0049,/clinics/:clinicKey/my-booking,views/activeclinic/booking/my-booking-lookup.ejs|views/activeclinic/booking/my-booking-detail.ejs,DEFAULT|POPULATED,DESKTOP|MOBILE,,,Pattern/policy boards not dedicated routes; behavior partially in lookup/detail,"Mapped to ACV7-IMPL-0047, ACV7-IMPL-0049 via /clinics/:clinicKey/my-booking / views/activeclinic/booking/my-booking-lookup.ejs | views/activeclinic/booking/my-booking-detail.ejs",
17813606734422395399,df011954ab5248cfb5126f49d6187258,P26 - Juflona Booking - Booking Detail Cancelled - Desktop,P26,MY_BOOKING,DESKTOP,CANCELLED,MULTIPLE_STITCH_TO_ONE_IMPLEMENTATION,HIGH,ACV7-IMPL-0049,/clinics/:clinicKey/my-booking,views/activeclinic/booking/my-booking-detail.ejs,POPULATED,DESKTOP|MOBILE,,,,Mapped to ACV7-IMPL-0049 via /clinics/:clinicKey/my-booking / views/activeclinic/booking/my-booking-detail.ejs,Status variants rendered by same detail view from booking status data
17813606734422395399,48a852ead3284e44b9700df8a8875167,P26 - Juflona Booking - Booking Detail Cancelled - Mobile,P26,MY_BOOKING,MOBILE,CANCELLED,MULTIPLE_STITCH_TO_ONE_IMPLEMENTATION,HIGH,ACV7-IMPL-0049,/clinics/:clinicKey/my-booking,views/activeclinic/booking/my-booking-detail.ejs,POPULATED,DESKTOP|MOBILE,,,,Mapped to ACV7-IMPL-0049 via /clinics/:clinicKey/my-booking / views/activeclinic/booking/my-booking-detail.ejs,Status variants rendered by same detail view from booking status data
17813606734422395399,a0d78f650671453594236ad0ad1f727f,P26 - Juflona Booking - Booking Detail Completed - Desktop,P26,MY_BOOKING,DESKTOP,SUCCESS,MULTIPLE_STITCH_TO_ONE_IMPLEMENTATION,HIGH,ACV7-IMPL-0049,/clinics/:clinicKey/my-booking,views/activeclinic/booking/my-booking-detail.ejs,POPULATED,DESKTOP|MOBILE,,,,Mapped to ACV7-IMPL-0049 via /clinics/:clinicKey/my-booking / views/activeclinic/booking/my-booking-detail.ejs,Status variants rendered by same detail view from booking status data
17813606734422395399,bbe2c7c3fdf442b397ee457e287b1674,P26 - Juflona Booking - Booking Detail Completed - Mobile,P26,MY_BOOKING,MOBILE,SUCCESS,MULTIPLE_STITCH_TO_ONE_IMPLEMENTATION,HIGH,ACV7-IMPL-0049,/clinics/:clinicKey/my-booking,views/activeclinic/booking/my-booking-detail.ejs,POPULATED,DESKTOP|MOBILE,,,,Mapped to ACV7-IMPL-0049 via /clinics/:clinicKey/my-booking / views/activeclinic/booking/my-booking-detail.ejs,Status variants rendered by same detail view from booking status data
17813606734422395399,36db01f8f7d741a8ad3b91536834ab10,P26 - Juflona Booking - Booking Detail Confirmed - Desktop,P26,MY_BOOKING,DESKTOP,CONFIRMED,MULTIPLE_STITCH_TO_ONE_IMPLEMENTATION,HIGH,ACV7-IMPL-0049,/clinics/:clinicKey/my-booking,views/activeclinic/booking/my-booking-detail.ejs,POPULATED,DESKTOP|MOBILE,,,,Mapped to ACV7-IMPL-0049 via /clinics/:clinicKey/my-booking / views/activeclinic/booking/my-booking-detail.ejs,Status variants rendered by same detail view from booking status data
17813606734422395399,5511e7ced0094007b300f58665fc9ccd,P26 - Juflona Booking - Booking Detail Confirmed - Mobile,P26,MY_BOOKING,MOBILE,CONFIRMED,MULTIPLE_STITCH_TO_ONE_IMPLEMENTATION,HIGH,ACV7-IMPL-0049,/clinics/:clinicKey/my-booking,views/activeclinic/booking/my-booking-detail.ejs,POPULATED,DESKTOP|MOBILE,,,,Mapped to ACV7-IMPL-0049 via /clinics/:clinicKey/my-booking / views/activeclinic/booking/my-booking-detail.ejs,Status variants rendered by same detail view from booking status data
17813606734422395399,0a244c1b24f140368509e4f6f014a9fe,P26 - Juflona Booking - Booking Detail No-show - Desktop,P26,MY_BOOKING,DESKTOP,OTHER,MULTIPLE_STITCH_TO_ONE_IMPLEMENTATION,HIGH,ACV7-IMPL-0049,/clinics/:clinicKey/my-booking,views/activeclinic/booking/my-booking-detail.ejs,POPULATED,DESKTOP|MOBILE,,,,Mapped to ACV7-IMPL-0049 via /clinics/:clinicKey/my-booking / views/activeclinic/booking/my-booking-detail.ejs,Status variants rendered by same detail view from booking status data
17813606734422395399,e712f1d474024445899b4014f1d5c977,P26 - Juflona Booking - Booking Detail No-show - Mobile,P26,MY_BOOKING,MOBILE,OTHER,MULTIPLE_STITCH_TO_ONE_IMPLEMENTATION,HIGH,ACV7-IMPL-0049,/clinics/:clinicKey/my-booking,views/activeclinic/booking/my-booking-detail.ejs,POPULATED,DESKTOP|MOBILE,,,,Mapped to ACV7-IMPL-0049 via /clinics/:clinicKey/my-booking / views/activeclinic/booking/my-booking-detail.ejs,Status variants rendered by same detail view from booking status data
17813606734422395399,3b311f353e1745c0b020b400af92b0f5,P26 - Juflona Booking - Booking Detail Pending - Desktop,P26,MY_BOOKING,DESKTOP,PENDING,MULTIPLE_STITCH_TO_ONE_IMPLEMENTATION,HIGH,ACV7-IMPL-0049,/clinics/:clinicKey/my-booking,views/activeclinic/booking/my-booking-detail.ejs,POPULATED,DESKTOP|MOBILE,,,,Mapped to ACV7-IMPL-0049 via /clinics/:clinicKey/my-booking / views/activeclinic/booking/my-booking-detail.ejs,Status variants rendered by same detail view from booking status data
17813606734422395399,df7614f5b31347d4b3dff81928e5eadc,P26 - Juflona Booking - Booking Detail Pending - Mobile,P26,MY_BOOKING,MOBILE,PENDING,MULTIPLE_STITCH_TO_ONE_IMPLEMENTATION,HIGH,ACV7-IMPL-0049,/clinics/:clinicKey/my-booking,views/activeclinic/booking/my-booking-detail.ejs,POPULATED,DESKTOP|MOBILE,,,,Mapped to ACV7-IMPL-0049 via /clinics/:clinicKey/my-booking / views/activeclinic/booking/my-booking-detail.ejs,Status variants rendered by same detail view from booking status data
17813606734422395399,8e3e9337e8404c38b4f3e1dacdc7ba9c,P26 - Juflona Booking - Booking Detail Rescheduled - Desktop,P26,MY_BOOKING,DESKTOP,RESCHEDULED,MULTIPLE_STITCH_TO_ONE_IMPLEMENTATION,HIGH,ACV7-IMPL-0049,/clinics/:clinicKey/my-booking,views/activeclinic/booking/my-booking-detail.ejs,POPULATED,DESKTOP|MOBILE,,,,Mapped to ACV7-IMPL-0049 via /clinics/:clinicKey/my-booking / views/activeclinic/booking/my-booking-detail.ejs,Status variants rendered by same detail view from booking status data
17813606734422395399,189043d6d06d4819b06ea42e22e10035,P26 - Juflona Booking - Booking Detail Rescheduled - Mobile,P26,MY_BOOKING,MOBILE,RESCHEDULED,MULTIPLE_STITCH_TO_ONE_IMPLEMENTATION,HIGH,ACV7-IMPL-0049,/clinics/:clinicKey/my-booking,views/activeclinic/booking/my-booking-detail.ejs,POPULATED,DESKTOP|MOBILE,,,,Mapped to ACV7-IMPL-0049 via /clinics/:clinicKey/my-booking / views/activeclinic/booking/my-booking-detail.ejs,Status variants rendered by same detail view from booking status data
17813606734422395399,b18ffbdac9a644f8bea30734fc9368df,P26 - Juflona Booking - Booking Status Patterns - Desktop,P26,MY_BOOKING,DESKTOP,OTHER,PARTIAL_IMPLEMENTATION,MEDIUM,ACV7-IMPL-0047|ACV7-IMPL-0049,/clinics/:clinicKey/my-booking,views/activeclinic/booking/my-booking-lookup.ejs|views/activeclinic/booking/my-booking-detail.ejs,DEFAULT|POPULATED,DESKTOP|MOBILE,,,Pattern/policy boards not dedicated routes; behavior partially in lookup/detail,"Mapped to ACV7-IMPL-0047, ACV7-IMPL-0049 via /clinics/:clinicKey/my-booking / views/activeclinic/booking/my-booking-lookup.ejs | views/activeclinic/booking/my-booking-detail.ejs",
17813606734422395399,766528bda7e548ac93d381129023802f,P26 - Juflona Booking - Cancellation Request - Desktop,P26,MY_BOOKING,DESKTOP,CANCELLED,MULTIPLE_STITCH_TO_ONE_IMPLEMENTATION,HIGH,ACV7-IMPL-0050,/clinics/:clinicKey/my-booking/cancel,views/activeclinic/booking/cancellation-review.ejs,DEFAULT,DESKTOP|MOBILE,,,,Mapped to ACV7-IMPL-0050 via /clinics/:clinicKey/my-booking/cancel / views/activeclinic/booking/cancellation-review.ejs,
17813606734422395399,81d1f26454324356b25cfec1db745491,P26 - Juflona Booking - Cancellation Request - Mobile,P26,MY_BOOKING,MOBILE,CANCELLED,MULTIPLE_STITCH_TO_ONE_IMPLEMENTATION,HIGH,ACV7-IMPL-0050,/clinics/:clinicKey/my-booking/cancel,views/activeclinic/booking/cancellation-review.ejs,DEFAULT,DESKTOP|MOBILE,,,,Mapped to ACV7-IMPL-0050 via /clinics/:clinicKey/my-booking/cancel / views/activeclinic/booking/cancellation-review.ejs,
17813606734422395399,4685ca7800dd477faa561270dfe01cba,P26 - Juflona Booking - Cancellation Review - Desktop,P26,MY_BOOKING,DESKTOP,CANCELLED,MULTIPLE_STITCH_TO_ONE_IMPLEMENTATION,HIGH,ACV7-IMPL-0050,/clinics/:clinicKey/my-booking/cancel,views/activeclinic/booking/cancellation-review.ejs,DEFAULT,DESKTOP|MOBILE,,,,Mapped to ACV7-IMPL-0050 via /clinics/:clinicKey/my-booking/cancel / views/activeclinic/booking/cancellation-review.ejs,
17813606734422395399,3be2c468e5e24ae592feb7c8b264b098,P26 - Juflona Booking - Cancellation Review - Mobile,P26,MY_BOOKING,MOBILE,CANCELLED,MULTIPLE_STITCH_TO_ONE_IMPLEMENTATION,HIGH,ACV7-IMPL-0050,/clinics/:clinicKey/my-booking/cancel,views/activeclinic/booking/cancellation-review.ejs,DEFAULT,DESKTOP|MOBILE,,,,Mapped to ACV7-IMPL-0050 via /clinics/:clinicKey/my-booking/cancel / views/activeclinic/booking/cancellation-review.ejs,
17813606734422395399,f510ec7d017e426e86e801932011d346,P26 - Juflona Booking - Cancellation Submitted - Desktop,P26,MY_BOOKING,DESKTOP,SUCCESS,MULTIPLE_STITCH_TO_ONE_IMPLEMENTATION,HIGH,ACV7-IMPL-0051,/clinics/:clinicKey/my-booking/cancel,views/activeclinic/booking/cancellation-submitted.ejs,CANCELLED,DESKTOP|MOBILE,,,,Mapped to ACV7-IMPL-0051 via /clinics/:clinicKey/my-booking/cancel / views/activeclinic/booking/cancellation-submitted.ejs,
17813606734422395399,f30239e9267242c0af4dfbaf44bb2d20,P26 - Juflona Booking - Cancellation Submitted - Mobile,P26,MY_BOOKING,MOBILE,SUCCESS,MULTIPLE_STITCH_TO_ONE_IMPLEMENTATION,HIGH,ACV7-IMPL-0051,/clinics/:clinicKey/my-booking/cancel,views/activeclinic/booking/cancellation-submitted.ejs,CANCELLED,DESKTOP|MOBILE,,,,Mapped to ACV7-IMPL-0051 via /clinics/:clinicKey/my-booking/cancel / views/activeclinic/booking/cancellation-submitted.ejs,
17813606734422395399,7b7546940db743839e4c4b11ae366dda,P26 - Juflona Booking - Change Request States - Mobile,P26,MY_BOOKING,MOBILE,OTHER,PARTIAL_IMPLEMENTATION,MEDIUM,ACV7-IMPL-0047|ACV7-IMPL-0049,/clinics/:clinicKey/my-booking,views/activeclinic/booking/my-booking-lookup.ejs|views/activeclinic/booking/my-booking-detail.ejs,DEFAULT|POPULATED,DESKTOP|MOBILE,,,Pattern/policy boards not dedicated routes; behavior partially in lookup/detail,"Mapped to ACV7-IMPL-0047, ACV7-IMPL-0049 via /clinics/:clinicKey/my-booking / views/activeclinic/booking/my-booking-lookup.ejs | views/activeclinic/booking/my-booking-detail.ejs",
17813606734422395399,e4fa5d144ebb46cea06c4ef3a3af3e7b,P26 - Juflona Booking - Lookup Error States - Mobile,P26,MY_BOOKING,MOBILE,ERROR,MULTIPLE_STITCH_TO_ONE_IMPLEMENTATION,HIGH,ACV7-IMPL-0048,/clinics/:clinicKey/my-booking,views/activeclinic/booking/my-booking-lookup.ejs,NOT_FOUND,DESKTOP|MOBILE,,,,Mapped to ACV7-IMPL-0048 via /clinics/:clinicKey/my-booking / views/activeclinic/booking/my-booking-lookup.ejs,
17813606734422395399,ab96f1f72f444e9e943a1e6b2d539b46,P26 - Juflona Booking - Lookup Progress - Mobile,P26,MY_BOOKING,MOBILE,DEFAULT,PARTIAL_IMPLEMENTATION,MEDIUM,ACV7-IMPL-0047,/clinics/:clinicKey/my-booking,views/activeclinic/booking/my-booking-lookup.ejs,DEFAULT,DESKTOP|MOBILE,,,No dedicated lookup-progress screen; synchronous lookup,Mapped to ACV7-IMPL-0047 via /clinics/:clinicKey/my-booking / views/activeclinic/booking/my-booking-lookup.ejs,
17813606734422395399,8f9a5650ff3d4f7482de4f82bcee597b,P26 - Juflona Booking - Mobile Booking Summary Pattern - Mobile,P26,MY_BOOKING,MOBILE,OTHER,PARTIAL_IMPLEMENTATION,MEDIUM,ACV7-IMPL-0047|ACV7-IMPL-0049,/clinics/:clinicKey/my-booking,views/activeclinic/booking/my-booking-lookup.ejs|views/activeclinic/booking/my-booking-detail.ejs,DEFAULT|POPULATED,DESKTOP|MOBILE,,,Pattern/policy boards not dedicated routes; behavior partially in lookup/detail,"Mapped to ACV7-IMPL-0047, ACV7-IMPL-0049 via /clinics/:clinicKey/my-booking / views/activeclinic/booking/my-booking-lookup.ejs | views/activeclinic/booking/my-booking-detail.ejs",
17813606734422395399,a8ad8c9b489149d592cd9ca53a525e14,P26 - Juflona Booking - My Booking - Desktop,P26,MY_BOOKING,DESKTOP,DEFAULT,MULTIPLE_STITCH_TO_ONE_IMPLEMENTATION,HIGH,ACV7-IMPL-0047,/clinics/:clinicKey/my-booking,views/activeclinic/booking/my-booking-lookup.ejs,DEFAULT,DESKTOP|MOBILE,,,,Mapped to ACV7-IMPL-0047 via /clinics/:clinicKey/my-booking / views/activeclinic/booking/my-booking-lookup.ejs,
17813606734422395399,a2b5c7ddfddc4c80a1ddb035748da72f,P26 - Juflona Booking - My Booking - Mobile,P26,MY_BOOKING,MOBILE,DEFAULT,MULTIPLE_STITCH_TO_ONE_IMPLEMENTATION,HIGH,ACV7-IMPL-0047,/clinics/:clinicKey/my-booking,views/activeclinic/booking/my-booking-lookup.ejs,DEFAULT,DESKTOP|MOBILE,,,,Mapped to ACV7-IMPL-0047 via /clinics/:clinicKey/my-booking / views/activeclinic/booking/my-booking-lookup.ejs,
17813606734422395399,4e84a1501ffa454b91221a4f32cfaabb,P26 - Juflona Booking - Pending Preference Change - Mobile,P26,MY_BOOKING,MOBILE,PENDING,PARTIAL_IMPLEMENTATION,MEDIUM,ACV7-IMPL-0047|ACV7-IMPL-0049,/clinics/:clinicKey/my-booking,views/activeclinic/booking/my-booking-lookup.ejs|views/activeclinic/booking/my-booking-detail.ejs,DEFAULT|POPULATED,DESKTOP|MOBILE,,,Pattern/policy boards not dedicated routes; behavior partially in lookup/detail,"Mapped to ACV7-IMPL-0047, ACV7-IMPL-0049 via /clinics/:clinicKey/my-booking / views/activeclinic/booking/my-booking-lookup.ejs | views/activeclinic/booking/my-booking-detail.ejs",
17813606734422395399,e50e9dfeaf1a405bbf3f3c334ebbe039,P26 - Juflona Booking - Privacy and Lookup Rules - Desktop,P26,MY_BOOKING,DESKTOP,DEFAULT,PARTIAL_IMPLEMENTATION,MEDIUM,ACV7-IMPL-0047|ACV7-IMPL-0049,/clinics/:clinicKey/my-booking,views/activeclinic/booking/my-booking-lookup.ejs|views/activeclinic/booking/my-booking-detail.ejs,DEFAULT|POPULATED,DESKTOP|MOBILE,,,Pattern/policy boards not dedicated routes; behavior partially in lookup/detail,"Mapped to ACV7-IMPL-0047, ACV7-IMPL-0049 via /clinics/:clinicKey/my-booking / views/activeclinic/booking/my-booking-lookup.ejs | views/activeclinic/booking/my-booking-detail.ejs",
17813606734422395399,97540ef2e0244f97a2974c50835276c3,P26 - Juflona Booking - Reschedule Request - Desktop,P26,MY_BOOKING,DESKTOP,RESCHEDULED,MULTIPLE_STITCH_TO_ONE_IMPLEMENTATION,HIGH,ACV7-IMPL-0052,/clinics/:clinicKey/my-booking/reschedule,views/activeclinic/booking/reschedule-review.ejs,DEFAULT,DESKTOP|MOBILE,,,,Mapped to ACV7-IMPL-0052 via /clinics/:clinicKey/my-booking/reschedule / views/activeclinic/booking/reschedule-review.ejs,
17813606734422395399,c016257b490d42ccb49bdb01e4228c2f,P26 - Juflona Booking - Reschedule Request - Mobile,P26,MY_BOOKING,MOBILE,RESCHEDULED,MULTIPLE_STITCH_TO_ONE_IMPLEMENTATION,HIGH,ACV7-IMPL-0052,/clinics/:clinicKey/my-booking/reschedule,views/activeclinic/booking/reschedule-review.ejs,DEFAULT,DESKTOP|MOBILE,,,,Mapped to ACV7-IMPL-0052 via /clinics/:clinicKey/my-booking/reschedule / views/activeclinic/booking/reschedule-review.ejs,
17813606734422395399,d968e9e9008d4987a5c4cdba86ab9a95,P26 - Juflona Booking - Reschedule Review - Desktop,P26,MY_BOOKING,DESKTOP,RESCHEDULED,MULTIPLE_STITCH_TO_ONE_IMPLEMENTATION,HIGH,ACV7-IMPL-0052,/clinics/:clinicKey/my-booking/reschedule,views/activeclinic/booking/reschedule-review.ejs,DEFAULT,DESKTOP|MOBILE,,,,Mapped to ACV7-IMPL-0052 via /clinics/:clinicKey/my-booking/reschedule / views/activeclinic/booking/reschedule-review.ejs,
17813606734422395399,15321bc4c76f4c08b61e59972aa7d44f,P26 - Juflona Booking - Reschedule Review - Mobile,P26,MY_BOOKING,MOBILE,RESCHEDULED,MULTIPLE_STITCH_TO_ONE_IMPLEMENTATION,HIGH,ACV7-IMPL-0052,/clinics/:clinicKey/my-booking/reschedule,views/activeclinic/booking/reschedule-review.ejs,DEFAULT,DESKTOP|MOBILE,,,,Mapped to ACV7-IMPL-0052 via /clinics/:clinicKey/my-booking/reschedule / views/activeclinic/booking/reschedule-review.ejs,
17813606734422395399,ba51a076b8ed49e0b4761f3068b56e41,P26 - Juflona Booking - Reschedule Submitted - Desktop,P26,MY_BOOKING,DESKTOP,SUCCESS,MULTIPLE_STITCH_TO_ONE_IMPLEMENTATION,HIGH,ACV7-IMPL-0053,/clinics/:clinicKey/my-booking/reschedule,views/activeclinic/booking/reschedule-submitted.ejs,RESCHEDULED,DESKTOP|MOBILE,,,,Mapped to ACV7-IMPL-0053 via /clinics/:clinicKey/my-booking/reschedule / views/activeclinic/booking/reschedule-submitted.ejs,
17813606734422395399,684f5190840549698bd9237caedeccb3,P26 - Juflona Booking - Reschedule Submitted - Mobile,P26,MY_BOOKING,MOBILE,SUCCESS,MULTIPLE_STITCH_TO_ONE_IMPLEMENTATION,HIGH,ACV7-IMPL-0053,/clinics/:clinicKey/my-booking/reschedule,views/activeclinic/booking/reschedule-submitted.ejs,RESCHEDULED,DESKTOP|MOBILE,,,,Mapped to ACV7-IMPL-0053 via /clinics/:clinicKey/my-booking/reschedule / views/activeclinic/booking/reschedule-submitted.ejs,
17813606734422395399,bb852d4218b9470981d9944eff62b1b4,P27 - Juflona Patient - Account Security - Desktop,P27,PATIENT_AUTH,DESKTOP,DEFAULT,EXACT_IMPLEMENTATION_MATCH,HIGH,ACV7-IMPL-0069,/clinics/:clinicKey/patient/security,views/activeclinic/patient/security.ejs,DEFAULT,DESKTOP|MOBILE,,,,Mapped to ACV7-IMPL-0069 via /clinics/:clinicKey/patient/security / views/activeclinic/patient/security.ejs,
17813606734422395399,e506a5ea31c54b0abd9d7bba96c83ed8,P27 - Juflona Patient - Booking Detail - Desktop,P27,PATIENT_PORTAL,DESKTOP,DEFAULT,EXACT_IMPLEMENTATION_MATCH,HIGH,ACV7-IMPL-0067,/clinics/:clinicKey/patient/bookings/:reference,views/activeclinic/patient/booking-detail.ejs,DEFAULT,DESKTOP|MOBILE,,,,Mapped to ACV7-IMPL-0067 via /clinics/:clinicKey/patient/bookings/:reference / views/activeclinic/patient/booking-detail.ejs,
17813606734422395399,b3521756764f4a978c9244a2f5c3ae9e,P27 - Juflona Patient - Booking Filters - Mobile,P27,PATIENT_PORTAL,MOBILE,DEFAULT,PARTIAL_IMPLEMENTATION,HIGH,ACV7-IMPL-0066,/clinics/:clinicKey/patient/bookings,views/activeclinic/patient/bookings.ejs,DEFAULT,DESKTOP|MOBILE,,,Filters may be limited vs Stitch filter board,Mapped to ACV7-IMPL-0066 via /clinics/:clinicKey/patient/bookings / views/activeclinic/patient/bookings.ejs,
17813606734422395399,1bb70f70b2d442bda9ec2bcfe6c9cd08,P27 - Juflona Patient - Dashboard - Desktop,P27,PATIENT_PORTAL,DESKTOP,DEFAULT,MULTIPLE_STITCH_TO_ONE_IMPLEMENTATION,HIGH,ACV7-IMPL-0064,/clinics/:clinicKey/patient,views/activeclinic/patient/dashboard.ejs,POPULATED,DESKTOP|MOBILE,,,,Mapped to ACV7-IMPL-0064 via /clinics/:clinicKey/patient / views/activeclinic/patient/dashboard.ejs,
17813606734422395399,e4c2703d85764c2cbf2f91ab890d27e3,P27 - Juflona Patient - Dashboard - Mobile,P27,PATIENT_PORTAL,MOBILE,DEFAULT,MULTIPLE_STITCH_TO_ONE_IMPLEMENTATION,HIGH,ACV7-IMPL-0064,/clinics/:clinicKey/patient,views/activeclinic/patient/dashboard.ejs,POPULATED,DESKTOP|MOBILE,,,,Mapped to ACV7-IMPL-0064 via /clinics/:clinicKey/patient / views/activeclinic/patient/dashboard.ejs,
17813606734422395399,0ec2c722bd80493ea69102f61b9b36e3,P27 - Juflona Patient - Dashboard Empty - Mobile,P27,PATIENT_PORTAL,MOBILE,EMPTY,EXACT_IMPLEMENTATION_MATCH,HIGH,ACV7-IMPL-0065,/clinics/:clinicKey/patient,views/activeclinic/patient/dashboard-empty.ejs,EMPTY,DESKTOP|MOBILE,,,,Mapped to ACV7-IMPL-0065 via /clinics/:clinicKey/patient / views/activeclinic/patient/dashboard-empty.ejs,
17813606734422395399,d499e36b667047e1998d38d66be6bbe2,P27 - Juflona Patient - Dashboard Multiple Bookings - Desktop,P27,PATIENT_PORTAL,DESKTOP,POPULATED,MULTIPLE_STITCH_TO_ONE_IMPLEMENTATION,HIGH,ACV7-IMPL-0064,/clinics/:clinicKey/patient,views/activeclinic/patient/dashboard.ejs,POPULATED,DESKTOP|MOBILE,,,,Mapped to ACV7-IMPL-0064 via /clinics/:clinicKey/patient / views/activeclinic/patient/dashboard.ejs,
17813606734422395399,215624995dc145f7ad5f6adb14fd4ae6,P27 - Juflona Patient - Forgot Password - Desktop,P27,PATIENT_AUTH,DESKTOP,DEFAULT,MULTIPLE_STITCH_TO_ONE_IMPLEMENTATION,HIGH,ACV7-IMPL-0056,/clinics/:clinicKey/patient/forgot-password,views/activeclinic/patient/forgot-password.ejs,DEFAULT,DESKTOP|MOBILE,,,,Mapped to ACV7-IMPL-0056 via /clinics/:clinicKey/patient/forgot-password / views/activeclinic/patient/forgot-password.ejs,
17813606734422395399,9ff0dd371e8e49d38b82288c77699671,P27 - Juflona Patient - Forgot Password - Mobile,P27,PATIENT_AUTH,MOBILE,DEFAULT,MULTIPLE_STITCH_TO_ONE_IMPLEMENTATION,HIGH,ACV7-IMPL-0056,/clinics/:clinicKey/patient/forgot-password,views/activeclinic/patient/forgot-password.ejs,DEFAULT,DESKTOP|MOBILE,,,,Mapped to ACV7-IMPL-0056 via /clinics/:clinicKey/patient/forgot-password / views/activeclinic/patient/forgot-password.ejs,
17813606734422395399,1d86eebeee5645c784e68b3b6315d06b,P27 - Juflona Patient - Link Guest Booking - Mobile,P27,PATIENT_PORTAL,MOBILE,DEFAULT,EXACT_IMPLEMENTATION_MATCH,HIGH,ACV7-IMPL-0072,/clinics/:clinicKey/patient/link-guest-booking,views/activeclinic/patient/link-guest-booking.ejs,DEFAULT,DESKTOP|MOBILE,,,,Mapped to ACV7-IMPL-0072 via /clinics/:clinicKey/patient/link-guest-booking / views/activeclinic/patient/link-guest-booking.ejs,
17813606734422395399,4bc683c012fc465681d21655ac3d1d01,P27 - Juflona Patient - Login - Desktop,P27,PATIENT_AUTH,DESKTOP,DEFAULT,MULTIPLE_STITCH_TO_ONE_IMPLEMENTATION,HIGH,ACV7-IMPL-0054,/clinics/:clinicKey/patient/login,views/activeclinic/patient/login.ejs,DEFAULT,DESKTOP|MOBILE,,,,Mapped to ACV7-IMPL-0054 via /clinics/:clinicKey/patient/login / views/activeclinic/patient/login.ejs,
17813606734422395399,7c24084776e64719be06423d42263e61,P27 - Juflona Patient - Login - Mobile,P27,PATIENT_AUTH,MOBILE,DEFAULT,MULTIPLE_STITCH_TO_ONE_IMPLEMENTATION,HIGH,ACV7-IMPL-0054,/clinics/:clinicKey/patient/login,views/activeclinic/patient/login.ejs,DEFAULT,DESKTOP|MOBILE,,,,Mapped to ACV7-IMPL-0054 via /clinics/:clinicKey/patient/login / views/activeclinic/patient/login.ejs,
17813606734422395399,795b6f3cce584467bdc369bd89f67419,P27 - Juflona Patient - Login States - Mobile,P27,PATIENT_AUTH,MOBILE,OTHER,PARTIAL_IMPLEMENTATION,HIGH,ACV7-IMPL-0062,/clinics/:clinicKey/patient/login,views/activeclinic/patient/login.ejs,VALIDATION_ERROR,DESKTOP|MOBILE,,,Login states board vs validation re-render only,Mapped to ACV7-IMPL-0062 via /clinics/:clinicKey/patient/login / views/activeclinic/patient/login.ejs,
17813606734422395399,e5078ea281eb4f29a284cf461b1c9b85,P27 - Juflona Patient - Mobile Navigation Pattern - Mobile,P27,PUBLIC_PLATFORM,MOBILE,OTHER,NO_IMPLEMENTATION_REQUIRED,MEDIUM,,,,,,,,,,Component/pattern reference; navigation implemented in patient-shell/nav partials
17813606734422395399,b86ad20f46574f5cba98f3aa4909b597,P27 - Juflona Patient - My Bookings - Mobile,P27,PATIENT_PORTAL,MOBILE,DEFAULT,EXACT_IMPLEMENTATION_MATCH,HIGH,ACV7-IMPL-0066,/clinics/:clinicKey/patient/bookings,views/activeclinic/patient/bookings.ejs,DEFAULT,DESKTOP|MOBILE,,,,Mapped to ACV7-IMPL-0066 via /clinics/:clinicKey/patient/bookings / views/activeclinic/patient/bookings.ejs,
17813606734422395399,1938bff7a7d54fa5a7d856457864d84d,P27 - Juflona Patient - Notifications - Mobile,P27,PATIENT_PORTAL,MOBILE,DEFAULT,EXACT_IMPLEMENTATION_MATCH,HIGH,ACV7-IMPL-0071,/clinics/:clinicKey/patient/notifications,views/activeclinic/patient/notifications.ejs,DEFAULT,DESKTOP|MOBILE,,,,Mapped to ACV7-IMPL-0071 via /clinics/:clinicKey/patient/notifications / views/activeclinic/patient/notifications.ejs,
17813606734422395399,cc39b8bf074e408682da114b26ed8897,P27 - Juflona Patient - Password Updated - Mobile,P27,PATIENT_AUTH,MOBILE,SUCCESS,MULTIPLE_STITCH_TO_ONE_IMPLEMENTATION,HIGH,ACV7-IMPL-0059,/clinics/:clinicKey/patient/password-updated,views/activeclinic/patient/password-updated.ejs,SUCCESS,DESKTOP|MOBILE,,,,Mapped to ACV7-IMPL-0059 via /clinics/:clinicKey/patient/password-updated / views/activeclinic/patient/password-updated.ejs,
17813606734422395399,8405633077d0486f9622badff41899c9,P27 - Juflona Patient - Patient Data Boundaries - Desktop,P27,PATIENT_PORTAL,DESKTOP,DEFAULT,EXACT_IMPLEMENTATION_MATCH,HIGH,ACV7-IMPL-0070,/clinics/:clinicKey/patient/data-boundaries,views/activeclinic/patient/data-boundaries.ejs,DEFAULT,DESKTOP|MOBILE,,,,Mapped to ACV7-IMPL-0070 via /clinics/:clinicKey/patient/data-boundaries / views/activeclinic/patient/data-boundaries.ejs,
17813606734422395399,5eceb58beaad489ba03f6750dee3896d,P27 - Juflona Patient - Portal Component Patterns - Desktop,P27,PATIENT_PORTAL,DESKTOP,OTHER,NO_IMPLEMENTATION_REQUIRED,MEDIUM,,,,,,,,,,Component/pattern reference; navigation implemented in patient-shell/nav partials
17813606734422395399,210ee3ac1bbe43588ed84d2e663c6604,P27 - Juflona Patient - Portal Offline State - Mobile,P27,PATIENT_PORTAL,MOBILE,OTHER,EXACT_IMPLEMENTATION_MATCH,HIGH,ACV7-IMPL-0073,/clinics/:clinicKey/patient/offline,views/activeclinic/patient/offline.ejs,OTHER,DESKTOP|MOBILE,,,,Mapped to ACV7-IMPL-0073 via /clinics/:clinicKey/patient/offline / views/activeclinic/patient/offline.ejs,
17813606734422395399,34350dec0e124a538024436ec728e2be,P27 - Juflona Patient - Profile - Desktop,P27,PATIENT_PORTAL,DESKTOP,DEFAULT,EXACT_IMPLEMENTATION_MATCH,HIGH,ACV7-IMPL-0068,/clinics/:clinicKey/patient/profile,views/activeclinic/patient/profile.ejs,DEFAULT,DESKTOP|MOBILE,,,,Mapped to ACV7-IMPL-0068 via /clinics/:clinicKey/patient/profile / views/activeclinic/patient/profile.ejs,
17813606734422395399,3e22604b90844b499b98bed2dba8f81c,P27 - Juflona Patient - Recovery Verification - Mobile,P27,PATIENT_AUTH,MOBILE,DEFAULT,EXACT_IMPLEMENTATION_MATCH,HIGH,ACV7-IMPL-0058,/clinics/:clinicKey/patient/recovery-verification,views/activeclinic/patient/recovery-verification.ejs,DEFAULT,DESKTOP|MOBILE,,,,Mapped to ACV7-IMPL-0058 via /clinics/:clinicKey/patient/recovery-verification / views/activeclinic/patient/recovery-verification.ejs,
17813606734422395399,cc7711d9ca2947bba30e8bdde0c473de,P27 - Juflona Patient - Register - Desktop,P27,PATIENT_AUTH,DESKTOP,DEFAULT,MULTIPLE_STITCH_TO_ONE_IMPLEMENTATION,HIGH,ACV7-IMPL-0055,/clinics/:clinicKey/patient/register,views/activeclinic/patient/register.ejs,DEFAULT,DESKTOP|MOBILE,,,,Mapped to ACV7-IMPL-0055 via /clinics/:clinicKey/patient/register / views/activeclinic/patient/register.ejs,
17813606734422395399,588d1139d7b548c5856e9e34ce736bf9,P27 - Juflona Patient - Register - Mobile,P27,PATIENT_AUTH,MOBILE,DEFAULT,MULTIPLE_STITCH_TO_ONE_IMPLEMENTATION,HIGH,ACV7-IMPL-0055,/clinics/:clinicKey/patient/register,views/activeclinic/patient/register.ejs,DEFAULT,DESKTOP|MOBILE,,,,Mapped to ACV7-IMPL-0055 via /clinics/:clinicKey/patient/register / views/activeclinic/patient/register.ejs,
17813606734422395399,bc0fd174f14d4a3a8e78a57aad1564ee,P27 - Juflona Patient - Registration States - Mobile,P27,PATIENT_PORTAL,MOBILE,OTHER,PARTIAL_IMPLEMENTATION,HIGH,ACV7-IMPL-0063,/clinics/:clinicKey/patient/register,views/activeclinic/patient/register.ejs,VALIDATION_ERROR,DESKTOP|MOBILE,,,Registration states board vs validation re-render,Mapped to ACV7-IMPL-0063 via /clinics/:clinicKey/patient/register / views/activeclinic/patient/register.ejs,
17813606734422395399,e1b3f826511f408e85c401d3a455f26d,P27 - Juflona Patient - Set New Password - Desktop,P27,PATIENT_AUTH,DESKTOP,DEFAULT,MULTIPLE_STITCH_TO_ONE_IMPLEMENTATION,HIGH,ACV7-IMPL-0057,/clinics/:clinicKey/patient/reset-password,views/activeclinic/patient/reset-password.ejs,DEFAULT,DESKTOP|MOBILE,,,,Mapped to ACV7-IMPL-0057 via /clinics/:clinicKey/patient/reset-password / views/activeclinic/patient/reset-password.ejs,
17813606734422395399,fb2dab64c9ed41f483ae83d4a7f20fe3,P27 - Juflona Patient - Set New Password - Mobile,P27,PATIENT_AUTH,MOBILE,DEFAULT,MULTIPLE_STITCH_TO_ONE_IMPLEMENTATION,HIGH,ACV7-IMPL-0057,/clinics/:clinicKey/patient/reset-password,views/activeclinic/patient/reset-password.ejs,DEFAULT,DESKTOP|MOBILE,,,,Mapped to ACV7-IMPL-0057 via /clinics/:clinicKey/patient/reset-password / views/activeclinic/patient/reset-password.ejs,
17813606734422395399,aebd18aad45b40ad90ebe164b87b282e,P27 - Juflona Patient - Verification Success - Mobile,P27,PATIENT_AUTH,MOBILE,SUCCESS,EXACT_IMPLEMENTATION_MATCH,HIGH,ACV7-IMPL-0061,/clinics/:clinicKey/patient/verification-success,views/activeclinic/patient/verification-success.ejs,SUCCESS,DESKTOP|MOBILE,,,,Mapped to ACV7-IMPL-0061 via /clinics/:clinicKey/patient/verification-success / views/activeclinic/patient/verification-success.ejs,
17813606734422395399,4cb2cd96dd3846dcbcd3504e45b90f47,P27 - Juflona Patient - Verify Phone - Desktop,P27,PATIENT_AUTH,DESKTOP,DEFAULT,MULTIPLE_STITCH_TO_ONE_IMPLEMENTATION,HIGH,ACV7-IMPL-0060,/clinics/:clinicKey/patient/verify-phone,views/activeclinic/patient/verify-phone.ejs,DEFAULT,DESKTOP|MOBILE,,,,Mapped to ACV7-IMPL-0060 via /clinics/:clinicKey/patient/verify-phone / views/activeclinic/patient/verify-phone.ejs,
17813606734422395399,fc27f3a94086412bbb546e19248ffc5d,P27 - Juflona Patient - Verify Phone - Mobile,P27,PATIENT_AUTH,MOBILE,DEFAULT,MULTIPLE_STITCH_TO_ONE_IMPLEMENTATION,HIGH,ACV7-IMPL-0060,/clinics/:clinicKey/patient/verify-phone,views/activeclinic/patient/verify-phone.ejs,DEFAULT,DESKTOP|MOBILE,,,,Mapped to ACV7-IMPL-0060 via /clinics/:clinicKey/patient/verify-phone / views/activeclinic/patient/verify-phone.ejs,
17813606734422395399,dbe4c18b488e4d12ba3ce57af8e49d9f,ActiveClinic Public - Design System,SHARED_PUBLIC,PUBLIC_PLATFORM,MOBILE,DEFAULT,NO_IMPLEMENTATION_REQUIRED,HIGH,,,,,,,,,"Stitch chrome/design-system/reference artifact, not a distinct app screen",Reference / design system / template chrome
17813606734422395399,5265ab7118c74f8b885de211483ef48c,ActiveClinic Public - Header,SHARED_PUBLIC,PUBLIC_PLATFORM,MOBILE,DEFAULT,NO_IMPLEMENTATION_REQUIRED,HIGH,,,,,,,,,"Stitch chrome/design-system/reference artifact, not a distinct app screen",Reference / design system / template chrome
17813606734422395399,e0ebb2af00e944e0b90a6400ea6093ba,ActiveClinic Public - Mobile Navigation,SHARED_PUBLIC,PUBLIC_PLATFORM,MOBILE,DEFAULT,NO_IMPLEMENTATION_REQUIRED,HIGH,,,,,,,,,"Stitch chrome/design-system/reference artifact, not a distinct app screen",Reference / design system / template chrome
17813606734422395399,83fe90078bb349efad00ea1138d795d2,ActiveClinic Tenant Template - Configuration Reference,SHARED_PUBLIC,PUBLIC_PLATFORM,MOBILE,DEFAULT,NO_IMPLEMENTATION_REQUIRED,HIGH,,,,,,,,,"Stitch chrome/design-system/reference artifact, not a distinct app screen",Reference / design system / template chrome
17813606734422395399,f8ab02fa6a8143debebc923644f62961,ActiveClinic Tenant Template - Footer,SHARED_PUBLIC,PUBLIC_PLATFORM,MOBILE,DEFAULT,NO_IMPLEMENTATION_REQUIRED,HIGH,,,,,,,,,"Stitch chrome/design-system/reference artifact, not a distinct app screen",Reference / design system / template chrome
