stitch_project_id,stitch_screen_id,stitch_screen_title,stitch_device,stitch_phase,route,view,implementation_mapping,visual_score,visual_status,top_visual_differences,asset_gap,priority_band,priority_rank
12272131183982732110,5e4dbc7265ad4e17b060b1f641996db3,P04 – Consultation Workspace – Desktop,DESKTOP,P04,/app/clinical/encounter/:encounterId,views/activeclinic/app/consultation-workspace-content.ejs,MULTIPLE_STITCH_TO_ONE_IMPLEMENTATION,90,NEEDS_WORK,"Phase7C: workspace panels, SOAP grid, clinical form sections, queue metric, status chips|Remaining: Stitch triage-priority / wait-time columns and consult action variants not in V7 encounter list|TEST_INFRA_LIMITATION: no live browser MATCHED",none_detected,remaining,4
12272131183982732110,3c8f7b43b7984718acf661e381c1e6f7,P04 – Triage Assessment – Desktop,DESKTOP,P04,/app/clinical/encounter/:encounterId/triage,views/activeclinic/app/triage-assessment-content.ejs,EXACT_IMPLEMENTATION_MATCH,90,NEEDS_WORK,"Phase7C: workspace panels, SOAP grid, clinical form sections, queue metric, status chips|Remaining: Stitch triage-priority / wait-time columns and consult action variants not in V7 encounter list|TEST_INFRA_LIMITATION: no live browser MATCHED",none_detected,remaining,4
12272131183982732110,dede5e72277d413497e1f870f6b4a0e1,P04 – Vital Signs Entry – Desktop,DESKTOP,P04,/app/clinical/encounter/:encounterId/vitals,views/activeclinic/app/vital-signs-entry-content.ejs,EXACT_IMPLEMENTATION_MATCH,90,NEEDS_WORK,"Phase7C: workspace panels, SOAP grid, clinical form sections, queue metric, status chips|Remaining: Stitch triage-priority / wait-time columns and consult action variants not in V7 encounter list|TEST_INFRA_LIMITATION: no live browser MATCHED",none_detected,remaining,4
12272131183982732110,305d90143b0e4381b112bf6eb113f1c2,P03 – Create Walk-In Visit – Desktop,DESKTOP,P03,/app/reception/walk-in,views/activeclinic/app/reception-walk-in-content.ejs,EXACT_IMPLEMENTATION_MATCH,90,NEEDS_WORK,"Phase7C: queue metric strip from existing statuses, 8px panels, table action buttons, form/filter chrome|Remaining: Stitch wait-time, avatars, department tabs, and priority capsules are not in V7 data|TEST_INFRA_LIMITATION: no live browser MATCHED",none_detected,remaining,4
12272131183982732110,9284064428f443b1a3a1504054827d91,P03 – Patient Check-In – Desktop,DESKTOP,P03,/app/reception/check-in,views/activeclinic/app/reception-check-in-content.ejs,EXACT_IMPLEMENTATION_MATCH,90,NEEDS_WORK,"Phase7C: queue metric strip from existing statuses, 8px panels, table action buttons, form/filter chrome|Remaining: Stitch wait-time, avatars, department tabs, and priority capsules are not in V7 data|TEST_INFRA_LIMITATION: no live browser MATCHED",none_detected,remaining,4
12272131183982732110,99757cfd7d3747d490f00ac342faa519,P04 – Clinical Escalation Alert,DESKTOP,P04,/app/clinical/alerts,views/activeclinic/app/clinical-escalation-alert-content.ejs,EXACT_IMPLEMENTATION_MATCH,90,NEEDS_WORK,"Phase7C: workspace panels, SOAP grid, clinical form sections, queue metric, status chips|Remaining: Stitch triage-priority / wait-time columns and consult action variants not in V7 encounter list|TEST_INFRA_LIMITATION: no live browser MATCHED",none_detected,remaining,4
12272131183982732110,b8d47f05a83c4959ac2d3d6ca83c7dfb,P04 – Clinical Queue – Desktop,DESKTOP,P04,/app/clinical,views/activeclinic/app/clinical-queue-content.ejs,MULTIPLE_STITCH_TO_ONE_IMPLEMENTATION,90,NEEDS_WORK,"Phase7C: workspace panels, SOAP grid, clinical form sections, queue metric, status chips|Remaining: Stitch triage-priority / wait-time columns and consult action variants not in V7 encounter list|TEST_INFRA_LIMITATION: no live browser MATCHED",none_detected,remaining,4
12272131183982732110,59ee5d74ff1f47eca3c6fb09413b7c09,P06 – Enter Laboratory Result – Desktop,DESKTOP,P06,/app/diagnostics/laboratory/request/:requestId/result,views/activeclinic/app/diagnostics-enter-laboratory-result-content.ejs,EXACT_IMPLEMENTATION_MATCH,90,NEEDS_WORK,"Phase7C: diagnostic metric cards, queue/worklist table wrap, result/report form panels|Remaining: Stitch lab/radiology worklists include extra operational columns not in V7 request model|TEST_INFRA_LIMITATION: no live browser MATCHED",none_detected,remaining,4
12272131183982732110,41a0f1b3e1974e7ca26599bf8a37fc5f,P06 – Enter Radiology Report – Desktop,DESKTOP,P06,/app/diagnostics/radiology/request/:requestId/report,views/activeclinic/app/diagnostics-enter-radiology-report-content.ejs,EXACT_IMPLEMENTATION_MATCH,90,NEEDS_WORK,"Phase7C: diagnostic metric cards, queue/worklist table wrap, result/report form panels|Remaining: Stitch lab/radiology worklists include extra operational columns not in V7 request model|TEST_INFRA_LIMITATION: no live browser MATCHED",none_detected,remaining,4
12272131183982732110,5b7b36f6af3b4735a81cca8cea77ee99,P06 – Laboratory Dashboard – Desktop,DESKTOP,P06,/app/diagnostics/laboratory,views/activeclinic/app/diagnostics-laboratory-dashboard-content.ejs,MULTIPLE_STITCH_TO_ONE_IMPLEMENTATION,90,NEEDS_WORK,"Phase7C: diagnostic metric cards, queue/worklist table wrap, result/report form panels|Remaining: Stitch lab/radiology worklists include extra operational columns not in V7 request model|TEST_INFRA_LIMITATION: no live browser MATCHED",none_detected,remaining,4
12272131183982732110,51c3b93fec6e40aebc327a4998fb29ea,P06 – Laboratory Request Detail – Desktop,DESKTOP,P06,/app/diagnostics/laboratory/request/:requestId,views/activeclinic/app/diagnostics-laboratory-request-detail-content.ejs,EXACT_IMPLEMENTATION_MATCH,90,NEEDS_WORK,"Phase7C: diagnostic metric cards, queue/worklist table wrap, result/report form panels|Remaining: Stitch lab/radiology worklists include extra operational columns not in V7 request model|TEST_INFRA_LIMITATION: no live browser MATCHED",none_detected,remaining,4
12272131183982732110,f8b17233f1f7457ea5fe5179207aa0d1,P06 – Laboratory Request Queue – Desktop,DESKTOP,P06,/app/diagnostics/laboratory/queue,views/activeclinic/app/diagnostics-laboratory-queue-content.ejs,EXACT_IMPLEMENTATION_MATCH,90,NEEDS_WORK,"Phase7C: diagnostic metric cards, queue/worklist table wrap, result/report form panels|Remaining: Stitch lab/radiology worklists include extra operational columns not in V7 request model|TEST_INFRA_LIMITATION: no live browser MATCHED",none_detected,remaining,4
12272131183982732110,cd5ff44012dd4f0f88fc7ed60848fd37,P06 – Laboratory Worklist – Desktop,DESKTOP,P06,/app/diagnostics/laboratory/worklist,views/activeclinic/app/diagnostics-laboratory-worklist-content.ejs,EXACT_IMPLEMENTATION_MATCH,90,NEEDS_WORK,"Phase7C: diagnostic metric cards, queue/worklist table wrap, result/report form panels|Remaining: Stitch lab/radiology worklists include extra operational columns not in V7 request model|TEST_INFRA_LIMITATION: no live browser MATCHED",none_detected,remaining,4
12272131183982732110,65286a85cc674df097dedf0890378a29,P06 – Radiology Dashboard – Desktop,DESKTOP,P06,/app/diagnostics/radiology,views/activeclinic/app/diagnostics-radiology-dashboard-content.ejs,MULTIPLE_STITCH_TO_ONE_IMPLEMENTATION,90,NEEDS_WORK,"Phase7C: diagnostic metric cards, queue/worklist table wrap, result/report form panels|Remaining: Stitch lab/radiology worklists include extra operational columns not in V7 request model|TEST_INFRA_LIMITATION: no live browser MATCHED",none_detected,remaining,4
12272131183982732110,1fa6c921703145af96e47f7344b6cb62,P06 – Radiology Request Queue – Desktop,DESKTOP,P06,/app/diagnostics/radiology/queue,views/activeclinic/app/diagnostics-radiology-queue-content.ejs,EXACT_IMPLEMENTATION_MATCH,90,NEEDS_WORK,"Phase7C: diagnostic metric cards, queue/worklist table wrap, result/report form panels|Remaining: Stitch lab/radiology worklists include extra operational columns not in V7 request model|TEST_INFRA_LIMITATION: no live browser MATCHED",none_detected,remaining,4
12272131183982732110,fc53eecc7d484fd5a131e01ef1127694,P13 – Add Staff Member – Desktop,DESKTOP,P13,/app/staff/new,views/activeclinic/app/staff-form-content.ejs,EXACT_IMPLEMENTATION_MATCH,90,NEEDS_WORK,"Phase7C: shared staff/access 8px panels, filter bar, and form field chrome|Remaining: Stitch staff directory cards/avatars vs V7 table+filter layout|TEST_INFRA_LIMITATION: no live browser MATCHED",none_detected,remaining,4
12272131183982732110,f30963c89fad49ceabc2447dfd46f8f0,P13 – Invite Staff Member – Desktop,DESKTOP,P13,/app/staff/invite,views/activeclinic/app/staff-invite-content.ejs,ONE_STITCH_TO_MULTIPLE_IMPLEMENTATIONS,90,NEEDS_WORK,"Phase7C: shared staff/access 8px panels, filter bar, and form field chrome|Remaining: Stitch staff directory cards/avatars vs V7 table+filter layout|TEST_INFRA_LIMITATION: no live browser MATCHED",none_detected,remaining,4
12272131183982732110,f0c821818ad04f5ca658defd08962564,P13 – Staff Access Dashboard – Desktop,DESKTOP,P13,/app/access,views/activeclinic/app/access-content.ejs,MULTIPLE_STITCH_TO_ONE_IMPLEMENTATION,90,NEEDS_WORK,"Phase7C: shared staff/access 8px panels, filter bar, and form field chrome|Remaining: Stitch staff directory cards/avatars vs V7 table+filter layout|TEST_INFRA_LIMITATION: no live browser MATCHED",none_detected,remaining,4
12272131183982732110,31600d2f5a32493b8bdd52658ab3591f,P13 – Staff Account Activation,MOBILE,P13,/activate/:token,views/activeclinic/auth/activate.ejs,MULTIPLE_STITCH_TO_ONE_IMPLEMENTATION,90,NEEDS_WORK,"Phase7C: shared staff/access 8px panels, filter bar, and form field chrome|Remaining: Stitch staff directory cards/avatars vs V7 table+filter layout|TEST_INFRA_LIMITATION: no live browser MATCHED",none_detected,remaining,4
12272131183982732110,73fe1929482d4838b65bfd64acd406a8,P13 – Staff Directory – Desktop,DESKTOP,P13,/app/staff,views/activeclinic/app/staff-list-content.ejs,MULTIPLE_STITCH_TO_ONE_IMPLEMENTATION,90,NEEDS_WORK,"Phase7C: shared staff/access 8px panels, filter bar, and form field chrome|Remaining: Stitch staff directory cards/avatars vs V7 table+filter layout|TEST_INFRA_LIMITATION: no live browser MATCHED",none_detected,remaining,4
12272131183982732110,7f168bfd3ac64a2ca412f43990176e41,P13 – Staff Profile – Desktop,DESKTOP,P13,/app/staff/:staffId,views/activeclinic/app/staff-detail-content.ejs,EXACT_IMPLEMENTATION_MATCH,90,NEEDS_WORK,"Phase7C: shared staff/access 8px panels, filter bar, and form field chrome|Remaining: Stitch staff directory cards/avatars vs V7 table+filter layout|TEST_INFRA_LIMITATION: no live browser MATCHED",none_detected,remaining,4
12272131183982732110,3d43526745534570bbe9cd22948be3c1,P13 – Suspend Staff Account,DESKTOP,P13,/app/staff/:staffId/suspend,views/activeclinic/app/staff-suspend-content.ejs,EXACT_IMPLEMENTATION_MATCH,90,NEEDS_WORK,"Phase7C: shared staff/access 8px panels, filter bar, and form field chrome|Remaining: Stitch staff directory cards/avatars vs V7 table+filter layout|TEST_INFRA_LIMITATION: no live browser MATCHED",none_detected,remaining,4
12272131183982732110,15c6c639c2b04bbda97b54f127c500f8,P04 – Consultation Workspace – Mobile,MOBILE,P04,/app/clinical/encounter/:encounterId,views/activeclinic/app/consultation-workspace-content.ejs,MULTIPLE_STITCH_TO_ONE_IMPLEMENTATION,90,NEEDS_WORK,"Phase7C: workspace panels, SOAP grid, clinical form sections, queue metric, status chips|Remaining: Stitch triage-priority / wait-time columns and consult action variants not in V7 encounter list|TEST_INFRA_LIMITATION: no live browser MATCHED",none_detected,remaining,4
12272131183982732110,279be7b923664e449bd2001528e7c5ec,P05 – Prescription Clinical Review – Mobile,MOBILE,P05,/app/pharmacy/prescriptions/:id,views/activeclinic/app/pharmacy-prescription-detail-content.ejs,MULTIPLE_STITCH_TO_ONE_IMPLEMENTATION,90,NEEDS_WORK,"Phase7C: shared 8px panels, detail lists, table actions, form field heights|Remaining: Stitch pharmacy workbench chrome (batch drawer, featured layout) still denser than V7 combined screens|TEST_INFRA_LIMITATION: no live browser MATCHED",none_detected,remaining,4
12272131183982732110,0fca19f233af43c49966e7eb62bccb02,P03 – Appointment Calendar – Desktop,DESKTOP,P03,/app/appointments/calendar,views/activeclinic/app/appointments-calendar-content.ejs,EXACT_IMPLEMENTATION_MATCH,90,NEEDS_WORK,"Phase7C: queue metric strip from existing statuses, 8px panels, table action buttons, form/filter chrome|Remaining: Stitch wait-time, avatars, department tabs, and priority capsules are not in V7 data|TEST_INFRA_LIMITATION: no live browser MATCHED",none_detected,remaining,4
12272131183982732110,327422c1b36747039e4026a17c5a2f33,P03 – Appointment Confirmation – Desktop,DESKTOP,P03,/app/appointments/:appointmentId/confirmed,views/activeclinic/app/appointment-success-content.ejs,EXACT_IMPLEMENTATION_MATCH,90,NEEDS_WORK,"Phase7C: queue metric strip from existing statuses, 8px panels, table action buttons, form/filter chrome|Remaining: Stitch wait-time, avatars, department tabs, and priority capsules are not in V7 data|TEST_INFRA_LIMITATION: no live browser MATCHED",none_detected,remaining,4
12272131183982732110,284e9f8cd6804b0eb0f50574e2f571d6,P03 – Appointment List – Desktop,DESKTOP,P03,/app/appointments,views/activeclinic/app/appointments-list-content.ejs,MULTIPLE_STITCH_TO_ONE_IMPLEMENTATION,90,NEEDS_WORK,"Phase7C: queue metric strip from existing statuses, 8px panels, table action buttons, form/filter chrome|Remaining: Stitch wait-time, avatars, department tabs, and priority capsules are not in V7 data|TEST_INFRA_LIMITATION: no live browser MATCHED",none_detected,remaining,4
12272131183982732110,480ecaba5258423e8711b1fdd2f39e1b,P03 – Appointment List – Mobile,MOBILE,P03,/app/appointments,views/activeclinic/app/appointments-list-content.ejs,MULTIPLE_STITCH_TO_ONE_IMPLEMENTATION,90,NEEDS_WORK,"Phase7C: queue metric strip from existing statuses, 8px panels, table action buttons, form/filter chrome|Remaining: Stitch wait-time, avatars, department tabs, and priority capsules are not in V7 data|TEST_INFRA_LIMITATION: no live browser MATCHED",none_detected,remaining,4
12272131183982732110,089aa8f266664446a8b38cb69d1fda48,P03 – Appointment Shared States – Desktop,DESKTOP,P03,/app/appointments,views/activeclinic/app/appointments-list-content.ejs,EXACT_IMPLEMENTATION_MATCH,90,NEEDS_WORK,"Phase7C: queue metric strip from existing statuses, 8px panels, table action buttons, form/filter chrome|Remaining: Stitch wait-time, avatars, department tabs, and priority capsules are not in V7 data|TEST_INFRA_LIMITATION: no live browser MATCHED",none_detected,remaining,4
12272131183982732110,a99c6ac04cf24f2c8ca349715c1829dc,P03 – Book Appointment – Desktop,DESKTOP,P03,/app/appointments/new,views/activeclinic/app/appointment-form-content.ejs,EXACT_IMPLEMENTATION_MATCH,90,NEEDS_WORK,"Phase7C: queue metric strip from existing statuses, 8px panels, table action buttons, form/filter chrome|Remaining: Stitch wait-time, avatars, department tabs, and priority capsules are not in V7 data|TEST_INFRA_LIMITATION: no live browser MATCHED",none_detected,remaining,4
12272131183982732110,b27eafc25bad4006868f3932d08bfed5,P03 – Cancel Appointment – Desktop,DESKTOP,P03,/app/appointments/:appointmentId/cancel,views/activeclinic/app/appointment-cancel-content.ejs,EXACT_IMPLEMENTATION_MATCH,90,NEEDS_WORK,"Phase7C: queue metric strip from existing statuses, 8px panels, table action buttons, form/filter chrome|Remaining: Stitch wait-time, avatars, department tabs, and priority capsules are not in V7 data|TEST_INFRA_LIMITATION: no live browser MATCHED",none_detected,remaining,4
12272131183982732110,7d37e069c7644e7cb4c9b72349a0ccf7,P03 – Missed Appointments – Desktop,DESKTOP,P03,/app/appointments/missed,views/activeclinic/app/appointments-missed-content.ejs,EXACT_IMPLEMENTATION_MATCH,90,NEEDS_WORK,"Phase7C: queue metric strip from existing statuses, 8px panels, table action buttons, form/filter chrome|Remaining: Stitch wait-time, avatars, department tabs, and priority capsules are not in V7 data|TEST_INFRA_LIMITATION: no live browser MATCHED",none_detected,remaining,4
12272131183982732110,8dca6dbd36b840928e73d6674bbcb3ea,P03 – Patient Called – Desktop,DESKTOP,P03,/app/reception/queue/:entryId/called,views/activeclinic/app/reception-queue-called-content.ejs,EXACT_IMPLEMENTATION_MATCH,90,NEEDS_WORK,"Phase7C: queue metric strip from existing statuses, 8px panels, table action buttons, form/filter chrome|Remaining: Stitch wait-time, avatars, department tabs, and priority capsules are not in V7 data|TEST_INFRA_LIMITATION: no live browser MATCHED",none_detected,remaining,4
12272131183982732110,f7841548662446cfa8d70d0772d3fa9f,P03 – Patient Did Not Respond — Desktop,DESKTOP,P03,/app/reception/queue/:entryId/did-not-respond,views/activeclinic/app/reception-queue-did-not-respond-content.ejs,EXACT_IMPLEMENTATION_MATCH,90,NEEDS_WORK,"Phase7C: queue metric strip from existing statuses, 8px panels, table action buttons, form/filter chrome|Remaining: Stitch wait-time, avatars, department tabs, and priority capsules are not in V7 data|TEST_INFRA_LIMITATION: no live browser MATCHED",none_detected,remaining,4
12272131183982732110,8b7173ba4ff94eb2a7d7e548b5f7253d,P03 – Reception Queue – Desktop,DESKTOP,P03,/app/reception,views/activeclinic/app/reception-queue-content.ejs,MULTIPLE_STITCH_TO_ONE_IMPLEMENTATION,90,NEEDS_WORK,"Phase7C: queue metric strip from existing statuses, 8px panels, table action buttons, form/filter chrome|Remaining: Stitch wait-time, avatars, department tabs, and priority capsules are not in V7 data|TEST_INFRA_LIMITATION: no live browser MATCHED",none_detected,remaining,4
12272131183982732110,da39a3945ace4fac85cb12bd86f0cdc2,P03 – Reschedule Appointment – Desktop,DESKTOP,P03,/app/appointments/:appointmentId/reschedule,views/activeclinic/app/appointment-form-content.ejs,EXACT_IMPLEMENTATION_MATCH,90,NEEDS_WORK,"Phase7C: queue metric strip from existing statuses, 8px panels, table action buttons, form/filter chrome|Remaining: Stitch wait-time, avatars, department tabs, and priority capsules are not in V7 data|TEST_INFRA_LIMITATION: no live browser MATCHED",none_detected,remaining,4
12272131183982732110,e807a1354fdd418391496e69e5ac5f3e,P03 – Transfer Patient to Department – Desktop,DESKTOP,P03,/app/reception/queue/:entryId/transfer,views/activeclinic/app/reception-queue-transfer-content.ejs,EXACT_IMPLEMENTATION_MATCH,90,NEEDS_WORK,"Phase7C: queue metric strip from existing statuses, 8px panels, table action buttons, form/filter chrome|Remaining: Stitch wait-time, avatars, department tabs, and priority capsules are not in V7 data|TEST_INFRA_LIMITATION: no live browser MATCHED",none_detected,remaining,4
12272131183982732110,16897ac752a94750bf00225db66ff768,P04 – Clinical Queue – Mobile,MOBILE,P04,/app/clinical,views/activeclinic/app/clinical-queue-content.ejs,MULTIPLE_STITCH_TO_ONE_IMPLEMENTATION,90,NEEDS_WORK,"Phase7C: workspace panels, SOAP grid, clinical form sections, queue metric, status chips|Remaining: Stitch triage-priority / wait-time columns and consult action variants not in V7 encounter list|TEST_INFRA_LIMITATION: no live browser MATCHED",none_detected,remaining,4
12272131183982732110,eeaf00f13f6f4e238da3aef30a556a57,P05 – Dispensing Completed – Desktop,DESKTOP,P05,/app/pharmacy/prescriptions/:id/dispense/completed,views/activeclinic/app/pharmacy-dispense-completed-content.ejs,EXACT_IMPLEMENTATION_MATCH,90,NEEDS_WORK,"Phase7C: shared 8px panels, detail lists, table actions, form field heights|Remaining: Stitch pharmacy workbench chrome (batch drawer, featured layout) still denser than V7 combined screens|TEST_INFRA_LIMITATION: no live browser MATCHED",none_detected,remaining,4
12272131183982732110,c7c3ea1931f74acb845208dd09d0d63d,P05 – Partial Dispensing – Desktop,DESKTOP,P05,/app/pharmacy/prescriptions/:id/dispense,views/activeclinic/app/pharmacy-dispense-content.ejs,MULTIPLE_STITCH_TO_ONE_IMPLEMENTATION,90,NEEDS_WORK,"Phase7C: shared 8px panels, detail lists, table actions, form field heights|Remaining: Stitch pharmacy workbench chrome (batch drawer, featured layout) still denser than V7 combined screens|TEST_INFRA_LIMITATION: no live browser MATCHED",none_detected,remaining,4
12272131183982732110,0f1976955fc14d8c97f1f8c728b4e1da,P05 – Pharmacy Purchase Orders – Desktop,DESKTOP,P05,/app/pharmacy/purchase-orders,views/activeclinic/app/pharmacy-purchase-orders-content.ejs,ONE_STITCH_TO_MULTIPLE_IMPLEMENTATIONS,90,NEEDS_WORK,"Phase7C: shared 8px panels, detail lists, table actions, form field heights|Remaining: Stitch pharmacy workbench chrome (batch drawer, featured layout) still denser than V7 combined screens|TEST_INFRA_LIMITATION: no live browser MATCHED",none_detected,remaining,4
12272131183982732110,2147643a82af4fb28a8368dcff867a75,P05 – Pharmacy Stock Adjustment,DESKTOP,P05,/app/pharmacy/inventory/adjust,views/activeclinic/app/pharmacy-stock-adjust-content.ejs,EXACT_IMPLEMENTATION_MATCH,90,NEEDS_WORK,"Phase7C: shared 8px panels, detail lists, table actions, form field heights|Remaining: Stitch pharmacy workbench chrome (batch drawer, featured layout) still denser than V7 combined screens|TEST_INFRA_LIMITATION: no live browser MATCHED",none_detected,remaining,4
12272131183982732110,ce22d1c5de5f43ad8a458f57aa217fd3,P05 – Pharmacy Stock Transfer,DESKTOP,P05,/app/pharmacy/inventory/transfer,views/activeclinic/app/pharmacy-stock-transfer-content.ejs,EXACT_IMPLEMENTATION_MATCH,90,NEEDS_WORK,"Phase7C: shared 8px panels, detail lists, table actions, form field heights|Remaining: Stitch pharmacy workbench chrome (batch drawer, featured layout) still denser than V7 combined screens|TEST_INFRA_LIMITATION: no live browser MATCHED",none_detected,remaining,4
12272131183982732110,a61dbccce82b43788dc347e25843ae07,P05 – Receive Pharmacy Stock – Desktop,DESKTOP,P05,/app/pharmacy/inventory/receive,views/activeclinic/app/pharmacy-receive-stock-content.ejs,EXACT_IMPLEMENTATION_MATCH,90,NEEDS_WORK,"Phase7C: shared 8px panels, detail lists, table actions, form field heights|Remaining: Stitch pharmacy workbench chrome (batch drawer, featured layout) still denser than V7 combined screens|TEST_INFRA_LIMITATION: no live browser MATCHED",none_detected,remaining,4
12272131183982732110,a7649e64ba1e4eee8ca0bcb6a54594bd,P05 – Select Medicine Batch,DESKTOP,P05,/app/pharmacy/prescriptions/:prescriptionId/items/:itemId/select-batch,views/activeclinic/app/pharmacy-select-batch-content.ejs,EXACT_IMPLEMENTATION_MATCH,90,NEEDS_WORK,"Phase7C: shared 8px panels, detail lists, table actions, form field heights|Remaining: Stitch pharmacy workbench chrome (batch drawer, featured layout) still denser than V7 combined screens|TEST_INFRA_LIMITATION: no live browser MATCHED",none_detected,remaining,4
12272131183982732110,d53f9752db564b18b35fd761ecd73dd8,P06 – Laboratory Dashboard – Mobile,MOBILE,P06,/app/diagnostics/laboratory,views/activeclinic/app/diagnostics-laboratory-dashboard-content.ejs,MULTIPLE_STITCH_TO_ONE_IMPLEMENTATION,90,NEEDS_WORK,"Phase7C: diagnostic metric cards, queue/worklist table wrap, result/report form panels|Remaining: Stitch lab/radiology worklists include extra operational columns not in V7 request model|TEST_INFRA_LIMITATION: no live browser MATCHED",none_detected,remaining,4
12272131183982732110,070284f5583d43598111b2f6c35d0425,P06 – Radiology Dashboard – Mobile,MOBILE,P06,/app/diagnostics/radiology,views/activeclinic/app/diagnostics-radiology-dashboard-content.ejs,MULTIPLE_STITCH_TO_ONE_IMPLEMENTATION,90,NEEDS_WORK,"Phase7C: diagnostic metric cards, queue/worklist table wrap, result/report form panels|Remaining: Stitch lab/radiology worklists include extra operational columns not in V7 request model|TEST_INFRA_LIMITATION: no live browser MATCHED",none_detected,remaining,4
12272131183982732110,8525edd4c31f46d6a6b5c6a233917559,P13 – Role Detail – Desktop,DESKTOP,P13,/app/access/roles/:roleKey,views/activeclinic/app/access-role-detail-content.ejs,EXACT_IMPLEMENTATION_MATCH,90,NEEDS_WORK,"Phase7C: shared staff/access 8px panels, filter bar, and form field chrome|Remaining: Stitch staff directory cards/avatars vs V7 table+filter layout|TEST_INFRA_LIMITATION: no live browser MATCHED",none_detected,remaining,4
12272131183982732110,23bc626a58964db894619615120d3ef2,P13 – Staff Access Dashboard – Mobile,MOBILE,P13,/app/access,views/activeclinic/app/access-content.ejs,MULTIPLE_STITCH_TO_ONE_IMPLEMENTATION,90,NEEDS_WORK,"Phase7C: shared staff/access 8px panels, filter bar, and form field chrome|Remaining: Stitch staff directory cards/avatars vs V7 table+filter layout|TEST_INFRA_LIMITATION: no live browser MATCHED",none_detected,remaining,4
12272131183982732110,2f150519b0a641399b4e24bf934397c1,P13 – Staff Directory – Mobile,MOBILE,P13,/app/staff,views/activeclinic/app/staff-list-content.ejs,MULTIPLE_STITCH_TO_ONE_IMPLEMENTATION,90,NEEDS_WORK,"Phase7C: shared staff/access 8px panels, filter bar, and form field chrome|Remaining: Stitch staff directory cards/avatars vs V7 table+filter layout|TEST_INFRA_LIMITATION: no live browser MATCHED",none_detected,remaining,4
12272131183982732110,73499b0dfef446c99a908b1cc56252a5,P03 – Reception Queue – Mobile,MOBILE,P03,/app/reception,views/activeclinic/app/reception-queue-content.ejs,MULTIPLE_STITCH_TO_ONE_IMPLEMENTATION,90,NEEDS_WORK,"Phase7C: queue metric strip from existing statuses, 8px panels, table action buttons, form/filter chrome|Remaining: Stitch wait-time, avatars, department tabs, and priority capsules are not in V7 data|TEST_INFRA_LIMITATION: no live browser MATCHED",none_detected,remaining,4
12272131183982732110,9429b14e9ea243ad93aec4a486db93e9,P03 – Reschedule Appointment – Mobile,MOBILE,P03,/app/appointments/:appointmentId/reschedule,views/activeclinic/app/appointment-form-content.ejs,MULTIPLE_STITCH_TO_ONE_IMPLEMENTATION,90,NEEDS_WORK,"Phase7C: queue metric strip from existing statuses, 8px panels, table action buttons, form/filter chrome|Remaining: Stitch wait-time, avatars, department tabs, and priority capsules are not in V7 data|TEST_INFRA_LIMITATION: no live browser MATCHED",none_detected,remaining,4
12272131183982732110,33a522e2f4eb45c9bdbede9ba34e0bee,P04 – Diagnosis Entry,DESKTOP,P04,/app/clinical/encounter/:encounterId/diagnosis,views/activeclinic/app/diagnosis-entry-content.ejs,EXACT_IMPLEMENTATION_MATCH,90,NEEDS_WORK,"Phase7C: workspace panels, SOAP grid, clinical form sections, queue metric, status chips|Remaining: Stitch triage-priority / wait-time columns and consult action variants not in V7 encounter list|TEST_INFRA_LIMITATION: no live browser MATCHED",none_detected,remaining,4
12272131183982732110,7959616d1673403ba3bf6ff71d18a77b,P04 – Nursing Intake – Desktop,DESKTOP,P04,/app/clinical/encounter/:encounterId/nursing-intake,views/activeclinic/app/nursing-intake-content.ejs,EXACT_IMPLEMENTATION_MATCH,90,NEEDS_WORK,"Phase7C: workspace panels, SOAP grid, clinical form sections, queue metric, status chips|Remaining: Stitch triage-priority / wait-time columns and consult action variants not in V7 encounter list|TEST_INFRA_LIMITATION: no live browser MATCHED",none_detected,remaining,4
12272131183982732110,00a95c467df2414fb8c6dea108170b04,P05 – Dispensing Confirmation,DESKTOP,P05,/app/pharmacy/prescriptions/:id/dispense/confirm,views/activeclinic/app/pharmacy-dispense-confirm-content.ejs,EXACT_IMPLEMENTATION_MATCH,90,NEEDS_WORK,"Phase7C: shared 8px panels, detail lists, table actions, form field heights|Remaining: Stitch pharmacy workbench chrome (batch drawer, featured layout) still denser than V7 combined screens|TEST_INFRA_LIMITATION: no live browser MATCHED",none_detected,remaining,4
12272131183982732110,97138791742e4338a34811a6fd7e464d,P05 – Dispensing Review – Desktop,DESKTOP,P05,/app/pharmacy/prescriptions/:id/dispense,views/activeclinic/app/pharmacy-dispense-content.ejs,EXACT_IMPLEMENTATION_MATCH,90,NEEDS_WORK,"Phase7C: shared 8px panels, detail lists, table actions, form field heights|Remaining: Stitch pharmacy workbench chrome (batch drawer, featured layout) still denser than V7 combined screens|TEST_INFRA_LIMITATION: no live browser MATCHED",none_detected,remaining,4
12272131183982732110,7cffba8bdac84abda7a8d31951d1948f,P05 – Patient Medicine Instructions – Mobile,MOBILE,P05,/app/pharmacy/prescriptions/:id/instructions,views/activeclinic/app/pharmacy-medicine-instructions-content.ejs,EXACT_IMPLEMENTATION_MATCH,90,NEEDS_WORK,"Phase7C: shared 8px panels, detail lists, table actions, form field heights|Remaining: Stitch pharmacy workbench chrome (batch drawer, featured layout) still denser than V7 combined screens|TEST_INFRA_LIMITATION: no live browser MATCHED",none_detected,remaining,4
17813606734422395399,dba48eeff55343cc95f1876c76388ce6,P23 - Juflona Public - Doctors - Desktop,DESKTOP,P23,/clinics/:clinicKey/doctors,views/activeclinic/tenant/doctors.ejs,MULTIPLE_STITCH_TO_ONE_IMPLEMENTATION,90,NEEDS_WORK,"Phase7B: Our Doctors heading, 8px cards, 3-col desktop, display type|Remaining: Stitch hero photo, department chips, Featured badge, doctor search not in V7 source|TEST_INFRA_LIMITATION: no live browser MATCHED",possible_asset_gap,P1 + score <90,3
17813606734422395399,a59b166b17ff4c1b8514102aedaeef57,P23 - Juflona Public - Public Price Patterns - Desktop,DESKTOP,P23,/clinics/:clinicKey/pricing,views/activeclinic/tenant/pricing.ejs,MULTIPLE_STITCH_TO_ONE_IMPLEMENTATION,90,NEEDS_WORK,"Phase7C: procedure detail meta card / pricing lede aligned to public tokens|Remaining: Stitch sample fees, Bookable chips, and hero photography not copied|TEST_INFRA_LIMITATION: no live browser MATCHED",none_detected,remaining,4
17813606734422395399,b887c39d2de947fda062d568b641f229,P23 - Juflona Public - Procedure Service Detail - Desktop,DESKTOP,P23,/clinics/:clinicKey/procedures/:procedureKey,views/activeclinic/tenant/procedure-detail.ejs,MULTIPLE_STITCH_TO_ONE_IMPLEMENTATION,90,NEEDS_WORK,"Phase7C: procedure detail meta card / pricing lede aligned to public tokens|Remaining: Stitch sample fees, Bookable chips, and hero photography not copied|TEST_INFRA_LIMITATION: no live browser MATCHED",none_detected,remaining,4
17813606734422395399,3410067aec51400d95936b34efd85e46,P21 - ActiveClinic Public - Clinic Onboarding Server Error - Desktop,DESKTOP,P21,/register-clinic,views/activeclinic/public/register-clinic-server-error.ejs,MULTIPLE_STITCH_TO_ONE_IMPLEMENTATION,84,NEEDS_WORK,Pass2: state card treatment,none_detected,remaining,4
17813606734422395399,8c33ca1f083c494fa4b2143e3a3e45d3,P21 - ActiveClinic Public - Clinic Onboarding Server Error - Mobile,MOBILE,P21,/register-clinic,views/activeclinic/public/register-clinic-server-error.ejs,MULTIPLE_STITCH_TO_ONE_IMPLEMENTATION,84,NEEDS_WORK,Pass2: state card treatment,none_detected,remaining,4
17813606734422395399,341517f50f3f4fce85e4715f41e12b3c,P21 - ActiveClinic Public - Clinic Onboarding Validation Error - Desktop,DESKTOP,P21,/register-clinic,views/activeclinic/public/register-clinic.ejs,MULTIPLE_STITCH_TO_ONE_IMPLEMENTATION,84,NEEDS_WORK,Pass2: validation summary retained,none_detected,remaining,4
17813606734422395399,9a4d8a72068e4fec88cb7eadab0a4dd4,P21 - ActiveClinic Public - Clinic Onboarding Validation Error - Mobile,MOBILE,P21,/register-clinic,views/activeclinic/public/register-clinic.ejs,MULTIPLE_STITCH_TO_ONE_IMPLEMENTATION,84,NEEDS_WORK,Pass2: validation summary retained,none_detected,remaining,4
17813606734422395399,a45f68ec92f8495d8f5cd1aa42831e88,P21 - ActiveClinic Public - Clinic Onboarding - Desktop,DESKTOP,P21,/register-clinic,views/activeclinic/public/register-clinic.ejs,MULTIPLE_STITCH_TO_ONE_IMPLEMENTATION,86,NEEDS_WORK,Pass2: onboarding progress + form shell|PhoneField preserved,none_detected,remaining,4
17813606734422395399,18f6b1a32e464e8c93f977f918e05500,P21 - ActiveClinic Public - Clinic Onboarding - Mobile,MOBILE,P21,/register-clinic,views/activeclinic/public/register-clinic.ejs,MULTIPLE_STITCH_TO_ONE_IMPLEMENTATION,86,NEEDS_WORK,Pass2: onboarding progress + form shell|PhoneField preserved,none_detected,remaining,4
17813606734422395399,fa556d169e1a44b38a65770869bf2c09,P21 - ActiveClinic Public - Clinic Onboarding Review - Desktop,DESKTOP,P21,/register-clinic,views/activeclinic/public/register-clinic-review.ejs,MULTIPLE_STITCH_TO_ONE_IMPLEMENTATION,86,NEEDS_WORK,Pass2: onboarding progress + form shell|PhoneField preserved,none_detected,remaining,4
17813606734422395399,ea3abfe05bcc4e6a96eeba72dfea5d38,P22 - Juflona Clinic - Closed or Unavailable - Desktop,DESKTOP,P22,/clinics/:clinicKey/*,views/activeclinic/tenant/clinic-unavailable.ejs,MULTIPLE_STITCH_TO_ONE_IMPLEMENTATION,86,NEEDS_WORK,Pass2: state card,none_detected,remaining,4
17813606734422395399,4df57c6409904d9aadd5841987aa315f,P22 - Juflona Clinic - Closed or Unavailable - Mobile,MOBILE,P22,/clinics/:clinicKey/*,views/activeclinic/tenant/clinic-unavailable.ejs,MULTIPLE_STITCH_TO_ONE_IMPLEMENTATION,86,NEEDS_WORK,Pass2: state card,none_detected,remaining,4
17813606734422395399,0d8b62deaeb843a99f02f844a5d00ebd,P22 - Juflona Clinic - Not Found - Desktop,DESKTOP,P22,/clinics/:clinicKey/*,views/activeclinic/tenant/clinic-not-found.ejs,MULTIPLE_STITCH_TO_ONE_IMPLEMENTATION,86,NEEDS_WORK,Pass2: state card,none_detected,remaining,4
17813606734422395399,e4668b043467417295bdb7c41836a344,P22 - Juflona Clinic - Not Found - Mobile,MOBILE,P22,/clinics/:clinicKey/*,views/activeclinic/tenant/clinic-not-found.ejs,MULTIPLE_STITCH_TO_ONE_IMPLEMENTATION,86,NEEDS_WORK,Pass2: state card,none_detected,remaining,4
17813606734422395399,f9f8853209fb42ebb1ef71cdb97145ba,P21 - ActiveClinic Public - Clinic Onboarding Success - Desktop,DESKTOP,P21,/register-clinic/success,views/activeclinic/public/register-clinic-success.ejs,MULTIPLE_STITCH_TO_ONE_IMPLEMENTATION,88,NEEDS_WORK,Pass2: confirmation panel language,none_detected,remaining,4
17813606734422395399,7f422dccacea4a5c93932db627522000,P21 - ActiveClinic Public - Clinic Onboarding Success - Mobile,MOBILE,P21,/register-clinic/success,views/activeclinic/public/register-clinic-success.ejs,MULTIPLE_STITCH_TO_ONE_IMPLEMENTATION,88,NEEDS_WORK,Pass2: confirmation panel language,none_detected,remaining,4
17813606734422395399,38abfa8767f4492ca11895b4f360effe,P22 - Juflona Public - About - Desktop,DESKTOP,P22,/clinics/:clinicKey/about,views/activeclinic/tenant/about.ejs,MULTIPLE_STITCH_TO_ONE_IMPLEMENTATION,88,NEEDS_WORK,Pass2: tenant about hero + prose,none_detected,remaining,4
17813606734422395399,254bcedf197b4b0794c9df173f8a6857,P21 - ActiveClinic Public - Clinic Onboarding Review - Mobile,MOBILE,P21,/register-clinic,views/activeclinic/public/register-clinic-review.ejs,MULTIPLE_STITCH_TO_ONE_IMPLEMENTATION,89,NEEDS_WORK,Pass2: onboarding progress + form shell|PhoneField preserved,none_detected,remaining,4
17813606734422395399,61bcf76807744d898c859ed1078236b5,P22 - Demo Clinic - Services - Desktop,DESKTOP,P22,/clinics/:clinicKey/services,views/activeclinic/tenant/services.ejs,MULTIPLE_STITCH_TO_ONE_IMPLEMENTATION,91,NEEDS_WORK,"Phase7B: 8px cards, 3-col desktop, display type|Remaining: Stitch Services Directory chips / Bookable badges / duration-price chrome vs V7 consultation+procedure lists|TEST_INFRA_LIMITATION: no live browser MATCHED",none_detected,remaining,4
12272131183982732110,8731b06bbfa747e98e05372c9aafb3e9,Access Restricted,DESKTOP,P01,(access-state),views/activeclinic/app/access-state.ejs,EXACT_IMPLEMENTATION_MATCH,90,MINOR_VARIANCE,Pass5: mapped to shared access-restricted taxonomy,none_detected,remaining,4
12272131183982732110,390032bf54ca44ee851673a4800f9af3,P01 – Dashboard – Desktop,DESKTOP,P01,/app,views/activeclinic/app/home-content.ejs,MULTIPLE_STITCH_TO_ONE_IMPLEMENTATION,91,MINOR_VARIANCE,Phase7B: dashboard stat/panel radius 8px|Remaining: Stitch operational metric layout vs V7 setup/welcome dashboard|TEST_INFRA_LIMITATION: no live browser MATCHED,none_detected,remaining,4
12272131183982732110,9b881d25874c41f9986246c61de32f41,P01 – Shared States – Desktop,DESKTOP,P01,(access-state),views/activeclinic/app/access-state.ejs,ONE_STITCH_TO_MULTIPLE_IMPLEMENTATIONS,90,MINOR_VARIANCE,"State card now loads tokens.css; radius/padding tightened|Iconography still emoji, not Stitch illustration|Pixel MATCHED not completed in browser",none_detected,remaining,4
12272131183982732110,91e41fecc2b64496893b52317b7ab985,P02 – Duplicate Patient Warning,DESKTOP,P02,/app/patients/new,views/activeclinic/app/patient-form-content.ejs,MULTIPLE_STITCH_TO_ONE_IMPLEMENTATION,90,MINOR_VARIANCE,Find/Details/Review stepper + section cards added|Stitch still shows separate Identity/Contact/Emergency artboards; V7 is condensed one-form|Pixel MATCHED not completed in browser,none_detected,remaining,4
12272131183982732110,0c3315d05469499d9b645bc7978001bf,P02 – Edit Patient Details – Desktop,DESKTOP,P02,/app/patients/:patientNumber/edit,views/activeclinic/app/patient-form-content.ejs,MULTIPLE_STITCH_TO_ONE_IMPLEMENTATION,90,MINOR_VARIANCE,Find/Details/Review stepper + section cards added|Stitch still shows separate Identity/Contact/Emergency artboards; V7 is condensed one-form|Pixel MATCHED not completed in browser,none_detected,remaining,4
12272131183982732110,4c6a5fe1c21c46709679f3707b8bf4dc,P02 – Edit Patient Details – Mobile,MOBILE,P02,/app/patients/:patientNumber/edit,views/activeclinic/app/patient-form-content.ejs,MULTIPLE_STITCH_TO_ONE_IMPLEMENTATION,90,MINOR_VARIANCE,Find/Details/Review stepper + section cards added|Stitch still shows separate Identity/Contact/Emergency artboards; V7 is condensed one-form|Pixel MATCHED not completed in browser,none_detected,remaining,4
12272131183982732110,58bd5e04f71340ff8d067721eb5562d4,P02 – Patient List – Mobile,MOBILE,P02,/app/patients,views/activeclinic/app/patients-list-content.ejs,MULTIPLE_STITCH_TO_ONE_IMPLEMENTATION,90,MINOR_VARIANCE,Mobile card list already present; card radius/shadow tightened|Filter bar still denser than Stitch mobile search-first|Pixel MATCHED not completed in browser,none_detected,remaining,4
12272131183982732110,1a15f0bf4e564c4993ca33aa2d578a58,P02 – Patient Profile Overview – Desktop,DESKTOP,P02,/app/patients/:patientNumber,views/activeclinic/app/patient-profile-content.ejs,MULTIPLE_STITCH_TO_ONE_IMPLEMENTATION,90,MINOR_VARIANCE,Shared 7A shell/card/typography tokens applied|Pixel MATCHED not completed in browser,none_detected,remaining,4
12272131183982732110,99eb441b48a24fa19855e76669c0da86,P02 – Patient Profile Overview – Mobile,MOBILE,P02,/app/patients/:patientNumber,views/activeclinic/app/patient-profile-content.ejs,MULTIPLE_STITCH_TO_ONE_IMPLEMENTATION,90,MINOR_VARIANCE,Pass3: patient banner + section panels|TEST_INFRA_LIMITATION: no browser MATCHED,none_detected,remaining,4
12272131183982732110,b9615559155d41d591dbb91e18c6a090,P02 – Patient Registration Success – Mobile,MOBILE,P02,/app/patients,views/activeclinic/app/patient-success-content.ejs,MULTIPLE_STITCH_TO_ONE_IMPLEMENTATION,90,MINOR_VARIANCE,Success kicker + panel chrome added|No celebratory illustration (no approved Stitch asset downloaded)|Pixel MATCHED not completed in browser,none_detected,remaining,4
12272131183982732110,f98b2e6f2a4a4953a4d811af7b3737a2,P02 – Patient Shared States – Desktop,DESKTOP,P02,/app/patients,views/activeclinic/app/patients-list-content.ejs,ONE_STITCH_TO_MULTIPLE_IMPLEMENTATIONS,90,MINOR_VARIANCE,Mobile card list already present; card radius/shadow tightened|Filter bar still denser than Stitch mobile search-first|Pixel MATCHED not completed in browser,none_detected,remaining,4
12272131183982732110,e1ef5e5d8a1840bcbf1f4dc859f7b812,P02 – Register Patient Contact – Desktop,DESKTOP,P02,/app/patients/new,views/activeclinic/app/patient-form-content.ejs,MULTIPLE_STITCH_TO_ONE_IMPLEMENTATION,90,MINOR_VARIANCE,Find/Details/Review stepper + section cards added|Stitch still shows separate Identity/Contact/Emergency artboards; V7 is condensed one-form|Pixel MATCHED not completed in browser,none_detected,remaining,4
12272131183982732110,44fb7852e24f4f7f9f6b355a195fd250,P02 – Register Patient Contact – Mobile,MOBILE,P02,/app/patients/new,views/activeclinic/app/patient-form-content.ejs,MULTIPLE_STITCH_TO_ONE_IMPLEMENTATION,90,MINOR_VARIANCE,Find/Details/Review stepper + section cards added|Stitch still shows separate Identity/Contact/Emergency artboards; V7 is condensed one-form|Pixel MATCHED not completed in browser,none_detected,remaining,4
12272131183982732110,026d2e6c69cd4181a282213ba1bb55da,P02 – Register Patient Emergency and Medical – Desktop,DESKTOP,P02,/app/patients/new,views/activeclinic/app/patient-form-content.ejs,MULTIPLE_STITCH_TO_ONE_IMPLEMENTATION,90,MINOR_VARIANCE,Find/Details/Review stepper + section cards added|Stitch still shows separate Identity/Contact/Emergency artboards; V7 is condensed one-form|Pixel MATCHED not completed in browser,none_detected,remaining,4
12272131183982732110,7a495a471fed49b098de3c1605eda76e,P02 – Register Patient Emergency and Medical – Mobile,MOBILE,P02,/app/patients/new,views/activeclinic/app/patient-form-content.ejs,MULTIPLE_STITCH_TO_ONE_IMPLEMENTATION,90,MINOR_VARIANCE,Find/Details/Review stepper + section cards added|Stitch still shows separate Identity/Contact/Emergency artboards; V7 is condensed one-form|Pixel MATCHED not completed in browser,none_detected,remaining,4
12272131183982732110,40d2005b64864f35ac8df831ddae7084,P02 – Register Patient Identity – Desktop,DESKTOP,P02,/app/patients/new,views/activeclinic/app/patient-form-content.ejs,MULTIPLE_STITCH_TO_ONE_IMPLEMENTATION,90,MINOR_VARIANCE,Find/Details/Review stepper + section cards added|Stitch still shows separate Identity/Contact/Emergency artboards; V7 is condensed one-form|Pixel MATCHED not completed in browser,none_detected,remaining,4
12272131183982732110,8ef4b4d96f1f4224994d0c627bb7550e,P02 – Register Patient Review – Desktop,DESKTOP,P02,/app/patients/new,views/activeclinic/app/patient-form-content.ejs,MULTIPLE_STITCH_TO_ONE_IMPLEMENTATION,90,MINOR_VARIANCE,Find/Details/Review stepper + section cards added|Stitch still shows separate Identity/Contact/Emergency artboards; V7 is condensed one-form|Pixel MATCHED not completed in browser,none_detected,remaining,4
12272131183982732110,a6d496f38f8e4d5cb8eb4d91667c6db7,P02 – Register Patient Review – Mobile,MOBILE,P02,/app/patients/new,views/activeclinic/app/patient-form-content.ejs,MULTIPLE_STITCH_TO_ONE_IMPLEMENTATION,90,MINOR_VARIANCE,Find/Details/Review stepper + section cards added|Stitch still shows separate Identity/Contact/Emergency artboards; V7 is condensed one-form|Pixel MATCHED not completed in browser,none_detected,remaining,4
12272131183982732110,83495a7aea6547ce873af695fcb5f604,P05 – Add Medicine,DESKTOP,P05,/app/pharmacy/catalogue/new,views/activeclinic/app/pharmacy-add-medicine-content.ejs,EXACT_IMPLEMENTATION_MATCH,90,NEEDS_WORK,Pass5: mapped existing route,none_detected,remaining,4
12272131183982732110,fcba0b2ed1334eacad9647e597f66959,P05 – Expiry Alerts – Desktop,DESKTOP,P05,/app/pharmacy/alerts/expiry,views/activeclinic/app/pharmacy-expiry-alerts-content.ejs,EXACT_IMPLEMENTATION_MATCH,90,NEEDS_WORK,Pass5: mapped,none_detected,remaining,4
12272131183982732110,553dd601642d41abb89cf4c7127c221a,P05 – Low Stock Alerts – Desktop,DESKTOP,P05,/app/pharmacy/alerts/low-stock,views/activeclinic/app/pharmacy-low-stock-content.ejs,EXACT_IMPLEMENTATION_MATCH,90,NEEDS_WORK,Pass5: mapped,none_detected,remaining,4
12272131183982732110,b5e534cf921d460c9774c2772ab688e9,P05 – Medicine Catalogue – Desktop,DESKTOP,P05,/app/pharmacy/catalogue,views/activeclinic/app/pharmacy-catalogue-content.ejs,EXACT_IMPLEMENTATION_MATCH,90,NEEDS_WORK,Pass5: mapped,none_detected,remaining,4
12272131183982732110,20a62e6f34ef422b8262750b0fe9788a,P05 – Medicine Detail – Desktop,DESKTOP,P05,/app/pharmacy/catalogue/:id,views/activeclinic/app/pharmacy-medicine-detail-content.ejs,EXACT_IMPLEMENTATION_MATCH,90,NEEDS_WORK,Pass5: mapped,none_detected,remaining,4
12272131183982732110,4d83f5c845ae4d91b805a1dfd6a7268d,P05 – Pharmacy Dashboard – Desktop,DESKTOP,P05,/app/pharmacy,views/activeclinic/app/pharmacy-dashboard-content.ejs,EXACT_IMPLEMENTATION_MATCH,90,MINOR_VARIANCE,Pass3: metric + action card layout|TEST_INFRA_LIMITATION: no browser MATCHED,none_detected,remaining,4
12272131183982732110,f53854e6c18e45a094a0bab86e011e5b,P06 – Critical Result Alert,DESKTOP,P06,/app/diagnostics/critical-alert/:resultId,views/activeclinic/app/diagnostics-critical-result-alert-content.ejs,EXACT_IMPLEMENTATION_MATCH,90,NEEDS_WORK,Pass5: mapped,none_detected,remaining,4
12272131183982732110,ece0b9d1d9384f5d8c1e3b944f122e47,P07 – Billing Dashboard – Desktop,DESKTOP,P07,/app/billing,views/activeclinic/app/billing-dashboard-content.ejs,MULTIPLE_STITCH_TO_ONE_IMPLEMENTATION,90,MINOR_VARIANCE,Pass3: money hierarchy + action cards|TEST_INFRA_LIMITATION: no browser MATCHED,none_detected,remaining,4
12272131183982732110,02e8083e943d40deb9429b95a294ae30,P07 – Cash Count – Desktop,DESKTOP,P07,/app/cashier/close/cash-count,views/activeclinic/app/cashier-close-cash-count-content.ejs,EXACT_IMPLEMENTATION_MATCH,90,MINOR_VARIANCE,Metric grid + session panel aligned to dashboard pattern|Stitch cashier may show denser till widgets|Pixel MATCHED not completed in browser,none_detected,remaining,4
12272131183982732110,d3e2ff001f694720b57371ef1a60d517,P07 – Cashier Closing – Desktop,DESKTOP,P07,/app/cashier/close/review,views/activeclinic/app/cashier-close-review-content.ejs,EXACT_IMPLEMENTATION_MATCH,90,MINOR_VARIANCE,Metric grid + session panel aligned to dashboard pattern|Stitch cashier may show denser till widgets|Pixel MATCHED not completed in browser,none_detected,remaining,4
12272131183982732110,792d5cbb6f234332a088399e4ccdd545,P07 – Cashier Dashboard – Desktop,DESKTOP,P07,/app/cashier,views/activeclinic/app/cashier-dashboard-content.ejs,EXACT_IMPLEMENTATION_MATCH,90,MINOR_VARIANCE,Metric grid + session panel aligned to dashboard pattern|Stitch cashier may show denser till widgets|Pixel MATCHED not completed in browser,none_detected,remaining,4
12272131183982732110,1c02fc47e49c4c9990646d94a9876986,P07 – Cashier Shift – Desktop,DESKTOP,P07,/app/cashier/open,views/activeclinic/app/cashier-open-content.ejs,MULTIPLE_STITCH_TO_ONE_IMPLEMENTATION,90,MINOR_VARIANCE,Metric grid + session panel aligned to dashboard pattern|Stitch cashier may show denser till widgets|Pixel MATCHED not completed in browser,none_detected,remaining,4
12272131183982732110,0d8cd08aba454a2f971d6cc4389d98d2,P07 – Cashier Shift – Mobile,MOBILE,P07,/app/cashier/open,views/activeclinic/app/cashier-open-content.ejs,MULTIPLE_STITCH_TO_ONE_IMPLEMENTATION,90,MINOR_VARIANCE,Metric grid + session panel aligned to dashboard pattern|Stitch cashier may show denser till widgets|Pixel MATCHED not completed in browser,none_detected,remaining,4
12272131183982732110,1cd25ed2bb7a4504a63095a015bd823b,P07 – Cashier Shift History – Desktop,DESKTOP,P07,/app/cashier/history,views/activeclinic/app/cashier-history-content.ejs,EXACT_IMPLEMENTATION_MATCH,90,MINOR_VARIANCE,Metric grid + session panel aligned to dashboard pattern|Stitch cashier may show denser till widgets|Pixel MATCHED not completed in browser,none_detected,remaining,4
12272131183982732110,7dd49983c4a840b9980fb4a92d486b3c,P07 – Cashier Variance – Desktop,DESKTOP,P07,/app/cashier/close/variance,views/activeclinic/app/cashier-close-variance-content.ejs,EXACT_IMPLEMENTATION_MATCH,90,MINOR_VARIANCE,Metric grid + session panel aligned to dashboard pattern|Stitch cashier may show denser till widgets|Pixel MATCHED not completed in browser,none_detected,remaining,4
12272131183982732110,b69484b43b074d6593f264d8df958d74,P07 – Create Price List – Desktop,DESKTOP,P07,/app/billing/catalog/new,views/activeclinic/app/billing-catalog-form-content.ejs,MULTIPLE_STITCH_TO_ONE_IMPLEMENTATION,90,NEEDS_WORK,Pass5: mapped,none_detected,remaining,4
12272131183982732110,778eee4267984f32bcedcc38ca720fa0,P07 – Financial Correction Access Restricted,DESKTOP,P07,(access-state),views/activeclinic/app/access-state.ejs,EXACT_IMPLEMENTATION_MATCH,90,MINOR_VARIANCE,Pass5: mapped to shared access-restricted taxonomy,none_detected,remaining,4
12272131183982732110,c2f068812d0b45809a214d6ba8399ae5,P07 – Open Cashier Shift – Desktop,DESKTOP,P07,/app/cashier/open,views/activeclinic/app/cashier-open-content.ejs,MULTIPLE_STITCH_TO_ONE_IMPLEMENTATION,90,MINOR_VARIANCE,Metric grid + session panel aligned to dashboard pattern|Stitch cashier may show denser till widgets|Pixel MATCHED not completed in browser,none_detected,remaining,4
12272131183982732110,a84263ac97b8484698dc36d00b498ffa,P07 – Patient Billing Account – Desktop,DESKTOP,P07,/app/billing/patients/:patientNumber,views/activeclinic/app/billing-patient-account-content.ejs,MULTIPLE_STITCH_TO_ONE_IMPLEMENTATION,90,MINOR_VARIANCE,Mobile record cards added; desktop tables unchanged|Stitch billing chrome (print/share row) not fully matched|Pixel MATCHED not completed in browser,none_detected,remaining,4
12272131183982732110,c15d892b327848a6a2897ae3a08a5803,P07 – Patient Billing Account – Mobile,MOBILE,P07,/app/billing/patients/:patientNumber,views/activeclinic/app/billing-patient-account-content.ejs,MULTIPLE_STITCH_TO_ONE_IMPLEMENTATION,90,MINOR_VARIANCE,Mobile record cards added; desktop tables unchanged|Stitch billing chrome (print/share row) not fully matched|Pixel MATCHED not completed in browser,none_detected,remaining,4
12272131183982732110,3f50a00be7624b36af773c181b2c562c,P07 – Patient Collections Account – Desktop,DESKTOP,P07,/app/billing/patients/:patientNumber,views/activeclinic/app/billing-patient-account-content.ejs,MULTIPLE_STITCH_TO_ONE_IMPLEMENTATION,90,MINOR_VARIANCE,Mobile record cards added; desktop tables unchanged|Stitch billing chrome (print/share row) not fully matched|Pixel MATCHED not completed in browser,none_detected,remaining,4
12272131183982732110,3735516f4ecb4624ac715c6f77e7810b,P07 – Patient Invoice – Mobile,MOBILE,P07,/app/billing/invoices/:invoiceId,views/activeclinic/app/billing-invoice-detail-content.ejs,MULTIPLE_STITCH_TO_ONE_IMPLEMENTATION,90,MINOR_VARIANCE,Mobile record cards added; desktop tables unchanged|Stitch billing chrome (print/share row) not fully matched|Pixel MATCHED not completed in browser,none_detected,remaining,4
12272131183982732110,46cc5311173d48adb99cafe18ea331c2,P07 – Price Lists – Desktop,DESKTOP,P07,/app/billing/catalog,views/activeclinic/app/billing-catalog-content.ejs,MULTIPLE_STITCH_TO_ONE_IMPLEMENTATION,90,NEEDS_WORK,Pass5: mapped,none_detected,remaining,4
12272131183982732110,1ab29b0691c04233a1c972ea99f24351,P07 – Service Catalogue – Mobile,MOBILE,P07,/app/billing/catalog,views/activeclinic/app/billing-catalog-content.ejs,MULTIPLE_STITCH_TO_ONE_IMPLEMENTATION,90,MINOR_VARIANCE,Mobile record cards added; desktop tables unchanged|Stitch billing chrome (print/share row) not fully matched|Pixel MATCHED not completed in browser,none_detected,remaining,4
12272131183982732110,c50a51a04a084f0badd48da9827aa11f,P13 – Account Security – Desktop,DESKTOP,P13,/app/settings/account,views/activeclinic/app/settings-account-content.ejs,ONE_STITCH_TO_MULTIPLE_IMPLEMENTATIONS,90,NEEDS_WORK,Pass5: mapped,none_detected,remaining,4
12272131183982732110,5307efdd84a4432b9f50ffc11f74728f,P13 – Roles and Access – Desktop,DESKTOP,P13,/app/access,views/activeclinic/app/access-content.ejs,MULTIPLE_STITCH_TO_ONE_IMPLEMENTATION,90,NEEDS_WORK,Pass5: mapped,none_detected,remaining,4
12272131183982732110,4abbdd1d655045e697922c3b209c9e15,P13 – Set Initial Password,MOBILE,P13,/activate/:token,views/activeclinic/auth/activate.ejs,MULTIPLE_STITCH_TO_ONE_IMPLEMENTATION,90,NEEDS_WORK,Pass5: mapped,none_detected,remaining,4
17813606734422395399,22391e15f8c34fc5b23927b4e7644120,P21 - ActiveClinic Public - Home - Desktop,DESKTOP,P21,/,views/activeclinic/public/home.ejs,MULTIPLE_STITCH_TO_ONE_IMPLEMENTATION,93,MINOR_VARIANCE,"Phase7B: Stitch tokens (bg #f8f9ff, display 32/40, 48px/2px buttons, 50/50 hero, teal headline)|Remaining: Stitch illustration vs local photo; mid-page architecture (V7 product sections vs Stitch journey/capability cards)|TEST_INFRA_LIMITATION: no live browser MATCHED at 1440",possible_asset_gap,remaining,4
17813606734422395399,911e3c7f4fdd4016bedea8641aad2c6f,P22 - Demo Clinic - Doctors - Mobile,MOBILE,P22,/clinics/:clinicKey/doctors,views/activeclinic/tenant/doctors.ejs,MULTIPLE_STITCH_TO_ONE_IMPLEMENTATION,91,MINOR_VARIANCE,"Phase7B: Our Doctors heading, 8px cards, 3-col desktop, display type|Remaining: Stitch hero photo, department chips, Featured badge, doctor search not in V7 source|TEST_INFRA_LIMITATION: no live browser MATCHED",none_detected,remaining,4
17813606734422395399,38b42384631a423abd13f4f1d23ebd43,P22 - Demo Clinic - Pricing - Desktop,DESKTOP,P22,/clinics/:clinicKey/pricing,views/activeclinic/tenant/pricing.ejs,MULTIPLE_STITCH_TO_ONE_IMPLEMENTATION,91,MINOR_VARIANCE,"Phase7B: display type, 8px cards, 3-col desktop when prices exist|PRODUCT_DECISION_DIFFERENCE: Stitch shows sample Kwacha fees; V7 only lists clinic-published prices|TEST_INFRA_LIMITATION: no live browser MATCHED",none_detected,remaining,4
17813606734422395399,016440abad32484486a24c43d46a44f8,P22 - Juflona Clinic - Booking Entry - Desktop,DESKTOP,P22,/clinics/:clinicKey/book,views/activeclinic/booking/consultation-type.ejs,MULTIPLE_STITCH_TO_ONE_IMPLEMENTATION,90,MINOR_VARIANCE,Pass5: booking entry mapped,none_detected,remaining,4
17813606734422395399,7780a4d599b441a6be7695ff72b84107,P22 - Juflona Clinic - Pricing - Desktop,DESKTOP,P22,/clinics/:clinicKey/pricing,views/activeclinic/tenant/pricing.ejs,MULTIPLE_STITCH_TO_ONE_IMPLEMENTATION,91,MINOR_VARIANCE,"Phase7B: display type, 8px cards, 3-col desktop when prices exist|PRODUCT_DECISION_DIFFERENCE: Stitch shows sample Kwacha fees; V7 only lists clinic-published prices|TEST_INFRA_LIMITATION: no live browser MATCHED",none_detected,remaining,4
17813606734422395399,4aa46e7ddb424bc690e16a246de28c6b,P22 - Juflona Public - About - Mobile,MOBILE,P22,/clinics/:clinicKey/about,views/activeclinic/tenant/about.ejs,MULTIPLE_STITCH_TO_ONE_IMPLEMENTATION,90,MINOR_VARIANCE,Pass2: tenant about hero + prose,none_detected,remaining,4
17813606734422395399,a1a662f6a5c342df8783414bff11a866,P22 - Juflona Public - Contact - Desktop,DESKTOP,P22,/clinics/:clinicKey/contact,views/activeclinic/tenant/contact.ejs,MULTIPLE_STITCH_TO_ONE_IMPLEMENTATION,90,MINOR_VARIANCE,Form/aside spacing still tighter than Stitch|map/asset treatment differs,possible_asset_gap,remaining,4
17813606734422395399,5adb49b9a1a940a581eeaca83524c7f1,P22 - Juflona Public - Patient Information - Desktop,DESKTOP,P22,/clinics/:clinicKey/patient-information,views/activeclinic/tenant/patient-information.ejs,MULTIPLE_STITCH_TO_ONE_IMPLEMENTATION,90,MINOR_VARIANCE,Pass5: mapped,none_detected,remaining,4
17813606734422395399,ab5711022ce84342b2e9ecfae818d78e,P22 - Juflona Public - Privacy - Desktop,DESKTOP,P22,/clinics/:clinicKey/privacy,views/activeclinic/tenant/privacy.ejs,MULTIPLE_STITCH_TO_ONE_IMPLEMENTATION,90,MINOR_VARIANCE,Pass5: mapped,none_detected,remaining,4
17813606734422395399,45a9c24fcbfe4bbdb739452308397b95,P22 - Juflona Public - Privacy - Mobile,MOBILE,P22,/clinics/:clinicKey/privacy,views/activeclinic/tenant/privacy.ejs,MULTIPLE_STITCH_TO_ONE_IMPLEMENTATION,90,MINOR_VARIANCE,Pass5: mapped,none_detected,remaining,4
17813606734422395399,2a7f744da5a44fc68c1f1bfeafba67ff,P22 - Juflona Public - Terms - Desktop,DESKTOP,P22,/clinics/:clinicKey/terms,views/activeclinic/tenant/terms.ejs,MULTIPLE_STITCH_TO_ONE_IMPLEMENTATION,90,MINOR_VARIANCE,Pass5: mapped,none_detected,remaining,4
17813606734422395399,a789772602dc4e2bac342970ca833751,P22 - Juflona Public - Terms - Mobile,MOBILE,P22,/clinics/:clinicKey/terms,views/activeclinic/tenant/terms.ejs,MULTIPLE_STITCH_TO_ONE_IMPLEMENTATION,90,MINOR_VARIANCE,Pass5: mapped,none_detected,remaining,4
17813606734422395399,e6205fec780046f5bb006c669276a5c5,P23 - Juflona Public - Consultation Service Detail - Mobile,MOBILE,P23,/clinics/:clinicKey/services/:serviceKey,views/activeclinic/tenant/service-detail.ejs,MULTIPLE_STITCH_TO_ONE_IMPLEMENTATION,90,MINOR_VARIANCE,Cards restyled|pricing still sparse,none_detected,remaining,4
17813606734422395399,64cf5e42e55c4f9fbcebaf59a6940f5b,P23 - Juflona Public - Doctor Profile - Mobile,MOBILE,P23,/clinics/:clinicKey/doctors/:staffKey,views/activeclinic/tenant/doctor-profile.ejs,MULTIPLE_STITCH_TO_ONE_IMPLEMENTATION,90,MINOR_VARIANCE,Cards restyled|pricing still sparse,none_detected,remaining,4
17813606734422395399,dae36b9307f149d9ad4989a16eec975d,P23 - Juflona Public - Doctors - Mobile,MOBILE,P23,/clinics/:clinicKey/doctors,views/activeclinic/tenant/doctors.ejs,MULTIPLE_STITCH_TO_ONE_IMPLEMENTATION,91,MINOR_VARIANCE,"Phase7B: Our Doctors heading, 8px cards, 3-col desktop, display type|Remaining: Stitch hero photo, department chips, Featured badge, doctor search not in V7 source|TEST_INFRA_LIMITATION: no live browser MATCHED",possible_asset_gap,remaining,4
17813606734422395399,8a5894d5bc294a90ae7c8a83ec159230,P23 - Juflona Public - Doctors States - Mobile,MOBILE,P23,/clinics/:clinicKey/doctors,views/activeclinic/tenant/doctors.ejs,MULTIPLE_STITCH_TO_ONE_IMPLEMENTATION,91,MINOR_VARIANCE,"Phase7B: Our Doctors heading, 8px cards, 3-col desktop, display type|Remaining: Stitch hero photo, department chips, Featured badge, doctor search not in V7 source|TEST_INFRA_LIMITATION: no live browser MATCHED",possible_asset_gap,remaining,4
17813606734422395399,9f712f5799384727bb06b415618dd186,P23 - Juflona Public - Informational Service Detail - Mobile,MOBILE,P23,/clinics/:clinicKey/services/:serviceKey,views/activeclinic/tenant/service-detail.ejs,MULTIPLE_STITCH_TO_ONE_IMPLEMENTATION,90,MINOR_VARIANCE,Cards restyled|pricing still sparse,none_detected,remaining,4
17813606734422395399,c158c997d0db4d6bb2b228164441ab37,P23 - Juflona Public - Service States - Mobile,MOBILE,P23,/clinics/:clinicKey/services,views/activeclinic/tenant/services.ejs,MULTIPLE_STITCH_TO_ONE_IMPLEMENTATION,90,MINOR_VARIANCE,Cards restyled|pricing still sparse,none_detected,remaining,4
17813606734422395399,e0b4b500de47418cb4df06df8a65428b,P23 - Juflona Public - Services - Mobile,MOBILE,P23,/clinics/:clinicKey/services,views/activeclinic/tenant/services.ejs,MULTIPLE_STITCH_TO_ONE_IMPLEMENTATION,91,MINOR_VARIANCE,"Phase7B: 8px cards, 3-col desktop, display type|Remaining: Stitch Services Directory chips / Bookable badges / duration-price chrome vs V7 consultation+procedure lists|TEST_INFRA_LIMITATION: no live browser MATCHED",none_detected,remaining,4
17813606734422395399,d548137f807b40daaaaeff7fe2bcd0fa,P24 - Juflona Booking - Availability States - Mobile,MOBILE,P24,/clinics/:clinicKey/book/slot,views/activeclinic/booking/consultation-slot.ejs,MULTIPLE_STITCH_TO_ONE_IMPLEMENTATION,91,MINOR_VARIANCE,Phase7B: inherited public type scale (display 32/40) and 48px / 2px buttons|Remaining: wizard chrome vs dedicated Stitch artboards; booking is request-not-confirm|TEST_INFRA_LIMITATION: no live browser MATCHED,none_detected,remaining,4
17813606734422395399,4dc9024e5d6f4267bf6b5a8c6c80aa08,P24 - Juflona Booking - Form States - Mobile,MOBILE,P24,/clinics/:clinicKey/book,views/activeclinic/booking/consultation-type.ejs,ONE_STITCH_TO_MULTIPLE_IMPLEMENTATIONS,91,MINOR_VARIANCE,Phase7B: inherited public type scale (display 32/40) and 48px / 2px buttons|Remaining: wizard chrome vs dedicated Stitch artboards; booking is request-not-confirm|TEST_INFRA_LIMITATION: no live browser MATCHED,none_detected,remaining,4
17813606734422395399,c8dc05d3e0744fcf9f0030ccbe63a172,P24 - Juflona Booking - Mobile Navigation and Summary Pattern - Mobile,MOBILE,P24,/clinics/:clinicKey/book,views/activeclinic/partials/booking-wizard-progress.ejs,ONE_STITCH_TO_MULTIPLE_IMPLEMENTATIONS,91,MINOR_VARIANCE,Phase7B: inherited public type scale (display 32/40) and 48px / 2px buttons|Remaining: wizard chrome vs dedicated Stitch artboards; booking is request-not-confirm|TEST_INFRA_LIMITATION: no live browser MATCHED,none_detected,remaining,4
17813606734422395399,14b98caed9cc4b4889d77763373a0e28,P24 - Juflona Booking - Progress Patterns - Desktop,DESKTOP,P24,/clinics/:clinicKey/book,views/activeclinic/partials/booking-wizard-progress.ejs,MULTIPLE_STITCH_TO_ONE_IMPLEMENTATION,91,MINOR_VARIANCE,Phase7B: inherited public type scale (display 32/40) and 48px / 2px buttons|Remaining: wizard chrome vs dedicated Stitch artboards; booking is request-not-confirm|TEST_INFRA_LIMITATION: no live browser MATCHED,none_detected,remaining,4
17813606734422395399,12e5d96e8ac647f49d0cf66457da4b17,P24 - Juflona Booking - Request Submitted - Desktop,DESKTOP,P24,/clinics/:clinicKey/book/submit,views/activeclinic/booking/request-submitted.ejs,MULTIPLE_STITCH_TO_ONE_IMPLEMENTATION,91,MINOR_VARIANCE,Phase7B: inherited public type scale (display 32/40) and 48px / 2px buttons|Remaining: wizard chrome vs dedicated Stitch artboards; booking is request-not-confirm|TEST_INFRA_LIMITATION: no live browser MATCHED,none_detected,remaining,4
17813606734422395399,1167937cacc4424f852368d5179a7e7c,P24 - Juflona Booking - Review - Desktop,DESKTOP,P24,/clinics/:clinicKey/book/review,views/activeclinic/booking/consultation-review.ejs,MULTIPLE_STITCH_TO_ONE_IMPLEMENTATION,91,MINOR_VARIANCE,Phase7B: inherited public type scale (display 32/40) and 48px / 2px buttons|Remaining: wizard chrome vs dedicated Stitch artboards; booking is request-not-confirm|TEST_INFRA_LIMITATION: no live browser MATCHED,none_detected,remaining,4
17813606734422395399,bb250d93ee27449793869522211fb17c,P24 - Juflona Booking - SMS Notification States - Mobile,MOBILE,P24,/clinics/:clinicKey/book,views/activeclinic/partials/sms-honesty-note.ejs,MULTIPLE_STITCH_TO_ONE_IMPLEMENTATION,91,MINOR_VARIANCE,Phase7B: inherited public type scale (display 32/40) and 48px / 2px buttons|Remaining: wizard chrome vs dedicated Stitch artboards; booking is request-not-confirm|TEST_INFRA_LIMITATION: no live browser MATCHED,none_detected,remaining,4
17813606734422395399,bb4906f130374a72a21596d427c2af9d,P25 - Juflona Booking - Preparation States - Mobile,MOBILE,P25,/clinics/:clinicKey/book/procedures/:procedureKey,views/activeclinic/booking/procedure-info.ejs,MULTIPLE_STITCH_TO_ONE_IMPLEMENTATION,91,MINOR_VARIANCE,Phase7B: inherited public type scale (display 32/40) and 48px / 2px buttons|Remaining: wizard chrome vs dedicated Stitch artboards; booking is request-not-confirm|TEST_INFRA_LIMITATION: no live browser MATCHED,none_detected,remaining,4
17813606734422395399,2d5d9db651e046eabb65fdbc89b676e2,P25 - Juflona Booking - Procedure Form States - Mobile,MOBILE,P25,/clinics/:clinicKey/book/procedures/:procedureKey/patient,views/activeclinic/booking/procedure-patient.ejs,ONE_STITCH_TO_MULTIPLE_IMPLEMENTATIONS,91,MINOR_VARIANCE,Phase7B: inherited public type scale (display 32/40) and 48px / 2px buttons|Remaining: wizard chrome vs dedicated Stitch artboards; booking is request-not-confirm|TEST_INFRA_LIMITATION: no live browser MATCHED,none_detected,remaining,4
17813606734422395399,ea6f77fad9444fa3b3f04cf5178f9c72,P25 - Juflona Booking - Procedure Information - Desktop,DESKTOP,P25,/clinics/:clinicKey/book/procedures/:procedureKey,views/activeclinic/booking/procedure-info.ejs,EXACT_IMPLEMENTATION_MATCH,91,MINOR_VARIANCE,Phase7B: inherited public type scale (display 32/40) and 48px / 2px buttons|Remaining: wizard chrome vs dedicated Stitch artboards; booking is request-not-confirm|TEST_INFRA_LIMITATION: no live browser MATCHED,none_detected,remaining,4
17813606734422395399,2a64a22146ed4b2ca704d01d9cb18383,P25 - Juflona Booking - Procedure Patient Details - Desktop,DESKTOP,P25,/clinics/:clinicKey/book/procedures/:procedureKey/patient,views/activeclinic/booking/procedure-patient.ejs,EXACT_IMPLEMENTATION_MATCH,91,MINOR_VARIANCE,Phase7B: inherited public type scale (display 32/40) and 48px / 2px buttons|Remaining: wizard chrome vs dedicated Stitch artboards; booking is request-not-confirm|TEST_INFRA_LIMITATION: no live browser MATCHED,none_detected,remaining,4
17813606734422395399,e04f78111c6a43eb851a0db24cc2f001,P25 - Juflona Booking - Procedure Review - Desktop,DESKTOP,P25,/clinics/:clinicKey/book/procedures/:procedureKey/review,views/activeclinic/booking/procedure-review.ejs,EXACT_IMPLEMENTATION_MATCH,91,MINOR_VARIANCE,Phase7B: inherited public type scale (display 32/40) and 48px / 2px buttons|Remaining: wizard chrome vs dedicated Stitch artboards; booking is request-not-confirm|TEST_INFRA_LIMITATION: no live browser MATCHED,none_detected,remaining,4
17813606734422395399,6da5390fcac44722a37ae34f2ae82a11,P25 - Juflona Booking - Procedure Review - Mobile,MOBILE,P25,/clinics/:clinicKey/book/procedures/:procedureKey/review,views/activeclinic/booking/procedure-review.ejs,MULTIPLE_STITCH_TO_ONE_IMPLEMENTATION,91,MINOR_VARIANCE,Phase7B: inherited public type scale (display 32/40) and 48px / 2px buttons|Remaining: wizard chrome vs dedicated Stitch artboards; booking is request-not-confirm|TEST_INFRA_LIMITATION: no live browser MATCHED,none_detected,remaining,4
17813606734422395399,1e23d5e9dfa649aab7746c966b255a5f,P25 - Juflona Booking - Procedure Submitted - Desktop,DESKTOP,P25,/clinics/:clinicKey/book/procedures/:procedureKey,views/activeclinic/booking/request-submitted.ejs,MULTIPLE_STITCH_TO_ONE_IMPLEMENTATION,91,MINOR_VARIANCE,Phase7B: inherited public type scale (display 32/40) and 48px / 2px buttons|Remaining: wizard chrome vs dedicated Stitch artboards; booking is request-not-confirm|TEST_INFRA_LIMITATION: no live browser MATCHED,none_detected,remaining,4
17813606734422395399,042c455322b94242b289e4c5cee37fe8,P25 - Juflona Booking - Procedure Unavailable - Mobile,MOBILE,P25,/clinics/:clinicKey/book/procedures/:procedureKey,views/activeclinic/booking/procedure-unavailable.ejs,EXACT_IMPLEMENTATION_MATCH,91,MINOR_VARIANCE,Phase7B: inherited public type scale (display 32/40) and 48px / 2px buttons|Remaining: wizard chrome vs dedicated Stitch artboards; booking is request-not-confirm|TEST_INFRA_LIMITATION: no live browser MATCHED,none_detected,remaining,4
17813606734422395399,72428671e0fa4317bad44d3ccf367ea8,P25 - Juflona Booking - Referral Clarification - Mobile,MOBILE,P25,/clinics/:clinicKey/book/procedures/:procedureKey/referral,views/activeclinic/booking/procedure-referral.ejs,MULTIPLE_STITCH_TO_ONE_IMPLEMENTATION,91,MINOR_VARIANCE,Phase7B: inherited public type scale (display 32/40) and 48px / 2px buttons|Remaining: wizard chrome vs dedicated Stitch artboards; booking is request-not-confirm|TEST_INFRA_LIMITATION: no live browser MATCHED,none_detected,remaining,4
17813606734422395399,7377b7ca51e049048c10e34af2950bac,P25 - Juflona Booking - Referral Requirements - Desktop,DESKTOP,P25,/clinics/:clinicKey/book/procedures/:procedureKey/referral,views/activeclinic/booking/procedure-referral.ejs,EXACT_IMPLEMENTATION_MATCH,91,MINOR_VARIANCE,Phase7B: inherited public type scale (display 32/40) and 48px / 2px buttons|Remaining: wizard chrome vs dedicated Stitch artboards; booking is request-not-confirm|TEST_INFRA_LIMITATION: no live browser MATCHED,none_detected,remaining,4
17813606734422395399,28dd3dae170e43f88902aa3a1f26cdfe,P25 - Juflona Booking - Referral Requirements - Mobile,MOBILE,P25,/clinics/:clinicKey/book/procedures/:procedureKey/referral,views/activeclinic/booking/procedure-referral.ejs,MULTIPLE_STITCH_TO_ONE_IMPLEMENTATION,91,MINOR_VARIANCE,Phase7B: inherited public type scale (display 32/40) and 48px / 2px buttons|Remaining: wizard chrome vs dedicated Stitch artboards; booking is request-not-confirm|TEST_INFRA_LIMITATION: no live browser MATCHED,none_detected,remaining,4
17813606734422395399,95f3a0fc88f7490fbd7d46e649e6b61e,P25 - Juflona Booking - Resource Availability States - Mobile,MOBILE,P25,/clinics/:clinicKey/book/procedures/:procedureKey/time,views/activeclinic/booking/procedure-time.ejs,MULTIPLE_STITCH_TO_ONE_IMPLEMENTATION,91,MINOR_VARIANCE,Phase7B: inherited public type scale (display 32/40) and 48px / 2px buttons|Remaining: wizard chrome vs dedicated Stitch artboards; booking is request-not-confirm|TEST_INFRA_LIMITATION: no live browser MATCHED,none_detected,remaining,4
17813606734422395399,a0d78f650671453594236ad0ad1f727f,P26 - Juflona Booking - Booking Detail Completed - Desktop,DESKTOP,P26,/clinics/:clinicKey/my-booking,views/activeclinic/booking/my-booking-detail.ejs,MULTIPLE_STITCH_TO_ONE_IMPLEMENTATION,90,MINOR_VARIANCE,Pass2: status badge/banner system,none_detected,remaining,4
17813606734422395399,0a244c1b24f140368509e4f6f014a9fe,P26 - Juflona Booking - Booking Detail No-show - Desktop,DESKTOP,P26,/clinics/:clinicKey/my-booking,views/activeclinic/booking/my-booking-detail.ejs,MULTIPLE_STITCH_TO_ONE_IMPLEMENTATION,90,MINOR_VARIANCE,Confirmation cards + status banners|Status pattern screens share one detail template|Pixel MATCHED not completed in browser,none_detected,remaining,4
17813606734422395399,8e3e9337e8404c38b4f3e1dacdc7ba9c,P26 - Juflona Booking - Booking Detail Rescheduled - Desktop,DESKTOP,P26,/clinics/:clinicKey/my-booking,views/activeclinic/booking/my-booking-detail.ejs,MULTIPLE_STITCH_TO_ONE_IMPLEMENTATION,90,MINOR_VARIANCE,Pass2: status badge/banner system,none_detected,remaining,4
17813606734422395399,b18ffbdac9a644f8bea30734fc9368df,P26 - Juflona Booking - Booking Status Patterns - Desktop,DESKTOP,P26,/clinics/:clinicKey/my-booking,views/activeclinic/booking/my-booking-detail.ejs,MULTIPLE_STITCH_TO_ONE_IMPLEMENTATION,90,MINOR_VARIANCE,Confirmation cards + status banners|Status pattern screens share one detail template|Pixel MATCHED not completed in browser,none_detected,remaining,4
17813606734422395399,766528bda7e548ac93d381129023802f,P26 - Juflona Booking - Cancellation Request - Desktop,DESKTOP,P26,/clinics/:clinicKey/my-booking/cancel,views/activeclinic/booking/cancellation-review.ejs,MULTIPLE_STITCH_TO_ONE_IMPLEMENTATION,90,MINOR_VARIANCE,Confirmation cards + status banners|Status pattern screens share one detail template|Pixel MATCHED not completed in browser,none_detected,remaining,4
17813606734422395399,4685ca7800dd477faa561270dfe01cba,P26 - Juflona Booking - Cancellation Review - Desktop,DESKTOP,P26,/clinics/:clinicKey/my-booking/cancel,views/activeclinic/booking/cancellation-review.ejs,MULTIPLE_STITCH_TO_ONE_IMPLEMENTATION,90,MINOR_VARIANCE,Confirmation cards + status banners|Status pattern screens share one detail template|Pixel MATCHED not completed in browser,none_detected,remaining,4
17813606734422395399,f510ec7d017e426e86e801932011d346,P26 - Juflona Booking - Cancellation Submitted - Desktop,DESKTOP,P26,/clinics/:clinicKey/my-booking/cancel,views/activeclinic/booking/cancellation-submitted.ejs,MULTIPLE_STITCH_TO_ONE_IMPLEMENTATION,90,MINOR_VARIANCE,Confirmation cards + status banners|Status pattern screens share one detail template|Pixel MATCHED not completed in browser,none_detected,remaining,4
17813606734422395399,f30239e9267242c0af4dfbaf44bb2d20,P26 - Juflona Booking - Cancellation Submitted - Mobile,MOBILE,P26,/clinics/:clinicKey/my-booking/cancel,views/activeclinic/booking/cancellation-submitted.ejs,MULTIPLE_STITCH_TO_ONE_IMPLEMENTATION,90,MINOR_VARIANCE,Confirmation cards + status banners|Status pattern screens share one detail template|Pixel MATCHED not completed in browser,none_detected,remaining,4
17813606734422395399,a8ad8c9b489149d592cd9ca53a525e14,P26 - Juflona Booking - My Booking - Desktop,DESKTOP,P26,/clinics/:clinicKey/my-booking,views/activeclinic/booking/my-booking-lookup.ejs,MULTIPLE_STITCH_TO_ONE_IMPLEMENTATION,90,MINOR_VARIANCE,1) Stitch two-column guest lookup (ref+phone) vs access-token form (PRODUCT_DECISION) 2) missing lifestyle image column 3) nav is tenant shell not Lookup/My Bookings/Support,possible_asset_gap,remaining,4
17813606734422395399,4e84a1501ffa454b91221a4f32cfaabb,P26 - Juflona Booking - Pending Preference Change - Mobile,MOBILE,P26,/clinics/:clinicKey/my-booking,views/activeclinic/booking/my-booking-detail.ejs,MULTIPLE_STITCH_TO_ONE_IMPLEMENTATION,90,MINOR_VARIANCE,Confirmation cards + status banners|Status pattern screens share one detail template|Pixel MATCHED not completed in browser,none_detected,remaining,4
17813606734422395399,97540ef2e0244f97a2974c50835276c3,P26 - Juflona Booking - Reschedule Request - Desktop,DESKTOP,P26,/clinics/:clinicKey/my-booking/reschedule,views/activeclinic/booking/reschedule-review.ejs,MULTIPLE_STITCH_TO_ONE_IMPLEMENTATION,90,MINOR_VARIANCE,Confirmation cards + status banners|Status pattern screens share one detail template|Pixel MATCHED not completed in browser,none_detected,remaining,4
17813606734422395399,d968e9e9008d4987a5c4cdba86ab9a95,P26 - Juflona Booking - Reschedule Review - Desktop,DESKTOP,P26,/clinics/:clinicKey/my-booking/reschedule,views/activeclinic/booking/reschedule-review.ejs,MULTIPLE_STITCH_TO_ONE_IMPLEMENTATION,90,MINOR_VARIANCE,Confirmation cards + status banners|Status pattern screens share one detail template|Pixel MATCHED not completed in browser,none_detected,remaining,4
17813606734422395399,ba51a076b8ed49e0b4761f3068b56e41,P26 - Juflona Booking - Reschedule Submitted - Desktop,DESKTOP,P26,/clinics/:clinicKey/my-booking/reschedule,views/activeclinic/booking/reschedule-submitted.ejs,MULTIPLE_STITCH_TO_ONE_IMPLEMENTATION,90,MINOR_VARIANCE,Confirmation cards + status banners|Status pattern screens share one detail template|Pixel MATCHED not completed in browser,none_detected,remaining,4
17813606734422395399,684f5190840549698bd9237caedeccb3,P26 - Juflona Booking - Reschedule Submitted - Mobile,MOBILE,P26,/clinics/:clinicKey/my-booking/reschedule,views/activeclinic/booking/reschedule-submitted.ejs,MULTIPLE_STITCH_TO_ONE_IMPLEMENTATION,90,MINOR_VARIANCE,Confirmation cards + status banners|Status pattern screens share one detail template|Pixel MATCHED not completed in browser,none_detected,remaining,4
17813606734422395399,bb852d4218b9470981d9944eff62b1b4,P27 - Juflona Patient - Account Security - Desktop,DESKTOP,P27,/clinics/:clinicKey/patient/security,views/activeclinic/patient/security.ejs,EXACT_IMPLEMENTATION_MATCH,90,NEEDS_WORK,Pass5: mapped,none_detected,remaining,4
17813606734422395399,e506a5ea31c54b0abd9d7bba96c83ed8,P27 - Juflona Patient - Booking Detail - Desktop,DESKTOP,P27,/clinics/:clinicKey/patient/bookings/:reference,views/activeclinic/patient/booking-detail.ejs,EXACT_IMPLEMENTATION_MATCH,90,MINOR_VARIANCE,Pass5: mapped,none_detected,remaining,4
17813606734422395399,b3521756764f4a978c9244a2f5c3ae9e,P27 - Juflona Patient - Booking Filters - Mobile,MOBILE,P27,/clinics/:clinicKey/patient/bookings,views/activeclinic/patient/bookings.ejs,MULTIPLE_STITCH_TO_ONE_IMPLEMENTATION,90,MINOR_VARIANCE,"Portal filter chips, booking cards, honesty panels|No notification list artwork (honesty empty state)|Pixel MATCHED not completed in browser",none_detected,remaining,4
17813606734422395399,1bb70f70b2d442bda9ec2bcfe6c9cd08,P27 - Juflona Patient - Dashboard - Desktop,DESKTOP,P27,/clinics/:clinicKey/patient,views/activeclinic/patient/dashboard.ejs,MULTIPLE_STITCH_TO_ONE_IMPLEMENTATION,90,MINOR_VARIANCE,Pass2: portal panels + status badges,none_detected,remaining,4
17813606734422395399,d499e36b667047e1998d38d66be6bbe2,P27 - Juflona Patient - Dashboard Multiple Bookings - Desktop,DESKTOP,P27,/clinics/:clinicKey/patient,views/activeclinic/patient/dashboard.ejs,MULTIPLE_STITCH_TO_ONE_IMPLEMENTATION,90,MINOR_VARIANCE,Pass2: portal panels + status badges,none_detected,remaining,4
17813606734422395399,9ff0dd371e8e49d38b82288c77699671,P27 - Juflona Patient - Forgot Password - Mobile,MOBILE,P27,/clinics/:clinicKey/patient/forgot-password,views/activeclinic/patient/forgot-password.ejs,MULTIPLE_STITCH_TO_ONE_IMPLEMENTATION,90,MINOR_VARIANCE,Pass2: auth card + honesty note,none_detected,remaining,4
17813606734422395399,795b6f3cce584467bdc369bd89f67419,P27 - Juflona Patient - Login States - Mobile,MOBILE,P27,/clinics/:clinicKey/patient/login,views/activeclinic/patient/login.ejs,MULTIPLE_STITCH_TO_ONE_IMPLEMENTATION,90,MINOR_VARIANCE,State variants not fully stitch-mirrored|base login improved in Pass4,none_detected,remaining,4
17813606734422395399,b86ad20f46574f5cba98f3aa4909b597,P27 - Juflona Patient - My Bookings - Mobile,MOBILE,P27,/clinics/:clinicKey/patient/bookings,views/activeclinic/patient/bookings.ejs,EXACT_IMPLEMENTATION_MATCH,90,MINOR_VARIANCE,"Portal filter chips, booking cards, honesty panels|No notification list artwork (honesty empty state)|Pixel MATCHED not completed in browser",none_detected,remaining,4
17813606734422395399,1938bff7a7d54fa5a7d856457864d84d,P27 - Juflona Patient - Notifications - Mobile,MOBILE,P27,/clinics/:clinicKey/patient/notifications,views/activeclinic/patient/notifications.ejs,EXACT_IMPLEMENTATION_MATCH,90,MINOR_VARIANCE,"Portal filter chips, booking cards, honesty panels|No notification list artwork (honesty empty state)|Pixel MATCHED not completed in browser",none_detected,remaining,4
17813606734422395399,8405633077d0486f9622badff41899c9,P27 - Juflona Patient - Patient Data Boundaries - Desktop,DESKTOP,P27,/clinics/:clinicKey/patient/data-boundaries,views/activeclinic/patient/data-boundaries.ejs,EXACT_IMPLEMENTATION_MATCH,90,MINOR_VARIANCE,"Portal filter chips, booking cards, honesty panels|No notification list artwork (honesty empty state)|Pixel MATCHED not completed in browser",none_detected,remaining,4
17813606734422395399,34350dec0e124a538024436ec728e2be,P27 - Juflona Patient - Profile - Desktop,DESKTOP,P27,/clinics/:clinicKey/patient/profile,views/activeclinic/patient/profile.ejs,EXACT_IMPLEMENTATION_MATCH,90,MINOR_VARIANCE,Pass5: mapped,none_detected,remaining,4
17813606734422395399,cc7711d9ca2947bba30e8bdde0c473de,P27 - Juflona Patient - Register - Desktop,DESKTOP,P27,/clinics/:clinicKey/patient/register,views/activeclinic/patient/register.ejs,MULTIPLE_STITCH_TO_ONE_IMPLEMENTATION,90,MINOR_VARIANCE,Pass2: auth card shell|PhoneField preserved,none_detected,remaining,4
17813606734422395399,bc0fd174f14d4a3a8e78a57aad1564ee,P27 - Juflona Patient - Registration States - Mobile,MOBILE,P27,/clinics/:clinicKey/patient/register,views/activeclinic/patient/register.ejs,MULTIPLE_STITCH_TO_ONE_IMPLEMENTATION,90,MINOR_VARIANCE,"Portal filter chips, booking cards, honesty panels|No notification list artwork (honesty empty state)|Pixel MATCHED not completed in browser",none_detected,remaining,4
17813606734422395399,4cb2cd96dd3846dcbcd3504e45b90f47,P27 - Juflona Patient - Verify Phone - Desktop,DESKTOP,P27,/clinics/:clinicKey/patient/verify-phone,views/activeclinic/patient/verify-phone.ejs,MULTIPLE_STITCH_TO_ONE_IMPLEMENTATION,90,MINOR_VARIANCE,"Portal filter chips, booking cards, honesty panels|No notification list artwork (honesty empty state)|Pixel MATCHED not completed in browser",none_detected,remaining,4
17813606734422395399,fc27f3a94086412bbb546e19248ffc5d,P27 - Juflona Patient - Verify Phone - Mobile,MOBILE,P27,/clinics/:clinicKey/patient/verify-phone,views/activeclinic/patient/verify-phone.ejs,MULTIPLE_STITCH_TO_ONE_IMPLEMENTATION,90,MINOR_VARIANCE,Pass2: auth card|SMS honesty preserved,none_detected,remaining,4
12272131183982732110,72357dec37864a5a926a1d2b5c551b16,Shared Error State,DESKTOP,SHARED_INTERNAL,(access-state),views/activeclinic/app/access-state.ejs,MULTIPLE_STITCH_TO_ONE_IMPLEMENTATION,90,MINOR_VARIANCE,Pass5: shared error full-page state,none_detected,remaining,4
12272131183982732110,4d31c82537634b5f981c359662d224b3,Shared Offline State,DESKTOP,SHARED_INTERNAL,/app/offline,views/activeclinic/app/access-state.ejs,EXACT_IMPLEMENTATION_MATCH,90,MINOR_VARIANCE,Pass5: offline presentation route + taxonomy,none_detected,remaining,4
12272131183982732110,ca8a34cf1ecb4fefa2ed31fb9873ae45,P01 – Login – Desktop,DESKTOP,P01,/login,views/activeclinic/auth/login.ejs,MULTIPLE_STITCH_TO_ONE_IMPLEMENTATION,91,MINOR_VARIANCE,Auth shell uses Hanken Grotesk|Stitch indigo/teal balance differs slightly,none_detected,remaining,4
17813606734422395399,4443fa4c1eea429fb6ee67a97efb8f92,P21 - ActiveClinic Public - About - Desktop,DESKTOP,P21,/about,views/activeclinic/public/about.ejs,MULTIPLE_STITCH_TO_ONE_IMPLEMENTATION,91,MINOR_VARIANCE,Pass2: sectioned about with capability badges,none_detected,remaining,4
17813606734422395399,ac6b69a1ef614134af6d674c62891632,P21 - ActiveClinic Public - Solutions - Desktop,DESKTOP,P21,/solutions,views/activeclinic/public/solutions.ejs,MULTIPLE_STITCH_TO_ONE_IMPLEMENTATION,91,MINOR_VARIANCE,Pass2: solutions capability grid,none_detected,remaining,4
17813606734422395399,990884d1aa844bb2a789f41b23b7704e,P21 - ActiveClinic Public - Solutions - Mobile,MOBILE,P21,/solutions,views/activeclinic/public/solutions.ejs,MULTIPLE_STITCH_TO_ONE_IMPLEMENTATION,91,MINOR_VARIANCE,Pass2: solutions capability grid,none_detected,remaining,4
17813606734422395399,3b5370de88bf4bb8adaf679dae11b035,P22 - Demo Clinic - Doctors - Desktop,DESKTOP,P22,/clinics/:clinicKey/doctors,views/activeclinic/tenant/doctors.ejs,MULTIPLE_STITCH_TO_ONE_IMPLEMENTATION,92,MINOR_VARIANCE,"Phase7B: Our Doctors heading, 8px cards, 3-col desktop, display type|Remaining: Stitch hero photo, department chips, Featured badge, doctor search not in V7 source|TEST_INFRA_LIMITATION: no live browser MATCHED",none_detected,remaining,4
17813606734422395399,a0d5997b31c44203ba94de0708ca5737,P22 - Demo Clinic - Services - Mobile,MOBILE,P22,/clinics/:clinicKey/services,views/activeclinic/tenant/services.ejs,MULTIPLE_STITCH_TO_ONE_IMPLEMENTATION,91,MINOR_VARIANCE,"Phase7B: 8px cards, 3-col desktop, display type|Remaining: Stitch Services Directory chips / Bookable badges / duration-price chrome vs V7 consultation+procedure lists|TEST_INFRA_LIMITATION: no live browser MATCHED",none_detected,remaining,4
17813606734422395399,32766a7879be4e539bd1ca8e352ef1d0,P22 - Juflona Clinic - Location - Desktop,DESKTOP,P22,/clinics/:clinicKey/location,views/activeclinic/tenant/location.ejs,MULTIPLE_STITCH_TO_ONE_IMPLEMENTATION,91,NEEDS_WORK,Pass2: location cards + hours|Pass6: media improved|Stitch CDN max ~1376px (LOW_RESOLUTION vs true retina),none_detected,remaining,4
17813606734422395399,4fb9866c196540199d4de109ba807726,P22 - Juflona Clinic - Location - Mobile,MOBILE,P22,/clinics/:clinicKey/location,views/activeclinic/tenant/location.ejs,MULTIPLE_STITCH_TO_ONE_IMPLEMENTATION,91,NEEDS_WORK,Pass2: location cards + hours|Pass6: media improved|Stitch CDN max ~1376px (LOW_RESOLUTION vs true retina),none_detected,remaining,4
17813606734422395399,85d2b873d38f4196a9b17eb35e2bc4da,P22 - Juflona Public - Home - Desktop,DESKTOP,P22,/clinics/:clinicKey,views/activeclinic/tenant/home.ejs,MULTIPLE_STITCH_TO_ONE_IMPLEMENTATION,93,MINOR_VARIANCE,"Phase7B: 5/7 hero, 120px curve, HPCZ badge, pill CTAs, display type|Remaining: Stitch 24-hour / insurance trust copy is Juflona-artboard specific; V7 uses published clinic fields + booking honesty|TEST_INFRA_LIMITATION: no live browser MATCHED at 1440",possible_asset_gap,remaining,4
17813606734422395399,6eb5bda4ca694e54b34693e3f86e986b,P22 - Juflona Public - Home - Mobile,MOBILE,P22,/clinics/:clinicKey,views/activeclinic/tenant/home.ejs,MULTIPLE_STITCH_TO_ONE_IMPLEMENTATION,93,MINOR_VARIANCE,"Phase7B: 5/7 hero, 120px curve, HPCZ badge, pill CTAs, display type|Remaining: Stitch 24-hour / insurance trust copy is Juflona-artboard specific; V7 uses published clinic fields + booking honesty|TEST_INFRA_LIMITATION: no live browser MATCHED at 1440",none_detected,remaining,4
17813606734422395399,e54a6661157f441d93c94efad91a8858,P23 - Juflona Public - Procedure Service Detail - Mobile,MOBILE,P23,/clinics/:clinicKey/procedures/:procedureKey,views/activeclinic/tenant/procedure-detail.ejs,MULTIPLE_STITCH_TO_ONE_IMPLEMENTATION,91,MINOR_VARIANCE,Pass2: shared service card system|Pass6: media improved|Stitch CDN max ~1376px (LOW_RESOLUTION vs true retina),none_detected,remaining,4
17813606734422395399,e4e98986370640f2864a9aa2279ad878,P24 - Juflona Booking - Appointment Entry - Mobile,MOBILE,P24,/clinics/:clinicKey/book,views/activeclinic/booking/appointment-entry.ejs,MULTIPLE_STITCH_TO_ONE_IMPLEMENTATION,92,NEEDS_WORK,Phase7B: inherited public type scale (display 32/40) and 48px / 2px buttons|Remaining: wizard chrome vs dedicated Stitch artboards; booking is request-not-confirm|TEST_INFRA_LIMITATION: no live browser MATCHED,none_detected,remaining,4
17813606734422395399,ece91cba8cff4381a9ef2e8ac97cb988,P24 - Juflona Booking - Choose Slot - Mobile,MOBILE,P24,/clinics/:clinicKey/book/slot,views/activeclinic/booking/consultation-slot.ejs,MULTIPLE_STITCH_TO_ONE_IMPLEMENTATION,92,NEEDS_WORK,Phase7B: inherited public type scale (display 32/40) and 48px / 2px buttons|Remaining: wizard chrome vs dedicated Stitch artboards; booking is request-not-confirm|TEST_INFRA_LIMITATION: no live browser MATCHED,none_detected,remaining,4
17813606734422395399,a4096a26352040fd9d56be53a393fe4b,P24 - Juflona Booking - Consultation Type - Desktop,DESKTOP,P24,/clinics/:clinicKey/book,views/activeclinic/booking/consultation-type.ejs,MULTIPLE_STITCH_TO_ONE_IMPLEMENTATION,92,MINOR_VARIANCE,Phase7B: inherited public type scale (display 32/40) and 48px / 2px buttons|Remaining: wizard chrome vs dedicated Stitch artboards; booking is request-not-confirm|TEST_INFRA_LIMITATION: no live browser MATCHED,possible_asset_gap,remaining,4
17813606734422395399,e49351b2224449d2b86756b198e5ffb6,P24 - Juflona Booking - Patient Details - Desktop,DESKTOP,P24,/clinics/:clinicKey/book/patient,views/activeclinic/booking/consultation-patient.ejs,MULTIPLE_STITCH_TO_ONE_IMPLEMENTATION,92,MINOR_VARIANCE,Phase7B: inherited public type scale (display 32/40) and 48px / 2px buttons|Remaining: wizard chrome vs dedicated Stitch artboards; booking is request-not-confirm|TEST_INFRA_LIMITATION: no live browser MATCHED,none_detected,remaining,4
17813606734422395399,6b916729502c43f08ef4ed61bf959159,P25 - Juflona Booking - Choose Procedure - Desktop,DESKTOP,P25,/clinics/:clinicKey/book/procedures,views/activeclinic/booking/procedures-list.ejs,MULTIPLE_STITCH_TO_ONE_IMPLEMENTATION,92,MINOR_VARIANCE,Phase7B: inherited public type scale (display 32/40) and 48px / 2px buttons|Remaining: wizard chrome vs dedicated Stitch artboards; booking is request-not-confirm|TEST_INFRA_LIMITATION: no live browser MATCHED,none_detected,remaining,4
17813606734422395399,9526a27d8e5a4c8eb5a9bee842bee41b,P25 - Juflona Booking - Choose Procedure - Mobile,MOBILE,P25,/clinics/:clinicKey/book/procedures,views/activeclinic/booking/procedures-list.ejs,MULTIPLE_STITCH_TO_ONE_IMPLEMENTATION,92,MINOR_VARIANCE,Phase7B: inherited public type scale (display 32/40) and 48px / 2px buttons|Remaining: wizard chrome vs dedicated Stitch artboards; booking is request-not-confirm|TEST_INFRA_LIMITATION: no live browser MATCHED,none_detected,remaining,4
17813606734422395399,d033da337b5740f29b4681042ab4a99c,P25 - Juflona Booking - Procedure Information - Mobile,MOBILE,P25,/clinics/:clinicKey/book/procedures/:procedureKey,views/activeclinic/booking/procedure-info.ejs,MULTIPLE_STITCH_TO_ONE_IMPLEMENTATION,92,MINOR_VARIANCE,Phase7B: inherited public type scale (display 32/40) and 48px / 2px buttons|Remaining: wizard chrome vs dedicated Stitch artboards; booking is request-not-confirm|TEST_INFRA_LIMITATION: no live browser MATCHED,none_detected,remaining,4
17813606734422395399,d2c8f78719484d7ca4d443f844f83929,P25 - Juflona Booking - Procedure Patient Details - Mobile,MOBILE,P25,/clinics/:clinicKey/book/procedures/:procedureKey/patient,views/activeclinic/booking/procedure-patient.ejs,MULTIPLE_STITCH_TO_ONE_IMPLEMENTATION,92,MINOR_VARIANCE,Phase7B: inherited public type scale (display 32/40) and 48px / 2px buttons|Remaining: wizard chrome vs dedicated Stitch artboards; booking is request-not-confirm|TEST_INFRA_LIMITATION: no live browser MATCHED,none_detected,remaining,4
17813606734422395399,df69f70fb79c467b9aa9a7750520a241,P25 - Juflona Booking - Procedure Submitted - Mobile,MOBILE,P25,/clinics/:clinicKey/book/procedures/:procedureKey,views/activeclinic/booking/request-submitted.ejs,MULTIPLE_STITCH_TO_ONE_IMPLEMENTATION,92,MINOR_VARIANCE,Phase7B: inherited public type scale (display 32/40) and 48px / 2px buttons|Remaining: wizard chrome vs dedicated Stitch artboards; booking is request-not-confirm|TEST_INFRA_LIMITATION: no live browser MATCHED,none_detected,remaining,4
17813606734422395399,df011954ab5248cfb5126f49d6187258,P26 - Juflona Booking - Booking Detail Cancelled - Desktop,DESKTOP,P26,/clinics/:clinicKey/my-booking,views/activeclinic/booking/my-booking-detail.ejs,MULTIPLE_STITCH_TO_ONE_IMPLEMENTATION,91,MINOR_VARIANCE,Pass2: status badge/banner system,none_detected,remaining,4
17813606734422395399,36db01f8f7d741a8ad3b91536834ab10,P26 - Juflona Booking - Booking Detail Confirmed - Desktop,DESKTOP,P26,/clinics/:clinicKey/my-booking,views/activeclinic/booking/my-booking-detail.ejs,MULTIPLE_STITCH_TO_ONE_IMPLEMENTATION,91,MINOR_VARIANCE,Pass2: status badge/banner system,none_detected,remaining,4
17813606734422395399,e712f1d474024445899b4014f1d5c977,P26 - Juflona Booking - Booking Detail No-show - Mobile,MOBILE,P26,/clinics/:clinicKey/my-booking,views/activeclinic/booking/my-booking-detail.ejs,MULTIPLE_STITCH_TO_ONE_IMPLEMENTATION,91,MINOR_VARIANCE,Pass2: status badge/banner system,none_detected,remaining,4
17813606734422395399,3b311f353e1745c0b020b400af92b0f5,P26 - Juflona Booking - Booking Detail Pending - Desktop,DESKTOP,P26,/clinics/:clinicKey/my-booking,views/activeclinic/booking/my-booking-detail.ejs,MULTIPLE_STITCH_TO_ONE_IMPLEMENTATION,91,MINOR_VARIANCE,Pass2: status badge/banner system,none_detected,remaining,4
17813606734422395399,81d1f26454324356b25cfec1db745491,P26 - Juflona Booking - Cancellation Request - Mobile,MOBILE,P26,/clinics/:clinicKey/my-booking/cancel,views/activeclinic/booking/cancellation-review.ejs,MULTIPLE_STITCH_TO_ONE_IMPLEMENTATION,91,MINOR_VARIANCE,Pass2: cancel review shell,none_detected,remaining,4
17813606734422395399,3be2c468e5e24ae592feb7c8b264b098,P26 - Juflona Booking - Cancellation Review - Mobile,MOBILE,P26,/clinics/:clinicKey/my-booking/cancel,views/activeclinic/booking/cancellation-review.ejs,MULTIPLE_STITCH_TO_ONE_IMPLEMENTATION,91,MINOR_VARIANCE,Pass2: cancel review shell,none_detected,remaining,4
17813606734422395399,7b7546940db743839e4c4b11ae366dda,P26 - Juflona Booking - Change Request States - Mobile,MOBILE,P26,/clinics/:clinicKey/my-booking,views/activeclinic/booking/my-booking-detail.ejs,MULTIPLE_STITCH_TO_ONE_IMPLEMENTATION,91,MINOR_VARIANCE,Pass5: cancel/reschedule state family mapped,none_detected,remaining,4
17813606734422395399,e4fa5d144ebb46cea06c4ef3a3af3e7b,P26 - Juflona Booking - Lookup Error States - Mobile,MOBILE,P26,/clinics/:clinicKey/my-booking,views/activeclinic/booking/my-booking-lookup.ejs,MULTIPLE_STITCH_TO_ONE_IMPLEMENTATION,91,MINOR_VARIANCE,Privacy rules list added to lookup card|Stitch may use a longer legal layout|Pixel MATCHED not completed in browser,none_detected,remaining,4
17813606734422395399,e50e9dfeaf1a405bbf3f3c334ebbe039,P26 - Juflona Booking - Privacy and Lookup Rules - Desktop,DESKTOP,P26,/clinics/:clinicKey/my-booking,views/activeclinic/booking/my-booking-lookup.ejs,MULTIPLE_STITCH_TO_ONE_IMPLEMENTATION,91,MINOR_VARIANCE,Privacy rules list added to lookup card|Stitch may use a longer legal layout|Pixel MATCHED not completed in browser,none_detected,remaining,4
17813606734422395399,c016257b490d42ccb49bdb01e4228c2f,P26 - Juflona Booking - Reschedule Request - Mobile,MOBILE,P26,/clinics/:clinicKey/my-booking/reschedule,views/activeclinic/booking/reschedule-review.ejs,MULTIPLE_STITCH_TO_ONE_IMPLEMENTATION,91,MINOR_VARIANCE,Pass2: reschedule review shell,none_detected,remaining,4
17813606734422395399,15321bc4c76f4c08b61e59972aa7d44f,P26 - Juflona Booking - Reschedule Review - Mobile,MOBILE,P26,/clinics/:clinicKey/my-booking/reschedule,views/activeclinic/booking/reschedule-review.ejs,MULTIPLE_STITCH_TO_ONE_IMPLEMENTATION,91,MINOR_VARIANCE,Pass2: reschedule review shell,none_detected,remaining,4
17813606734422395399,215624995dc145f7ad5f6adb14fd4ae6,P27 - Juflona Patient - Forgot Password - Desktop,DESKTOP,P27,/clinics/:clinicKey/patient/forgot-password,views/activeclinic/patient/forgot-password.ejs,MULTIPLE_STITCH_TO_ONE_IMPLEMENTATION,91,MINOR_VARIANCE,Auth card header/lede/48px fields match public teal system|Stitch illustration/hero art not present (no approved asset)|Pixel MATCHED not completed in browser,none_detected,remaining,4
17813606734422395399,1d86eebeee5645c784e68b3b6315d06b,P27 - Juflona Patient - Link Guest Booking - Mobile,MOBILE,P27,/clinics/:clinicKey/patient/link-guest-booking,views/activeclinic/patient/link-guest-booking.ejs,EXACT_IMPLEMENTATION_MATCH,91,MINOR_VARIANCE,Pass2: auth card linkage form,none_detected,remaining,4
17813606734422395399,4bc683c012fc465681d21655ac3d1d01,P27 - Juflona Patient - Login - Desktop,DESKTOP,P27,/clinics/:clinicKey/patient/login,views/activeclinic/patient/login.ejs,MULTIPLE_STITCH_TO_ONE_IMPLEMENTATION,91,MINOR_VARIANCE,"1) H1 copy retained for test contract (""Patient portal sign in"" ≠ Stitch ""Patient Login"") 2) phone field uses ZM splitter vs single input 3) staff login link placement",none_detected,remaining,4
17813606734422395399,cc39b8bf074e408682da114b26ed8897,P27 - Juflona Patient - Password Updated - Mobile,MOBILE,P27,/clinics/:clinicKey/patient/password-updated,views/activeclinic/patient/password-updated.ejs,MULTIPLE_STITCH_TO_ONE_IMPLEMENTATION,91,MINOR_VARIANCE,Auth card header/lede/48px fields match public teal system|Stitch illustration/hero art not present (no approved asset)|Pixel MATCHED not completed in browser,none_detected,remaining,4
17813606734422395399,210ee3ac1bbe43588ed84d2e663c6604,P27 - Juflona Patient - Portal Offline State - Mobile,MOBILE,P27,/clinics/:clinicKey/patient/offline,views/activeclinic/patient/offline.ejs,EXACT_IMPLEMENTATION_MATCH,91,MINOR_VARIANCE,Auth card header/lede/48px fields match public teal system|Stitch illustration/hero art not present (no approved asset)|Pixel MATCHED not completed in browser,none_detected,remaining,4
17813606734422395399,3e22604b90844b499b98bed2dba8f81c,P27 - Juflona Patient - Recovery Verification - Mobile,MOBILE,P27,/clinics/:clinicKey/patient/recovery-verification,views/activeclinic/patient/recovery-verification.ejs,EXACT_IMPLEMENTATION_MATCH,91,MINOR_VARIANCE,Auth card header/lede/48px fields match public teal system|Stitch illustration/hero art not present (no approved asset)|Pixel MATCHED not completed in browser,none_detected,remaining,4
17813606734422395399,e1b3f826511f408e85c401d3a455f26d,P27 - Juflona Patient - Set New Password - Desktop,DESKTOP,P27,/clinics/:clinicKey/patient/reset-password,views/activeclinic/patient/reset-password.ejs,MULTIPLE_STITCH_TO_ONE_IMPLEMENTATION,91,MINOR_VARIANCE,Auth card header/lede/48px fields match public teal system|Stitch illustration/hero art not present (no approved asset)|Pixel MATCHED not completed in browser,none_detected,remaining,4
17813606734422395399,fb2dab64c9ed41f483ae83d4a7f20fe3,P27 - Juflona Patient - Set New Password - Mobile,MOBILE,P27,/clinics/:clinicKey/patient/reset-password,views/activeclinic/patient/reset-password.ejs,MULTIPLE_STITCH_TO_ONE_IMPLEMENTATION,91,MINOR_VARIANCE,Auth card header/lede/48px fields match public teal system|Stitch illustration/hero art not present (no approved asset)|Pixel MATCHED not completed in browser,none_detected,remaining,4
17813606734422395399,aebd18aad45b40ad90ebe164b87b282e,P27 - Juflona Patient - Verification Success - Mobile,MOBILE,P27,/clinics/:clinicKey/patient/verification-success,views/activeclinic/patient/verification-success.ejs,EXACT_IMPLEMENTATION_MATCH,91,MINOR_VARIANCE,Auth card header/lede/48px fields match public teal system|Stitch illustration/hero art not present (no approved asset)|Pixel MATCHED not completed in browser,none_detected,remaining,4
12272131183982732110,8be466d48814446ab8bb087baacc6ec9,P01 – Dashboard – Mobile,MOBILE,P01,/app,views/activeclinic/app/home-content.ejs,MULTIPLE_STITCH_TO_ONE_IMPLEMENTATION,92,MINOR_VARIANCE,Pass3: metric/action cards under shared shell|TEST_INFRA_LIMITATION: no browser MATCHED,none_detected,remaining,4
12272131183982732110,9f55cec7eb884dbebc2e01c6fb0fe58e,P01 – Navigation Drawer – Mobile,MOBILE,P01,/app/*,views/activeclinic/layouts/app-shell.ejs,MULTIPLE_STITCH_TO_ONE_IMPLEMENTATION,92,MINOR_VARIANCE,Pass3: mobile drawer uses grouped nav|TEST_INFRA_LIMITATION: no browser MATCHED,none_detected,remaining,4
12272131183982732110,01b9125044634434b60223746b815b25,P01 – Shared Application Shell – Desktop,DESKTOP,P01,/app/*,views/activeclinic/layouts/app-shell.ejs,MULTIPLE_STITCH_TO_ONE_IMPLEMENTATION,92,MINOR_VARIANCE,"Pass3: shell tokens, sidebar groups, header search, active rail|TEST_INFRA_LIMITATION: no browser MATCHED",none_detected,remaining,4
12272131183982732110,649bd7649ebf4c6eb787612f844a637e,P07 – Billing Dashboard – Mobile,MOBILE,P07,/app/billing,views/activeclinic/app/billing-dashboard-content.ejs,MULTIPLE_STITCH_TO_ONE_IMPLEMENTATION,92,MINOR_VARIANCE,Pass3: money hierarchy + action cards|TEST_INFRA_LIMITATION: no browser MATCHED,none_detected,remaining,4
17813606734422395399,50d278a0dc7c4618b20e70e4fdfd6076,P21 - ActiveClinic Public - Clinic Search States - Mobile,MOBILE,P21,/clinics/search,views/activeclinic/public/clinics-search.ejs,MULTIPLE_STITCH_TO_ONE_IMPLEMENTATION,92,MINOR_VARIANCE,Pass5: loading/empty/error via directoryState|Pass6: media improved|Stitch CDN max ~1376px (LOW_RESOLUTION vs true retina),none_detected,remaining,4
17813606734422395399,2ccf327230b640c3b3340e5bca2bb162,P21 - ActiveClinic Public - Home - Mobile,MOBILE,P21,/,views/activeclinic/public/home.ejs,MULTIPLE_STITCH_TO_ONE_IMPLEMENTATION,93,MINOR_VARIANCE,"Phase7B: Stitch tokens (bg #f8f9ff, display 32/40, 48px/2px buttons, 50/50 hero, teal headline)|Remaining: Stitch illustration vs local photo; mid-page architecture (V7 product sections vs Stitch journey/capability cards)|TEST_INFRA_LIMITATION: no live browser MATCHED at 1440",possible_asset_gap,remaining,4
17813606734422395399,e6360fb33fba477bb2ad47f81234fae3,P22 - Demo Clinic - Pricing - Mobile,MOBILE,P22,/clinics/:clinicKey/pricing,views/activeclinic/tenant/pricing.ejs,MULTIPLE_STITCH_TO_ONE_IMPLEMENTATION,92,MINOR_VARIANCE,"Phase7B: display type, 8px cards, 3-col desktop when prices exist|PRODUCT_DECISION_DIFFERENCE: Stitch shows sample Kwacha fees; V7 only lists clinic-published prices|TEST_INFRA_LIMITATION: no live browser MATCHED",none_detected,remaining,4
17813606734422395399,775340af70d540bea3af6d7ed277402a,P22 - Juflona Clinic - Pricing - Mobile,MOBILE,P22,/clinics/:clinicKey/pricing,views/activeclinic/tenant/pricing.ejs,MULTIPLE_STITCH_TO_ONE_IMPLEMENTATION,92,MINOR_VARIANCE,"Phase7B: display type, 8px cards, 3-col desktop when prices exist|PRODUCT_DECISION_DIFFERENCE: Stitch shows sample Kwacha fees; V7 only lists clinic-published prices|TEST_INFRA_LIMITATION: no live browser MATCHED",none_detected,remaining,4
17813606734422395399,a1ceb17fd59a429a980d0b20ea42e83b,P22 - Juflona Public - Contact - Mobile,MOBILE,P22,/clinics/:clinicKey/contact,views/activeclinic/tenant/contact.ejs,MULTIPLE_STITCH_TO_ONE_IMPLEMENTATION,92,MINOR_VARIANCE,Form/aside spacing still tighter than Stitch|map/asset treatment differs,possible_asset_gap,remaining,4
17813606734422395399,c3586685e9f342f681f177d1036c18fc,P22 - Juflona Public - Contact Success - Mobile,MOBILE,P22,/clinics/:clinicKey/contact/success,views/activeclinic/tenant/contact-success.ejs,EXACT_IMPLEMENTATION_MATCH,92,MINOR_VARIANCE,Pass2: confirmation panel,none_detected,remaining,4
17813606734422395399,62f5da19ec9047898ba0957faf21b408,P22 - Juflona Public - Patient Information - Mobile,MOBILE,P22,/clinics/:clinicKey/patient-information,views/activeclinic/tenant/patient-information.ejs,MULTIPLE_STITCH_TO_ONE_IMPLEMENTATION,92,MINOR_VARIANCE,Pass5: mapped,none_detected,remaining,4
17813606734422395399,e4c2703d85764c2cbf2f91ab890d27e3,P27 - Juflona Patient - Dashboard - Mobile,MOBILE,P27,/clinics/:clinicKey/patient,views/activeclinic/patient/dashboard.ejs,MULTIPLE_STITCH_TO_ONE_IMPLEMENTATION,92,MINOR_VARIANCE,Pass2: portal panels + status badges,none_detected,remaining,4
17813606734422395399,0ec2c722bd80493ea69102f61b9b36e3,P27 - Juflona Patient - Dashboard Empty - Mobile,MOBILE,P27,/clinics/:clinicKey/patient,views/activeclinic/patient/dashboard-empty.ejs,EXACT_IMPLEMENTATION_MATCH,92,MINOR_VARIANCE,Pass2: portal panels + status badges,none_detected,remaining,4
17813606734422395399,588d1139d7b548c5856e9e34ce736bf9,P27 - Juflona Patient - Register - Mobile,MOBILE,P27,/clinics/:clinicKey/patient/register,views/activeclinic/patient/register.ejs,MULTIPLE_STITCH_TO_ONE_IMPLEMENTATION,92,MINOR_VARIANCE,Pass2: auth card shell|PhoneField preserved,none_detected,remaining,4
12272131183982732110,026f619c35b04a5c8dde16eca9f7cf35,P01 – Login – Mobile,MOBILE,P01,/login,views/activeclinic/auth/login.ejs,MULTIPLE_STITCH_TO_ONE_IMPLEMENTATION,93,MINOR_VARIANCE,Auth shell uses Hanken Grotesk|Stitch indigo/teal balance differs slightly,none_detected,remaining,4
17813606734422395399,2447429876f24ac287f903795c4d4d04,P21 - ActiveClinic Public - About - Mobile,MOBILE,P21,/about,views/activeclinic/public/about.ejs,MULTIPLE_STITCH_TO_ONE_IMPLEMENTATION,93,MINOR_VARIANCE,Pass2: sectioned about with capability badges,none_detected,remaining,4
17813606734422395399,bdc67d336bc64447bd0c02474b34c144,P22 - Juflona Clinic - Booking Entry - Mobile,MOBILE,P22,/clinics/:clinicKey/book,views/activeclinic/booking/consultation-type.ejs,MULTIPLE_STITCH_TO_ONE_IMPLEMENTATION,93,MINOR_VARIANCE,Pass5: booking entry mapped,none_detected,remaining,4
17813606734422395399,8f72ff10f79d421fade5a7ac6e6d875f,P24 - Juflona Booking - Request Submitted - Mobile,MOBILE,P24,/clinics/:clinicKey/book/submit,views/activeclinic/booking/request-submitted.ejs,MULTIPLE_STITCH_TO_ONE_IMPLEMENTATION,94,MINOR_VARIANCE,Phase7B: inherited public type scale (display 32/40) and 48px / 2px buttons|Remaining: wizard chrome vs dedicated Stitch artboards; booking is request-not-confirm|TEST_INFRA_LIMITATION: no live browser MATCHED,none_detected,remaining,4
17813606734422395399,5263923b759a4bc288c23c8ffe5c85b0,P24 - Juflona Booking - Review - Mobile,MOBILE,P24,/clinics/:clinicKey/book/review,views/activeclinic/booking/consultation-review.ejs,MULTIPLE_STITCH_TO_ONE_IMPLEMENTATION,94,MINOR_VARIANCE,Phase7B: inherited public type scale (display 32/40) and 48px / 2px buttons|Remaining: wizard chrome vs dedicated Stitch artboards; booking is request-not-confirm|TEST_INFRA_LIMITATION: no live browser MATCHED,none_detected,remaining,4
17813606734422395399,bbe2c7c3fdf442b397ee457e287b1674,P26 - Juflona Booking - Booking Detail Completed - Mobile,MOBILE,P26,/clinics/:clinicKey/my-booking,views/activeclinic/booking/my-booking-detail.ejs,MULTIPLE_STITCH_TO_ONE_IMPLEMENTATION,93,MINOR_VARIANCE,Pass2: status badge/banner system,none_detected,remaining,4
17813606734422395399,189043d6d06d4819b06ea42e22e10035,P26 - Juflona Booking - Booking Detail Rescheduled - Mobile,MOBILE,P26,/clinics/:clinicKey/my-booking,views/activeclinic/booking/my-booking-detail.ejs,MULTIPLE_STITCH_TO_ONE_IMPLEMENTATION,93,MINOR_VARIANCE,Pass2: status badge/banner system,none_detected,remaining,4
17813606734422395399,a2b5c7ddfddc4c80a1ddb035748da72f,P26 - Juflona Booking - My Booking - Mobile,MOBILE,P26,/clinics/:clinicKey/my-booking,views/activeclinic/booking/my-booking-lookup.ejs,MULTIPLE_STITCH_TO_ONE_IMPLEMENTATION,93,MINOR_VARIANCE,1) Stitch two-column guest lookup (ref+phone) vs access-token form (PRODUCT_DECISION) 2) missing lifestyle image column 3) nav is tenant shell not Lookup/My Bookings/Support,possible_asset_gap,remaining,4
17813606734422395399,7c24084776e64719be06423d42263e61,P27 - Juflona Patient - Login - Mobile,MOBILE,P27,/clinics/:clinicKey/patient/login,views/activeclinic/patient/login.ejs,MULTIPLE_STITCH_TO_ONE_IMPLEMENTATION,93,MINOR_VARIANCE,"1) H1 copy retained for test contract (""Patient portal sign in"" ≠ Stitch ""Patient Login"") 2) phone field uses ZM splitter vs single input 3) staff login link placement",none_detected,remaining,4
17813606734422395399,2c612094416e468ea4063dc162667609,P21 - ActiveClinic Public - Clinic Directory - Desktop,DESKTOP,P21,/clinics,views/activeclinic/public/clinics-directory.ejs,MULTIPLE_STITCH_TO_ONE_IMPLEMENTATION,94,MINOR_VARIANCE,"Phase7B: Find a Clinic, 2-col horizontal cards, desktop filter sidebar, 8px radius, 48px search|Remaining: Stitch checkbox filters / Book Now / service tags / pagination vs V7 province-city filters and Details link|TEST_INFRA_LIMITATION: no live browser MATCHED at 1440",possible_asset_gap,remaining,4
17813606734422395399,2c495fc46a3648c5b878e207d9f12661,P21 - ActiveClinic Public - Clinic Directory - Empty - Desktop,DESKTOP,P21,/clinics,views/activeclinic/public/clinics-directory.ejs,MULTIPLE_STITCH_TO_ONE_IMPLEMENTATION,94,MINOR_VARIANCE,"Phase7B: Find a Clinic, 2-col horizontal cards, desktop filter sidebar, 8px radius, 48px search|Remaining: Stitch checkbox filters / Book Now / service tags / pagination vs V7 province-city filters and Details link|TEST_INFRA_LIMITATION: no live browser MATCHED at 1440",possible_asset_gap,remaining,4
17813606734422395399,08791796ff3046df8c2c479ee2641814,P21 - ActiveClinic Public - Clinic Directory - Empty - Mobile,MOBILE,P21,/clinics,views/activeclinic/public/clinics-directory.ejs,MULTIPLE_STITCH_TO_ONE_IMPLEMENTATION,94,MINOR_VARIANCE,"Phase7B: Find a Clinic, 2-col horizontal cards, desktop filter sidebar, 8px radius, 48px search|Remaining: Stitch checkbox filters / Book Now / service tags / pagination vs V7 province-city filters and Details link|TEST_INFRA_LIMITATION: no live browser MATCHED at 1440",possible_asset_gap,remaining,4
17813606734422395399,cdc46325b27b4813bf5a19eb8e85dd9f,P21 - ActiveClinic Public - Clinic Directory - Error - Desktop,DESKTOP,P21,/clinics,views/activeclinic/public/clinics-directory.ejs,MULTIPLE_STITCH_TO_ONE_IMPLEMENTATION,94,MINOR_VARIANCE,"Phase7B: Find a Clinic, 2-col horizontal cards, desktop filter sidebar, 8px radius, 48px search|Remaining: Stitch checkbox filters / Book Now / service tags / pagination vs V7 province-city filters and Details link|TEST_INFRA_LIMITATION: no live browser MATCHED at 1440",possible_asset_gap,remaining,4
17813606734422395399,82299e09519c4098b07429d9ae97bdac,P21 - ActiveClinic Public - Clinic Directory - Error - Mobile,MOBILE,P21,/clinics,views/activeclinic/public/clinics-directory.ejs,MULTIPLE_STITCH_TO_ONE_IMPLEMENTATION,94,MINOR_VARIANCE,"Phase7B: Find a Clinic, 2-col horizontal cards, desktop filter sidebar, 8px radius, 48px search|Remaining: Stitch checkbox filters / Book Now / service tags / pagination vs V7 province-city filters and Details link|TEST_INFRA_LIMITATION: no live browser MATCHED at 1440",possible_asset_gap,remaining,4
17813606734422395399,3cf8b9cbce0a4866aace37f72c319e5f,P21 - ActiveClinic Public - Clinic Directory - Loading - Desktop,DESKTOP,P21,/clinics,views/activeclinic/public/clinics-directory.ejs,MULTIPLE_STITCH_TO_ONE_IMPLEMENTATION,94,MINOR_VARIANCE,"Phase7B: Find a Clinic, 2-col horizontal cards, desktop filter sidebar, 8px radius, 48px search|Remaining: Stitch checkbox filters / Book Now / service tags / pagination vs V7 province-city filters and Details link|TEST_INFRA_LIMITATION: no live browser MATCHED at 1440",possible_asset_gap,remaining,4
17813606734422395399,4889fc1798d2425f85ba19dd68c29734,P21 - ActiveClinic Public - Clinic Directory - Loading - Mobile,MOBILE,P21,/clinics,views/activeclinic/public/clinics-directory.ejs,MULTIPLE_STITCH_TO_ONE_IMPLEMENTATION,94,MINOR_VARIANCE,"Phase7B: Find a Clinic, 2-col horizontal cards, desktop filter sidebar, 8px radius, 48px search|Remaining: Stitch checkbox filters / Book Now / service tags / pagination vs V7 province-city filters and Details link|TEST_INFRA_LIMITATION: no live browser MATCHED at 1440",possible_asset_gap,remaining,4
17813606734422395399,85f99ea3326f46a2bd0415ba1cf2d8d2,P21 - ActiveClinic Public - Clinic Directory - Mobile,MOBILE,P21,/clinics,views/activeclinic/public/clinics-directory.ejs,MULTIPLE_STITCH_TO_ONE_IMPLEMENTATION,94,MINOR_VARIANCE,"Phase7B: Find a Clinic, 2-col horizontal cards, desktop filter sidebar, 8px radius, 48px search|Remaining: Stitch checkbox filters / Book Now / service tags / pagination vs V7 province-city filters and Details link|TEST_INFRA_LIMITATION: no live browser MATCHED at 1440",possible_asset_gap,remaining,4
17813606734422395399,688a0eee8f014c7a8c999762b22be06d,P24 - Juflona Booking - Choose Doctor - Desktop,DESKTOP,P24,/clinics/:clinicKey/book/doctor,views/activeclinic/booking/consultation-doctor.ejs,MULTIPLE_STITCH_TO_ONE_IMPLEMENTATION,94,MINOR_VARIANCE,Pass2: doctor choice cards + booking layout|Pass6: media improved|Stitch CDN max ~1376px (LOW_RESOLUTION vs true retina),none_detected,remaining,4
17813606734422395399,f9d67dd3a8c2457884c7e32bcbbf47e5,P24 - Juflona Booking - Choose Doctor - Mobile,MOBILE,P24,/clinics/:clinicKey/book/doctor,views/activeclinic/booking/consultation-doctor.ejs,MULTIPLE_STITCH_TO_ONE_IMPLEMENTATION,94,MINOR_VARIANCE,Pass2: doctor choice cards + booking layout|Pass6: media improved|Stitch CDN max ~1376px (LOW_RESOLUTION vs true retina),none_detected,remaining,4
17813606734422395399,82cc9c49d881406592c6d877240731fd,P24 - Juflona Booking - Consultation Type - Mobile,MOBILE,P24,/clinics/:clinicKey/book,views/activeclinic/booking/consultation-type.ejs,MULTIPLE_STITCH_TO_ONE_IMPLEMENTATION,94,MINOR_VARIANCE,1) dedicated Stitch booking chrome (back/phone) vs tenant shell 2) icon cards vs radio list 3) sticky Continue chrome differs|PRODUCT_DECISION_DIFFERENCE on wizard steps,possible_asset_gap,remaining,4
17813606734422395399,b1e95d2173934e969b8d2b85346b82bd,P24 - Juflona Booking - Patient Details - Mobile,MOBILE,P24,/clinics/:clinicKey/book/patient,views/activeclinic/booking/consultation-patient.ejs,MULTIPLE_STITCH_TO_ONE_IMPLEMENTATION,94,MINOR_VARIANCE,Pass2: patient panel + PhoneField + summary,none_detected,remaining,4
17813606734422395399,48a852ead3284e44b9700df8a8875167,P26 - Juflona Booking - Booking Detail Cancelled - Mobile,MOBILE,P26,/clinics/:clinicKey/my-booking,views/activeclinic/booking/my-booking-detail.ejs,MULTIPLE_STITCH_TO_ONE_IMPLEMENTATION,94,MINOR_VARIANCE,Pass2: status badge/banner system,none_detected,remaining,4
17813606734422395399,5511e7ced0094007b300f58665fc9ccd,P26 - Juflona Booking - Booking Detail Confirmed - Mobile,MOBILE,P26,/clinics/:clinicKey/my-booking,views/activeclinic/booking/my-booking-detail.ejs,MULTIPLE_STITCH_TO_ONE_IMPLEMENTATION,94,MINOR_VARIANCE,Pass2: status badge/banner system,none_detected,remaining,4
17813606734422395399,df7614f5b31347d4b3dff81928e5eadc,P26 - Juflona Booking - Booking Detail Pending - Mobile,MOBILE,P26,/clinics/:clinicKey/my-booking,views/activeclinic/booking/my-booking-detail.ejs,MULTIPLE_STITCH_TO_ONE_IMPLEMENTATION,94,MINOR_VARIANCE,Pass2: status badge/banner system,none_detected,remaining,4
12272131183982732110,9f3abb837fc3413aa128949afce0d8c4,Application Shell - Desktop,DESKTOP,P01,/app/*,views/activeclinic/layouts/app-shell.ejs,MULTIPLE_STITCH_TO_ONE_IMPLEMENTATION,,UNSCORED,Large visual/layout gap vs Stitch,none_detected,remaining,4
12272131183982732110,5a6728d97b674200823562bb015e10ed,P02 – Patient List – Desktop,DESKTOP,P02,/app/patients,views/activeclinic/app/patients-list-content.ejs,MULTIPLE_STITCH_TO_ONE_IMPLEMENTATION,,UNSCORED,Large visual/layout gap vs Stitch,none_detected,remaining,4
12272131183982732110,cd688e761cca43a1af299769014cb5f0,P02 – Patient Registration Success – Desktop,DESKTOP,P02,/app/patients,views/activeclinic/app/patient-success-content.ejs,MULTIPLE_STITCH_TO_ONE_IMPLEMENTATION,,UNSCORED,Large visual/layout gap vs Stitch,none_detected,remaining,4
12272131183982732110,3c113fe684604dfcaeb8f6b2c071a6ca,P02 – Print Patient Card Preview,DESKTOP,P02,/app/patients/:patientNumber/print-card,views/activeclinic/app/patient-print-card-content.ejs,EXACT_IMPLEMENTATION_MATCH,,UNSCORED,Printable patient card PDF/preview not implemented|no route,none_detected,remaining,4
12272131183982732110,fd009ceba70f40b2ae1755b94220c64b,P03 – Doctor Schedule – Desktop,DESKTOP,P03,/app/appointments/schedule,views/activeclinic/app/appointments-schedule-content.ejs,EXACT_IMPLEMENTATION_MATCH,,UNSCORED,Large visual/layout gap vs Stitch,none_detected,remaining,4
12272131183982732110,1fa99f4a358c47ffb858addae7095fe8,P03 – Queue Assignment – Desktop,DESKTOP,P03,/app/reception/queue/:entryId/assign,views/activeclinic/app/reception-queue-assign-content.ejs,EXACT_IMPLEMENTATION_MATCH,,UNSCORED,Large visual/layout gap vs Stitch,none_detected,remaining,4
12272131183982732110,bf9b846da6174bf995793b09e869cd30,P03 – Queue Stale Data Warning – Desktop,DESKTOP,P03,/app/reception/queue/:entryId,views/activeclinic/app/reception-queue-detail-content.ejs,EXACT_IMPLEMENTATION_MATCH,,UNSCORED,Large visual/layout gap vs Stitch,none_detected,remaining,4
12272131183982732110,969bbfbdf9634dbc8af598ec2277e92f,P04 – Create Laboratory Request,DESKTOP,P04,/app/clinical/encounter/:encounterId/order/lab,views/activeclinic/app/create-laboratory-request-content.ejs,EXACT_IMPLEMENTATION_MATCH,,UNSCORED,Large visual/layout gap vs Stitch,none_detected,remaining,4
12272131183982732110,ee9bf2322b924cd79e86619a4635f702,P04 – Create Prescription,DESKTOP,P04,/app/clinical/encounter/:encounterId/order/prescription,views/activeclinic/app/create-prescription-content.ejs,EXACT_IMPLEMENTATION_MATCH,,UNSCORED,Large visual/layout gap vs Stitch,none_detected,remaining,4
12272131183982732110,bc4ffd8f0e8c44f48f38cc15a069656a,P04 – Create Radiology Request,DESKTOP,P04,/app/clinical/encounter/:encounterId/order/radiology,views/activeclinic/app/create-radiology-request-content.ejs,EXACT_IMPLEMENTATION_MATCH,,UNSCORED,Large visual/layout gap vs Stitch,none_detected,remaining,4
12272131183982732110,e4d4e37c175a458d9004e1240395ba63,P05 – Dispense Prescription – Desktop,DESKTOP,P05,/app/pharmacy/prescriptions/:id/dispense,views/activeclinic/app/pharmacy-dispense-content.ejs,MULTIPLE_STITCH_TO_ONE_IMPLEMENTATION,,UNSCORED,Large visual/layout gap vs Stitch,none_detected,remaining,4
12272131183982732110,ace4f11562b24515866b40c5594a18e6,P05 – Dispense Prescription – Mobile,MOBILE,P05,/app/pharmacy/prescriptions/:id/dispense,views/activeclinic/app/pharmacy-dispense-content.ejs,MULTIPLE_STITCH_TO_ONE_IMPLEMENTATION,,UNSCORED,Large visual/layout gap vs Stitch,none_detected,remaining,4
12272131183982732110,6c0795f36aef4fe3b634dc350d230672,P05 – Medicine Batch Detail,DESKTOP,P05,/app/pharmacy/inventory/batches/:batchId,views/activeclinic/app/pharmacy-batch-detail-content.ejs,EXACT_IMPLEMENTATION_MATCH,,UNSCORED,No dedicated batch-detail route|receive-stock + dispense batch select only,none_detected,remaining,4
12272131183982732110,1f079e7d3f9c464c8754fa09a09f2626,P05 – Medicine Inventory – Desktop,DESKTOP,P05,/app/pharmacy/inventory,views/activeclinic/app/pharmacy-inventory-content.ejs,MULTIPLE_STITCH_TO_ONE_IMPLEMENTATION,,UNSCORED,Large visual/layout gap vs Stitch,none_detected,remaining,4
12272131183982732110,a0cb61de9f0f4eaa8d732d4cf143f090,P05 – Medicine Inventory – Mobile,MOBILE,P05,/app/pharmacy/inventory,views/activeclinic/app/pharmacy-inventory-content.ejs,MULTIPLE_STITCH_TO_ONE_IMPLEMENTATION,,UNSCORED,Large visual/layout gap vs Stitch,none_detected,remaining,4
12272131183982732110,e237cd030fb241deb15ed8eb0f4f895e,P05 – Medicine Substitution – Desktop,DESKTOP,P05,/app/pharmacy/prescriptions/:id/substitute,views/activeclinic/app/pharmacy-substitution-content.ejs,EXACT_IMPLEMENTATION_MATCH,,UNSCORED,Substitution workflow UI not implemented (schema fields only),none_detected,remaining,4
12272131183982732110,99d29d4a8b204031b068e2b94dfeb95b,P05 – Prescription Clinical Review – Desktop,DESKTOP,P05,/app/pharmacy/prescriptions/:id,views/activeclinic/app/pharmacy-prescription-detail-content.ejs,MULTIPLE_STITCH_TO_ONE_IMPLEMENTATION,,UNSCORED,Large visual/layout gap vs Stitch,none_detected,remaining,4
12272131183982732110,2da2d7b7cd734161a9f8257c2256c6f3,P05 – Prescription Detail – Desktop,DESKTOP,P05,/app/pharmacy/prescriptions/:id,views/activeclinic/app/pharmacy-prescription-detail-content.ejs,MULTIPLE_STITCH_TO_ONE_IMPLEMENTATION,,UNSCORED,Large visual/layout gap vs Stitch,none_detected,remaining,4
12272131183982732110,4f369d10d5654e68bf5a5c45d8ef7d78,P05 – Prescription Detail – Mobile,MOBILE,P05,/app/pharmacy/prescriptions/:id,views/activeclinic/app/pharmacy-prescription-detail-content.ejs,MULTIPLE_STITCH_TO_ONE_IMPLEMENTATION,,UNSCORED,Large visual/layout gap vs Stitch,none_detected,remaining,4
12272131183982732110,5472760fda8148cf8611564236ae2247,P05 – Prescription Queue – Desktop,DESKTOP,P05,/app/pharmacy/queue,views/activeclinic/app/pharmacy-prescription-queue-content.ejs,MULTIPLE_STITCH_TO_ONE_IMPLEMENTATION,,UNSCORED,Large visual/layout gap vs Stitch,none_detected,remaining,4
12272131183982732110,322c2b620c8e4b248fa5620881555d8b,P05 – Prescription Queue – Mobile,MOBILE,P05,/app/pharmacy/queue,views/activeclinic/app/pharmacy-prescription-queue-content.ejs,MULTIPLE_STITCH_TO_ONE_IMPLEMENTATION,,UNSCORED,Large visual/layout gap vs Stitch,none_detected,remaining,4
12272131183982732110,b62126b07af7488094221932b9046193,P05 – Print Medicine Labels,DESKTOP,P05,/app/pharmacy/prescriptions/:id/labels,views/activeclinic/app/pharmacy-medicine-labels-content.ejs,EXACT_IMPLEMENTATION_MATCH,,UNSCORED,Large visual/layout gap vs Stitch,none_detected,remaining,4
12272131183982732110,73c50eef2b10459793f12689cce27bb6,P06 – Specimen Collection – Desktop,DESKTOP,P06,/app/diagnostics/laboratory/request/:requestId/collect,views/activeclinic/app/diagnostics-specimen-collection-content.ejs,EXACT_IMPLEMENTATION_MATCH,,UNSCORED,Large visual/layout gap vs Stitch,none_detected,remaining,4
12272131183982732110,5018c7fabf324fcebfbac85d7048f19a,P06 – Specimen Receipt – Desktop,DESKTOP,P06,/app/diagnostics/laboratory/specimen/:specimenId/receive,views/activeclinic/app/diagnostics-specimen-receipt-content.ejs,EXACT_IMPLEMENTATION_MATCH,,UNSCORED,Large visual/layout gap vs Stitch,none_detected,remaining,4
12272131183982732110,b62c8afb0c59477d8bcfeaac7210987a,P06 – Specimen Rejected,DESKTOP,P06,/app/diagnostics/laboratory/specimen/:specimenId/reject,views/activeclinic/app/diagnostics-specimen-rejected-content.ejs,EXACT_IMPLEMENTATION_MATCH,,UNSCORED,Large visual/layout gap vs Stitch,none_detected,remaining,4
12272131183982732110,1829edeb5d1741be9b6ae68a219ef7cc,P07 – Accounts Receivable – Desktop,DESKTOP,P07,/app/billing/ar,views/activeclinic/app/billing-ar-content.ejs,EXACT_IMPLEMENTATION_MATCH,,UNSCORED,AR worklist not implemented,none_detected,remaining,4
12272131183982732110,be4481e8f31b459facf2294f73311181,P07 – Add Invoice Item,DESKTOP,P07,/app/billing/invoices/:invoiceId/items/new,views/activeclinic/app/billing-invoice-add-item-content.ejs,EXACT_IMPLEMENTATION_MATCH,,UNSCORED,Large visual/layout gap vs Stitch,none_detected,remaining,4
12272131183982732110,764d9a2a5a634150babb4daa1d6ebf13,P07 – Add Service – Desktop,DESKTOP,P07,/app/billing/catalog/new,views/activeclinic/app/billing-catalog-form-content.ejs,MULTIPLE_STITCH_TO_ONE_IMPLEMENTATION,,UNSCORED,Large visual/layout gap vs Stitch,none_detected,remaining,4
12272131183982732110,954a9269255245dd9c6e375f8cbdd93b,P07 – Automatic Charge Review,DESKTOP,P07,/app/billing/charges/review,views/activeclinic/app/billing-charge-review-content.ejs,EXACT_IMPLEMENTATION_MATCH,,UNSCORED,Automatic charge review UI not implemented,none_detected,remaining,4
12272131183982732110,f23ef64e307b44f780a19817ac04ebda,P07 – Bank Transfer Payment – Mobile,MOBILE,P07,/app/cashier/payment,views/activeclinic/app/cashier-payment-content.ejs,MULTIPLE_STITCH_TO_ONE_IMPLEMENTATION,,UNSCORED,Large visual/layout gap vs Stitch,none_detected,remaining,4
12272131183982732110,61922a4c2823426b8bcdc1f236c4072b,P07 – Card Payment – Desktop,DESKTOP,P07,/app/cashier/payment,views/activeclinic/app/cashier-payment-content.ejs,MULTIPLE_STITCH_TO_ONE_IMPLEMENTATION,,UNSCORED,Large visual/layout gap vs Stitch,none_detected,remaining,4
12272131183982732110,2d81fb326b6644bbb11cabd7a8156e6e,P07 – Cash Payment – Desktop,DESKTOP,P07,/app/cashier/payment,views/activeclinic/app/cashier-payment-content.ejs,MULTIPLE_STITCH_TO_ONE_IMPLEMENTATION,,UNSCORED,Large visual/layout gap vs Stitch,none_detected,remaining,4
12272131183982732110,3c8ce685b0d14b74a04e1127e341f004,P07 – Cash Payment – Mobile,MOBILE,P07,/app/cashier/payment,views/activeclinic/app/cashier-payment-content.ejs,MULTIPLE_STITCH_TO_ONE_IMPLEMENTATION,,UNSCORED,Large visual/layout gap vs Stitch,none_detected,remaining,4
12272131183982732110,16318693e2874e79a8463d91c6ba63ad,P07 – Collections Work Queue – Desktop,DESKTOP,P07,/app/billing/collections,views/activeclinic/app/billing-collections-content.ejs,EXACT_IMPLEMENTATION_MATCH,,UNSCORED,Large visual/layout gap vs Stitch,none_detected,remaining,4
12272131183982732110,513301ae28e1423ab7431e299cf45eee,P07 – Contact Patient for Payment – Desktop,DESKTOP,P07,/app/billing/collections/contact,views/activeclinic/app/billing-collections-contact-content.ejs,EXACT_IMPLEMENTATION_MATCH,,UNSCORED,Large visual/layout gap vs Stitch,none_detected,remaining,4
12272131183982732110,08ed6ee0d02447bca5e94698080bca4f,P07 – Create Invoice – Desktop,DESKTOP,P07,/app/billing/invoices/new,views/activeclinic/app/billing-invoice-create-content.ejs,EXACT_IMPLEMENTATION_MATCH,,UNSCORED,Large visual/layout gap vs Stitch,none_detected,remaining,4
12272131183982732110,92b97e715c6f4c308e61d3b39d66a1e9,P07 – Credit Note – Desktop,DESKTOP,P07,/app/billing/credit-notes,views/activeclinic/app/billing-credit-notes-content.ejs,ONE_STITCH_TO_MULTIPLE_IMPLEMENTATIONS,,UNSCORED,Credit note documents not implemented,none_detected,remaining,4
12272131183982732110,0f1fd946c97a48f99d34bd6ce8c8173c,P07 – Deposit Payment – Desktop,DESKTOP,P07,/app/cashier/payment,views/activeclinic/app/cashier-payment-content.ejs,MULTIPLE_STITCH_TO_ONE_IMPLEMENTATION,,UNSCORED,Large visual/layout gap vs Stitch,none_detected,remaining,4
12272131183982732110,319d7fca2acb45a38432aa40a2e7cf30,P07 – Finalise Invoice,DESKTOP,P07,/app/billing/invoices/:invoiceId,views/activeclinic/app/billing-invoice-detail-content.ejs,MULTIPLE_STITCH_TO_ONE_IMPLEMENTATION,,UNSCORED,Large visual/layout gap vs Stitch,none_detected,remaining,4
12272131183982732110,54163d0beee74c29990bd83b77480af5,P07 – Financial Correction History,DESKTOP,P07,/app/billing/corrections,views/activeclinic/app/billing-corrections-content.ejs,MULTIPLE_STITCH_TO_ONE_IMPLEMENTATION,,UNSCORED,Correction history list not implemented (void/amend exist per invoice),none_detected,remaining,4
12272131183982732110,a21d364d62f04c78ac8477971377eca9,P07 – Financial Correction History – Mobile,MOBILE,P07,/app/billing/corrections,views/activeclinic/app/billing-corrections-content.ejs,MULTIPLE_STITCH_TO_ONE_IMPLEMENTATION,,UNSCORED,Correction history list not implemented (void/amend exist per invoice),none_detected,remaining,4
12272131183982732110,5bde2c1a3d954ec396679abc3888abe5,P07 – Invoice Amendment,DESKTOP,P07,/app/billing/invoices/:invoiceId/amend,views/activeclinic/app/billing-invoice-amend-content.ejs,MULTIPLE_STITCH_TO_ONE_IMPLEMENTATION,,UNSCORED,Large visual/layout gap vs Stitch,none_detected,remaining,4
12272131183982732110,92af580dd9db4a3ea5734523b72287ba,P07 – Invoice Amendment Review – Desktop,DESKTOP,P07,/app/billing/invoices/:invoiceId/amend,views/activeclinic/app/billing-invoice-amend-content.ejs,MULTIPLE_STITCH_TO_ONE_IMPLEMENTATION,,UNSCORED,Large visual/layout gap vs Stitch,none_detected,remaining,4
12272131183982732110,b1a8b1855b9b4e268cd42359707d292e,P07 – Invoice Error State,DESKTOP,P07,/app/billing/invoices/:invoiceId/error,views/activeclinic/app/billing-invoice-error-content.ejs,EXACT_IMPLEMENTATION_MATCH,,UNSCORED,Large visual/layout gap vs Stitch,none_detected,remaining,4
12272131183982732110,06e7e10102184cc5a047e6d594f22fc2,P07 – Invoice History,DESKTOP,P07,/app/billing/invoices,views/activeclinic/app/billing-invoice-list-content.ejs,MULTIPLE_STITCH_TO_ONE_IMPLEMENTATION,,UNSCORED,Large visual/layout gap vs Stitch,none_detected,remaining,4
12272131183982732110,c479c86234b840419e821c2c48329f4e,P07 – Invoice List – Desktop,DESKTOP,P07,/app/billing/invoices,views/activeclinic/app/billing-invoice-list-content.ejs,MULTIPLE_STITCH_TO_ONE_IMPLEMENTATION,,UNSCORED,Large visual/layout gap vs Stitch,none_detected,remaining,4
12272131183982732110,40fcc3c9e03e42a68e2cadbd5c1a7685,P07 – Invoice List – Mobile,MOBILE,P07,/app/billing/invoices,views/activeclinic/app/billing-invoice-list-content.ejs,MULTIPLE_STITCH_TO_ONE_IMPLEMENTATION,,UNSCORED,Large visual/layout gap vs Stitch,none_detected,remaining,4
12272131183982732110,713f3ebe920240c1a647af277278eb2f,P07 – Invoice Review – Desktop,DESKTOP,P07,/app/billing/invoices/:invoiceId,views/activeclinic/app/billing-invoice-detail-content.ejs,MULTIPLE_STITCH_TO_ONE_IMPLEMENTATION,,UNSCORED,Large visual/layout gap vs Stitch,none_detected,remaining,4
12272131183982732110,2b3c2c4ef6ac4ee48a789d3a527fe9ec,P07 – Mobile Money Payment – Desktop,DESKTOP,P07,/app/cashier/payment,views/activeclinic/app/cashier-payment-content.ejs,MULTIPLE_STITCH_TO_ONE_IMPLEMENTATION,,UNSCORED,Large visual/layout gap vs Stitch,none_detected,remaining,4
12272131183982732110,480e2d80a9f24f26b69b806d531fa913,P07 – Mobile Money Payment – Mobile,MOBILE,P07,/app/cashier/payment,views/activeclinic/app/cashier-payment-content.ejs,MULTIPLE_STITCH_TO_ONE_IMPLEMENTATION,,UNSCORED,Large visual/layout gap vs Stitch,none_detected,remaining,4
12272131183982732110,9f422c33e30c450e9502126ba4012585,P07 – Patient Invoice – Desktop,DESKTOP,P07,/app/billing/invoices/:invoiceId,views/activeclinic/app/billing-invoice-detail-content.ejs,MULTIPLE_STITCH_TO_ONE_IMPLEMENTATION,,UNSCORED,Large visual/layout gap vs Stitch,none_detected,remaining,4
12272131183982732110,02e1c1976d844c2cac63682e1853fa46,P07 – Payment Arrangement,DESKTOP,P07,/app/billing/arrangements,views/activeclinic/app/billing-arrangements-content.ejs,ONE_STITCH_TO_MULTIPLE_IMPLEMENTATIONS,,UNSCORED,Large visual/layout gap vs Stitch,none_detected,remaining,4
12272131183982732110,2a0ae995f3e140da863e5aede4b2e71f,P07 – Payment Arrangement Review,DESKTOP,P07,/app/billing/arrangements/:id,views/activeclinic/app/billing-arrangement-review-content.ejs,EXACT_IMPLEMENTATION_MATCH,,UNSCORED,Large visual/layout gap vs Stitch,none_detected,remaining,4
12272131183982732110,bda1fbd1f6f441dba26719f451ee53de,P07 – Payment Completed – Desktop,DESKTOP,P07,/app/cashier/payment/completed,views/activeclinic/app/cashier-payment-completed-content.ejs,EXACT_IMPLEMENTATION_MATCH,,UNSCORED,Large visual/layout gap vs Stitch,none_detected,remaining,4
12272131183982732110,45929cd32480420aaa5788be86e183f9,P07 – Payment History – Desktop,DESKTOP,P07,/app/billing/payments/history,views/activeclinic/app/billing-payment-history-content.ejs,EXACT_IMPLEMENTATION_MATCH,,UNSCORED,Large visual/layout gap vs Stitch,none_detected,remaining,4
12272131183982732110,2665942082b4428dbcabf3ff3a40ec60,P07 – Payment Reversal Request,DESKTOP,P07,/app/cashier/reversals/request,views/activeclinic/app/cashier-reversal-request-content.ejs,EXACT_IMPLEMENTATION_MATCH,,UNSCORED,Large visual/layout gap vs Stitch,none_detected,remaining,4
12272131183982732110,027b12b482934ef1a6f5dee02c888d26,P07 – Payment Reversal Review – Desktop,DESKTOP,P07,/app/cashier/reversals/:reversalId/review,views/activeclinic/app/cashier-reversal-review-content.ejs,EXACT_IMPLEMENTATION_MATCH,,UNSCORED,Large visual/layout gap vs Stitch,none_detected,remaining,4
12272131183982732110,89ce6798cbca4723ae20aa61225411b2,P07 – Payment Review – Desktop,DESKTOP,P07,/app/cashier/payment,views/activeclinic/app/cashier-payment-content.ejs,MULTIPLE_STITCH_TO_ONE_IMPLEMENTATION,,UNSCORED,Large visual/layout gap vs Stitch,none_detected,remaining,4
12272131183982732110,a953a043598945fdab38285c7dab7206,P07 – Price Override Approval,DESKTOP,P07,/app/billing/price-overrides,views/activeclinic/app/billing-price-overrides-content.ejs,ONE_STITCH_TO_MULTIPLE_IMPLEMENTATIONS,,UNSCORED,Price override approval UI not implemented (permission only),none_detected,remaining,4
12272131183982732110,666806c4ea194d478e3baf2b7876950c,P07 – Print Patient Account Statement,DESKTOP,P07,/app/billing/patients/:patientNumber/statement,views/activeclinic/app/billing-statement-content.ejs,EXACT_IMPLEMENTATION_MATCH,,UNSCORED,Account statement print not implemented,none_detected,remaining,4
12272131183982732110,914eee2a18f64fac81d2f0f69adc0cc8,P07 – Print Receipt,DESKTOP,P07,/app/cashier/receipt/:receiptNumber,views/activeclinic/app/cashier-receipt-content.ejs,EXACT_IMPLEMENTATION_MATCH,,UNSCORED,Large visual/layout gap vs Stitch,none_detected,remaining,4
12272131183982732110,244dc0c45a23434bb2747468a699167b,P07 – Print Refund Receipt,DESKTOP,P07,/app/cashier/refunds/:refundId/receipt,views/activeclinic/app/cashier-refund-receipt-content.ejs,EXACT_IMPLEMENTATION_MATCH,,UNSCORED,Large visual/layout gap vs Stitch,none_detected,remaining,4
12272131183982732110,a9654729a9a44e17832910a41f0154de,P07 – Record Payment – Desktop,DESKTOP,P07,/app/cashier/payment,views/activeclinic/app/cashier-payment-content.ejs,MULTIPLE_STITCH_TO_ONE_IMPLEMENTATION,,UNSCORED,Large visual/layout gap vs Stitch,none_detected,remaining,4
12272131183982732110,8ca889a31c4e4ec1858c4dd4efc62731,P07 – Record Payment – Mobile,MOBILE,P07,/app/cashier/payment,views/activeclinic/app/cashier-payment-content.ejs,MULTIPLE_STITCH_TO_ONE_IMPLEMENTATION,,UNSCORED,Large visual/layout gap vs Stitch,none_detected,remaining,4
12272131183982732110,d8f3108dfcda4ab9bf58472786d0484c,P07 – Refund Approval – Desktop,DESKTOP,P07,/app/cashier/refunds/:refundId/review,views/activeclinic/app/cashier-refund-review-content.ejs,MULTIPLE_STITCH_TO_ONE_IMPLEMENTATION,,UNSCORED,Refund is cashier POST only|no approval workflow,none_detected,remaining,4
12272131183982732110,e52271b7be804e0ea95c825be9f977bd,P07 – Refund Completed – Desktop,DESKTOP,P07,/app/cashier/refunds/:refundId/completed,views/activeclinic/app/cashier-refund-completed-content.ejs,EXACT_IMPLEMENTATION_MATCH,,UNSCORED,No dedicated refund completed screen,none_detected,remaining,4
12272131183982732110,b76f80fb0d164501b8108bea91813385,P07 – Refund Rejected,DESKTOP,P07,/app/cashier/refunds/:refundId/rejected,views/activeclinic/app/cashier-refund-rejected-content.ejs,EXACT_IMPLEMENTATION_MATCH,,UNSCORED,No refund rejection workflow,none_detected,remaining,4
12272131183982732110,685fb829c50a45af995772909fb49fb7,P07 – Refund Request – Desktop,DESKTOP,P07,/app/cashier/refunds/request,views/activeclinic/app/cashier-refund-request-content.ejs,EXACT_IMPLEMENTATION_MATCH,,UNSCORED,No refund request screen (POST refund only),none_detected,remaining,4
12272131183982732110,8461f1792a7a41209ae2abfe44db7b6a,P07 – Refund Request – Mobile,MOBILE,P07,/app/cashier/refunds/request,views/activeclinic/app/cashier-refund-request-content.ejs,MULTIPLE_STITCH_TO_ONE_IMPLEMENTATION,,UNSCORED,No refund request screen (POST refund only),none_detected,remaining,4
12272131183982732110,438b1bb01f534492850ee8cb1253fcfe,P07 – Refund Review – Desktop,DESKTOP,P07,/app/cashier/refunds/:refundId/review,views/activeclinic/app/cashier-refund-review-content.ejs,EXACT_IMPLEMENTATION_MATCH,,UNSCORED,No refund review screen,none_detected,remaining,4
12272131183982732110,08921cb100ab462d8ec08c007f1bd895,P07 – Revenue Reports – Desktop,DESKTOP,P07,/app/billing/reports/revenue,views/activeclinic/app/billing-revenue-report-content.ejs,EXACT_IMPLEMENTATION_MATCH,,UNSCORED,Revenue reports not implemented,none_detected,remaining,4
12272131183982732110,550a52476c254e258d58737fc1184bb6,P07 – Revenue Reports – Detailed,DESKTOP,P07,/app/billing/reports/revenue/detailed,views/activeclinic/app/billing-revenue-report-detailed-content.ejs,EXACT_IMPLEMENTATION_MATCH,,UNSCORED,Revenue reports not implemented,none_detected,remaining,4
12272131183982732110,4ca894f70d6646eca246847cd8c39d6a,P07 – Service Catalogue – Desktop,DESKTOP,P07,/app/billing/catalog,views/activeclinic/app/billing-catalog-content.ejs,MULTIPLE_STITCH_TO_ONE_IMPLEMENTATION,,UNSCORED,Large visual/layout gap vs Stitch,none_detected,remaining,4
12272131183982732110,d5eb57a8319c4130be473f8dd23851d6,P07 – Service Detail – Desktop,DESKTOP,P07,/app/billing/catalog/:catalogItemId,views/activeclinic/app/billing-catalog-detail-content.ejs,EXACT_IMPLEMENTATION_MATCH,,UNSCORED,Large visual/layout gap vs Stitch,none_detected,remaining,4
12272131183982732110,bb0a290730a44a108be9295a76478785,P07 – Split Payment – Desktop,DESKTOP,P07,/app/cashier/payment,views/activeclinic/app/cashier-payment-content.ejs,MULTIPLE_STITCH_TO_ONE_IMPLEMENTATION,,UNSCORED,Large visual/layout gap vs Stitch,none_detected,remaining,4
12272131183982732110,defb5bc8233046a4b9b1e86ebe740d1d,P07 – Unpaid Invoices – Desktop,DESKTOP,P07,/app/billing/invoices,views/activeclinic/app/billing-invoice-list-content.ejs,MULTIPLE_STITCH_TO_ONE_IMPLEMENTATION,,UNSCORED,Large visual/layout gap vs Stitch,none_detected,remaining,4
12272131183982732110,9c5a3f10f1cb44e983af2a7c36403e3d,P07 – Unpaid Invoices – Mobile,MOBILE,P07,/app/billing/invoices,views/activeclinic/app/billing-invoice-list-content.ejs,MULTIPLE_STITCH_TO_ONE_IMPLEMENTATION,,UNSCORED,Large visual/layout gap vs Stitch,none_detected,remaining,4
12272131183982732110,e132749f634c4fff818acf3f8e21c361,P13 – Active Sessions – Desktop,DESKTOP,P13,/app/settings/account/sessions,views/activeclinic/app/settings-account-sessions-content.ejs,EXACT_IMPLEMENTATION_MATCH,,UNSCORED,Admin can revoke sessions|no staff-facing session list UI,none_detected,remaining,4
17813606734422395399,5b3a0cccbc224b388752747847c0749a,P22 - Demo Clinic - Booking Entry - Desktop,DESKTOP,P22,/clinics/:clinicKey/book,views/activeclinic/booking/consultation-type.ejs,MULTIPLE_STITCH_TO_ONE_IMPLEMENTATION,,UNSCORED,Canonical: /clinics/:key/book (appointment-entry),none_detected,remaining,4
17813606734422395399,f18d2b7bea004db492c5f0cc45d0743e,P22 - Demo Clinic - Booking Entry - Mobile,MOBILE,P22,/clinics/:clinicKey/book,views/activeclinic/booking/consultation-type.ejs,MULTIPLE_STITCH_TO_ONE_IMPLEMENTATION,,UNSCORED,Canonical: /clinics/:key/book (appointment-entry),none_detected,remaining,4
17813606734422395399,0d9f0a8244804859b12ffd7dee972754,P22 - Demo Clinic - Home - Desktop,DESKTOP,P22,/clinics/:clinicKey,views/activeclinic/tenant/home.ejs,MULTIPLE_STITCH_TO_ONE_IMPLEMENTATION,,UNSCORED,Shares tenant home template,none_detected,remaining,4
17813606734422395399,2ac5e52f18bc40b187603880f1175f89,P22 - Demo Clinic - Home - Mobile,MOBILE,P22,/clinics/:clinicKey,views/activeclinic/tenant/home.ejs,MULTIPLE_STITCH_TO_ONE_IMPLEMENTATION,,UNSCORED,Shares tenant home template,none_detected,remaining,4
17813606734422395399,47005f4888bc4e099a990fd65a6b8962,P23 - Juflona Public - Consultation Service Detail - Desktop,DESKTOP,P23,/clinics/:clinicKey/services/:serviceKey,views/activeclinic/tenant/service-detail.ejs,MULTIPLE_STITCH_TO_ONE_IMPLEMENTATION,,UNSCORED,Cards restyled|pricing still sparse,none_detected,remaining,4
17813606734422395399,75e6b6a7fbba46018ee8aab976f72d23,P23 - Juflona Public - Doctor Profile - Desktop,DESKTOP,P23,/clinics/:clinicKey/doctors/:staffKey,views/activeclinic/tenant/doctor-profile.ejs,MULTIPLE_STITCH_TO_ONE_IMPLEMENTATION,,UNSCORED,Cards restyled|pricing still sparse,none_detected,remaining,4
17813606734422395399,cf33b64cfa39421893a4413422a4e13a,P23 - Juflona Public - Informational Service Detail - Desktop,DESKTOP,P23,/clinics/:clinicKey/services/:serviceKey,views/activeclinic/tenant/service-detail.ejs,MULTIPLE_STITCH_TO_ONE_IMPLEMENTATION,,UNSCORED,Cards restyled|pricing still sparse,none_detected,remaining,4
17813606734422395399,3b7d3c9f3808441a8965c43b86c4ba44,P23 - Juflona Public - Services - Desktop,DESKTOP,P23,/clinics/:clinicKey/services,views/activeclinic/tenant/services.ejs,MULTIPLE_STITCH_TO_ONE_IMPLEMENTATION,,UNSCORED,Cards restyled|pricing still sparse,none_detected,remaining,4
17813606734422395399,e879dd50e2d64f6b93aa807efbdd1775,P24 - Juflona Booking - Appointment Entry - Desktop,DESKTOP,P24,/clinics/:clinicKey/book,views/activeclinic/booking/appointment-entry.ejs,MULTIPLE_STITCH_TO_ONE_IMPLEMENTATION,,UNSCORED,Pass2: legacy entry path|wizard is primary,none_detected,remaining,4
17813606734422395399,32812bec1d384d2ab5c9821f6865e85a,P24 - Juflona Booking - Choose Slot - Desktop,DESKTOP,P24,/clinics/:clinicKey/book/slot,views/activeclinic/booking/consultation-slot.ejs,MULTIPLE_STITCH_TO_ONE_IMPLEMENTATION,,UNSCORED,Pass2: slot form in booking shell|PRODUCT_DECISION_DIFFERENCE: datetime preference vs live slot grid,none_detected,remaining,4
17813606734422395399,ffc4c24bcadd4b919bdb573d7d06681c,P25 - Juflona Booking - Procedure Mobile Summary Pattern - Mobile,MOBILE,P25,/clinics/:clinicKey/book/procedures/:procedureKey,views/activeclinic/partials/booking-summary.ejs,MULTIPLE_STITCH_TO_ONE_IMPLEMENTATION,,UNSCORED,Pattern/reference only,none_detected,remaining,4
17813606734422395399,82a454047e064592b763896f815aa721,P25 - Juflona Booking - Procedure Progress Patterns - Desktop,DESKTOP,P25,/clinics/:clinicKey/book/procedures/:procedureKey,views/activeclinic/partials/booking-wizard-progress.ejs,MULTIPLE_STITCH_TO_ONE_IMPLEMENTATION,,UNSCORED,Pattern/reference only,none_detected,remaining,4
17813606734422395399,9a4b08f02d2b4cc990eab7b16b4202aa,P25 - Juflona Booking - Procedure SMS States - Mobile,MOBILE,P25,/clinics/:clinicKey/book/procedures/:procedureKey,views/activeclinic/partials/sms-honesty-note.ejs,MULTIPLE_STITCH_TO_ONE_IMPLEMENTATION,,UNSCORED,Pattern/reference only,none_detected,remaining,4
17813606734422395399,e1a9a3b347b74171848d5639eaf48694,P26 - Juflona Booking - Booking Activity Pattern - Desktop,DESKTOP,P26,/clinics/:clinicKey/my-booking,views/activeclinic/booking/my-booking-detail.ejs,MULTIPLE_STITCH_TO_ONE_IMPLEMENTATION,,UNSCORED,Canonical: my-booking-detail status banners,none_detected,remaining,4
17813606734422395399,8f9a5650ff3d4f7482de4f82bcee597b,P26 - Juflona Booking - Mobile Booking Summary Pattern - Mobile,MOBILE,P26,/clinics/:clinicKey/my-booking,views/activeclinic/booking/my-booking-detail.ejs,MULTIPLE_STITCH_TO_ONE_IMPLEMENTATION,,UNSCORED,Canonical: partials/booking-summary.ejs + mobile sticky actions,none_detected,remaining,4
